Fecha;Mes;Año;Dia de la semana;HoraFormato;Consumida Kwh;Reactiva inductiva consumida kVARh;id_periodo_tarifario;HoraNum
2024-01-01;1;2024;lunes;00:00:00;1;0;3;0
2024-01-01;1;2024;lunes;01:00;0;0;3;1
2024-01-01;1;2024;lunes;02:00;0;0;3;2
2024-01-01;1;2024;lunes;03:00;0;0;3;3
2024-01-01;1;2024;lunes;04:00;0;0;3;4
2024-01-01;1;2024;lunes;05:00;0;0;3;5
2024-01-01;1;2024;lunes;06:00;0;0;3;6
2024-01-01;1;2024;lunes;07:00;2;2;3;7
2024-01-01;1;2024;lunes;08:00;5;6;3;8
2024-01-01;1;2024;lunes;09:00;2;0;3;9
2024-01-01;1;2024;lunes;10:00;0;0;3;10
2024-01-01;1;2024;lunes;11:00;1;0;3;11
2024-01-01;1;2024;lunes;12:00;3;0;3;12
2024-01-01;1;2024;lunes;13:00;3;0;3;13
2024-01-01;1;2024;lunes;14:00;0;0;3;14
2024-01-01;1;2024;lunes;15:00;1;0;3;15
2024-01-01;1;2024;lunes;16:00;0;0;3;16
2024-01-01;1;2024;lunes;17:00;0;0;3;17
2024-01-01;1;2024;lunes;18:00;1;1;3;18
2024-01-01;1;2024;lunes;19:00;2;2;3;19
2024-01-01;1;2024;lunes;20:00;5;5;3;20
2024-01-01;1;2024;lunes;21:00;1;0;3;21
2024-01-01;1;2024;lunes;22:00;1;0;3;22
2024-01-01;1;2024;lunes;23:00;0;0;3;23
2024-01-02;1;2024;martes;00:00:00;0;1;3;0
2024-01-02;1;2024;martes;01:00;0;0;3;1
2024-01-02;1;2024;martes;02:00;0;0;3;2
2024-01-02;1;2024;martes;03:00;0;0;3;3
2024-01-02;1;2024;martes;04:00;0;0;3;4
2024-01-02;1;2024;martes;05:00;0;0;3;5
2024-01-02;1;2024;martes;06:00;0;0;3;6
2024-01-02;1;2024;martes;07:00;3;4;3;7
2024-01-02;1;2024;martes;08:00;4;3;2;8
2024-01-02;1;2024;martes;09:00;2;1;2;9
2024-01-02;1;2024;martes;10:00;0;0;1;10
2024-01-02;1;2024;martes;11:00;1;2;1;11
2024-01-02;1;2024;martes;12:00;7;7;1;12
2024-01-02;1;2024;martes;13:00;2;0;1;13
2024-01-02;1;2024;martes;14:00;0;0;2;14
2024-01-02;1;2024;martes;15:00;1;0;2;15
2024-01-02;1;2024;martes;16:00;0;0;2;16
2024-01-02;1;2024;martes;17:00;0;0;2;17
2024-01-02;1;2024;martes;18:00;0;0;1;18
2024-01-02;1;2024;martes;19:00;3;4;1;19
2024-01-02;1;2024;martes;20:00;4;4;1;20
2024-01-02;1;2024;martes;21:00;1;1;1;21
2024-01-02;1;2024;martes;22:00;2;0;2;22
2024-01-02;1;2024;martes;23:00;1;0;2;23
2024-01-03;1;2024;miércoles;00:00:00;0;0;3;0
2024-01-03;1;2024;miércoles;01:00;0;0;3;1
2024-01-03;1;2024;miércoles;02:00;0;0;3;2
2024-01-03;1;2024;miércoles;03:00;0;0;3;3
2024-01-03;1;2024;miércoles;04:00;1;0;3;4
2024-01-03;1;2024;miércoles;05:00;0;0;3;5
2024-01-03;1;2024;miércoles;06:00;0;0;3;6
2024-01-03;1;2024;miércoles;07:00;3;2;3;7
2024-01-03;1;2024;miércoles;08:00;5;6;2;8
2024-01-03;1;2024;miércoles;09:00;1;0;2;9
2024-01-03;1;2024;miércoles;10:00;0;0;1;10
2024-01-03;1;2024;miércoles;11:00;0;0;1;11
2024-01-03;1;2024;miércoles;12:00;3;2;1;12
2024-01-03;1;2024;miércoles;13:00;3;2.5;1;13
2024-01-03;1;2024;miércoles;14:00;1.626;1.016;2;14
2024-01-03;1;2024;miércoles;15:00;1;0;2;15
2024-01-03;1;2024;miércoles;16:00;0;0;2;16
2024-01-03;1;2024;miércoles;17:00;0;0;2;17
2024-01-03;1;2024;miércoles;18:00;0;0;1;18
2024-01-03;1;2024;miércoles;19:00;2;2;1;19
2024-01-03;1;2024;miércoles;20:00;4;5;1;20
2024-01-03;1;2024;miércoles;21:00;0;0;1;21
2024-01-03;1;2024;miércoles;22:00;1;0;2;22
2024-01-03;1;2024;miércoles;23:00;0;0;2;23
2024-01-04;1;2024;jueves;00:00:00;0;0;3;0
2024-01-04;1;2024;jueves;01:00;0;0;3;1
2024-01-04;1;2024;jueves;02:00;0;0;3;2
2024-01-04;1;2024;jueves;03:00;0;0;3;3
2024-01-04;1;2024;jueves;04:00;0;0;3;4
2024-01-04;1;2024;jueves;05:00;0;0;3;5
2024-01-04;1;2024;jueves;06:00;0;0;3;6
2024-01-04;1;2024;jueves;07:00;3;4;3;7
2024-01-04;1;2024;jueves;08:00;5;5;2;8
2024-01-04;1;2024;jueves;09:00;2;0;2;9
2024-01-04;1;2024;jueves;10:00;2;0;1;10
2024-01-04;1;2024;jueves;11:00;0;0;1;11
2024-01-04;1;2024;jueves;12:00;0;0;1;12
2024-01-04;1;2024;jueves;13:00;1;0;1;13
2024-01-04;1;2024;jueves;14:00;4;4;2;14
2024-01-04;1;2024;jueves;15:00;0;1;2;15
2024-01-04;1;2024;jueves;16:00;1;0;2;16
2024-01-04;1;2024;jueves;17:00;0;0;2;17
2024-01-04;1;2024;jueves;18:00;0;0;1;18
2024-01-04;1;2024;jueves;19:00;2;2;1;19
2024-01-04;1;2024;jueves;20:00;4;5;1;20
2024-01-04;1;2024;jueves;21:00;1;1;1;21
2024-01-04;1;2024;jueves;22:00;1;0;2;22
2024-01-04;1;2024;jueves;23:00;0;0;2;23
2024-01-05;1;2024;viernes;00:00:00;0;0;3;0
2024-01-05;1;2024;viernes;01:00;0;0;3;1
2024-01-05;1;2024;viernes;02:00;0;0;3;2
2024-01-05;1;2024;viernes;03:00;0;0;3;3
2024-01-05;1;2024;viernes;04:00;0;0;3;4
2024-01-05;1;2024;viernes;05:00;0;0;3;5
2024-01-05;1;2024;viernes;06:00;0;0;3;6
2024-01-05;1;2024;viernes;07:00;4;5;3;7
2024-01-05;1;2024;viernes;08:00;4;4;2;8
2024-01-05;1;2024;viernes;09:00;2;0;2;9
2024-01-05;1;2024;viernes;10:00;0;0;1;10
2024-01-05;1;2024;viernes;11:00;0;1;1;11
2024-01-05;1;2024;viernes;12:00;4;1;1;12
2024-01-05;1;2024;viernes;13:00;3;0;1;13
2024-01-05;1;2024;viernes;14:00;1;1;2;14
2024-01-05;1;2024;viernes;15:00;0;0;2;15
2024-01-05;1;2024;viernes;16:00;1;1;2;16
2024-01-05;1;2024;viernes;17:00;0;0;2;17
2024-01-05;1;2024;viernes;18:00;1;0;1;18
2024-01-05;1;2024;viernes;19:00;4;1;1;19
2024-01-05;1;2024;viernes;20:00;6;6;1;20
2024-01-05;1;2024;viernes;21:00;3;1;1;21
2024-01-05;1;2024;viernes;22:00;0;0;2;22
2024-01-05;1;2024;viernes;23:00;0;0;2;23
2024-01-06;1;2024;sábado;00:00:00;0;0;3;0
2024-01-06;1;2024;sábado;01:00;0;0;3;1
2024-01-06;1;2024;sábado;02:00;0;0;3;2
2024-01-06;1;2024;sábado;03:00;1;0;3;3
2024-01-06;1;2024;sábado;04:00;0;0;3;4
2024-01-06;1;2024;sábado;05:00;0;0;3;5
2024-01-06;1;2024;sábado;06:00;0;0;3;6
2024-01-06;1;2024;sábado;07:00;3;4;3;7
2024-01-06;1;2024;sábado;08:00;5;3;3;8
2024-01-06;1;2024;sábado;09:00;2;1;3;9
2024-01-06;1;2024;sábado;10:00;0;0;3;10
2024-01-06;1;2024;sábado;11:00;4;4;3;11
2024-01-06;1;2024;sábado;12:00;3;2;3;12
2024-01-06;1;2024;sábado;13:00;0;0;3;13
2024-01-06;1;2024;sábado;14:00;0;0;3;14
2024-01-06;1;2024;sábado;15:00;0;0;3;15
2024-01-06;1;2024;sábado;16:00;1;0;3;16
2024-01-06;1;2024;sábado;17:00;0;0;3;17
2024-01-06;1;2024;sábado;18:00;0;0;3;18
2024-01-06;1;2024;sábado;19:00;3;4;3;19
2024-01-06;1;2024;sábado;20:00;4;4;3;20
2024-01-06;1;2024;sábado;21:00;0;0;3;21
2024-01-06;1;2024;sábado;22:00;0;0;3;22
2024-01-06;1;2024;sábado;23:00;0;0;3;23
2024-01-07;1;2024;domingo;00:00:00;0;0;3;0
2024-01-07;1;2024;domingo;01:00;0;0;3;1
2024-01-07;1;2024;domingo;02:00;0;0;3;2
2024-01-07;1;2024;domingo;03:00;0;0;3;3
2024-01-07;1;2024;domingo;04:00;0;0;3;4
2024-01-07;1;2024;domingo;05:00;1;0;3;5
2024-01-07;1;2024;domingo;06:00;0;0;3;6
2024-01-07;1;2024;domingo;07:00;2;3;3;7
2024-01-07;1;2024;domingo;08:00;4;4;3;8
2024-01-07;1;2024;domingo;09:00;2;0;3;9
2024-01-07;1;2024;domingo;10:00;1;1;3;10
2024-01-07;1;2024;domingo;11:00;0;0;3;11
2024-01-07;1;2024;domingo;12:00;2;0;3;12
2024-01-07;1;2024;domingo;13:00;1;1;3;13
2024-01-07;1;2024;domingo;14:00;2;0;3;14
2024-01-07;1;2024;domingo;15:00;0;0;3;15
2024-01-07;1;2024;domingo;16:00;0;0;3;16
2024-01-07;1;2024;domingo;17:00;1;0;3;17
2024-01-07;1;2024;domingo;18:00;0;0;3;18
2024-01-07;1;2024;domingo;19:00;2;2;3;19
2024-01-07;1;2024;domingo;20:00;4;5;3;20
2024-01-07;1;2024;domingo;21:00;0;0;3;21
2024-01-07;1;2024;domingo;22:00;1;0;3;22
2024-01-07;1;2024;domingo;23:00;0;0;3;23
2024-01-08;1;2024;lunes;00:00:00;0;0;3;0
2024-01-08;1;2024;lunes;01:00;0;0;3;1
2024-01-08;1;2024;lunes;02:00;0;0;3;2
2024-01-08;1;2024;lunes;03:00;0;0;3;3
2024-01-08;1;2024;lunes;04:00;0;0;3;4
2024-01-08;1;2024;lunes;05:00;0;1;3;5
2024-01-08;1;2024;lunes;06:00;0;0;3;6
2024-01-08;1;2024;lunes;07:00;3;3;3;7
2024-01-08;1;2024;lunes;08:00;4;4;2;8
2024-01-08;1;2024;lunes;09:00;2;0;2;9
2024-01-08;1;2024;lunes;10:00;0;0;1;10
2024-01-08;1;2024;lunes;11:00;0;0;1;11
2024-01-08;1;2024;lunes;12:00;2;2;1;12
2024-01-08;1;2024;lunes;13:00;5;2;1;13
2024-01-08;1;2024;lunes;14:00;3;3;2;14
2024-01-08;1;2024;lunes;15:00;0;0;2;15
2024-01-08;1;2024;lunes;16:00;0;0;2;16
2024-01-08;1;2024;lunes;17:00;1;0;2;17
2024-01-08;1;2024;lunes;18:00;0;0;1;18
2024-01-08;1;2024;lunes;19:00;2;4;1;19
2024-01-08;1;2024;lunes;20:00;3;3;1;20
2024-01-08;1;2024;lunes;21:00;1;0;1;21
2024-01-08;1;2024;lunes;22:00;1;0;2;22
2024-01-08;1;2024;lunes;23:00;0;0;2;23
2024-01-09;1;2024;martes;00:00:00;0;0;3;0
2024-01-09;1;2024;martes;01:00;1;0;3;1
2024-01-09;1;2024;martes;02:00;0;0;3;2
2024-01-09;1;2024;martes;03:00;0;0;3;3
2024-01-09;1;2024;martes;04:00;0;0;3;4
2024-01-09;1;2024;martes;05:00;0;0;3;5
2024-01-09;1;2024;martes;06:00;0;0;3;6
2024-01-09;1;2024;martes;07:00;3;4;3;7
2024-01-09;1;2024;martes;08:00;4;4;2;8
2024-01-09;1;2024;martes;09:00;2;1;2;9
2024-01-09;1;2024;martes;10:00;3;0;1;10
2024-01-09;1;2024;martes;11:00;1;0;1;11
2024-01-09;1;2024;martes;12:00;2;2;1;12
2024-01-09;1;2024;martes;13:00;3;1;1;13
2024-01-09;1;2024;martes;14:00;1;1;2;14
2024-01-09;1;2024;martes;15:00;1;0;2;15
2024-01-09;1;2024;martes;16:00;0;0;2;16
2024-01-09;1;2024;martes;17:00;1;1;2;17
2024-01-09;1;2024;martes;18:00;1;0;1;18
2024-01-09;1;2024;martes;19:00;3;4;1;19
2024-01-09;1;2024;martes;20:00;4;4;1;20
2024-01-09;1;2024;martes;21:00;1;1;1;21
2024-01-09;1;2024;martes;22:00;1;0;2;22
2024-01-09;1;2024;martes;23:00;0;0;2;23
2024-01-10;1;2024;miércoles;00:00:00;0;0;3;0
2024-01-10;1;2024;miércoles;01:00;0;0;3;1
2024-01-10;1;2024;miércoles;02:00;0;0;3;2
2024-01-10;1;2024;miércoles;03:00;0;0;3;3
2024-01-10;1;2024;miércoles;04:00;0;1;3;4
2024-01-10;1;2024;miércoles;05:00;1;0;3;5
2024-01-10;1;2024;miércoles;06:00;0;0;3;6
2024-01-10;1;2024;miércoles;07:00;2;2;3;7
2024-01-10;1;2024;miércoles;08:00;5;5;2;8
2024-01-10;1;2024;miércoles;09:00;3;0;2;9
2024-01-10;1;2024;miércoles;10:00;0;0;1;10
2024-01-10;1;2024;miércoles;11:00;2;1;1;11
2024-01-10;1;2024;miércoles;12:00;0;0;1;12
2024-01-10;1;2024;miércoles;13:00;5;5;1;13
2024-01-10;1;2024;miércoles;14:00;4;1;2;14
2024-01-10;1;2024;miércoles;15:00;0;0;2;15
2024-01-10;1;2024;miércoles;16:00;1;0;2;16
2024-01-10;1;2024;miércoles;17:00;0;0;2;17
2024-01-10;1;2024;miércoles;18:00;1;1;1;18
2024-01-10;1;2024;miércoles;19:00;2;2;1;19
2024-01-10;1;2024;miércoles;20:00;4;5;1;20
2024-01-10;1;2024;miércoles;21:00;1;0;1;21
2024-01-10;1;2024;miércoles;22:00;0;0;2;22
2024-01-10;1;2024;miércoles;23:00;0;0;2;23
2024-01-11;1;2024;jueves;00:00:00;0;0;3;0
2024-01-11;1;2024;jueves;01:00;1;0;3;1
2024-01-11;1;2024;jueves;02:00;0;0;3;2
2024-01-11;1;2024;jueves;03:00;0;0;3;3
2024-01-11;1;2024;jueves;04:00;0;0;3;4
2024-01-11;1;2024;jueves;05:00;0;0;3;5
2024-01-11;1;2024;jueves;06:00;0;1;3;6
2024-01-11;1;2024;jueves;07:00;4;4;3;7
2024-01-11;1;2024;jueves;08:00;5;4;2;8
2024-01-11;1;2024;jueves;09:00;0;0;2;9
2024-01-11;1;2024;jueves;10:00;2;0;1;10
2024-01-11;1;2024;jueves;11:00;0;0;1;11
2024-01-11;1;2024;jueves;12:00;3;1;1;12
2024-01-11;1;2024;jueves;13:00;3;1;1;13
2024-01-11;1;2024;jueves;14:00;1;1;2;14
2024-01-11;1;2024;jueves;15:00;0;0;2;15
2024-01-11;1;2024;jueves;16:00;0;0;2;16
2024-01-11;1;2024;jueves;17:00;1;0;2;17
2024-01-11;1;2024;jueves;18:00;1;0;1;18
2024-01-11;1;2024;jueves;19:00;1;2;1;19
2024-01-11;1;2024;jueves;20:00;4;6;1;20
2024-01-11;1;2024;jueves;21:00;1;0;1;21
2024-01-11;1;2024;jueves;22:00;0;0;2;22
2024-01-11;1;2024;jueves;23:00;0;0;2;23
2024-01-12;1;2024;viernes;00:00:00;0;0;3;0
2024-01-12;1;2024;viernes;01:00;0;0;3;1
2024-01-12;1;2024;viernes;02:00;0;0;3;2
2024-01-12;1;2024;viernes;03:00;1;0;3;3
2024-01-12;1;2024;viernes;04:00;0;0;3;4
2024-01-12;1;2024;viernes;05:00;0;0;3;5
2024-01-12;1;2024;viernes;06:00;0;0;3;6
2024-01-12;1;2024;viernes;07:00;4;4;3;7
2024-01-12;1;2024;viernes;08:00;4;3;2;8
2024-01-12;1;2024;viernes;09:00;0;0;2;9
2024-01-12;1;2024;viernes;10:00;1;1;1;10
2024-01-12;1;2024;viernes;11:00;5;3;1;11
2024-01-12;1;2024;viernes;12:00;4;2;1;12
2024-01-12;1;2024;viernes;13:00;5;1;1;13
2024-01-12;1;2024;viernes;14:00;3;1;2;14
2024-01-12;1;2024;viernes;15:00;0;0;2;15
2024-01-12;1;2024;viernes;16:00;0;0;2;16
2024-01-12;1;2024;viernes;17:00;1;0;2;17
2024-01-12;1;2024;viernes;18:00;0;0;1;18
2024-01-12;1;2024;viernes;19:00;2;3;1;19
2024-01-12;1;2024;viernes;20:00;4;4;1;20
2024-01-12;1;2024;viernes;21:00;0;0;1;21
2024-01-12;1;2024;viernes;22:00;1;0;2;22
2024-01-12;1;2024;viernes;23:00;0;0;2;23
2024-01-13;1;2024;sábado;00:00:00;0;0;3;0
2024-01-13;1;2024;sábado;01:00;0;0;3;1
2024-01-13;1;2024;sábado;02:00;0;0;3;2
2024-01-13;1;2024;sábado;03:00;0;0;3;3
2024-01-13;1;2024;sábado;04:00;0;0;3;4
2024-01-13;1;2024;sábado;05:00;0;0;3;5
2024-01-13;1;2024;sábado;06:00;1;1;3;6
2024-01-13;1;2024;sábado;07:00;4;3;3;7
2024-01-13;1;2024;sábado;08:00;4;4;3;8
2024-01-13;1;2024;sábado;09:00;1;0;3;9
2024-01-13;1;2024;sábado;10:00;0;0;3;10
2024-01-13;1;2024;sábado;11:00;1;0;3;11
2024-01-13;1;2024;sábado;12:00;0;1;3;12
2024-01-13;1;2024;sábado;13:00;1;0;3;13
2024-01-13;1;2024;sábado;14:00;4;1;3;14
2024-01-13;1;2024;sábado;15:00;1;0;3;15
2024-01-13;1;2024;sábado;16:00;0;0;3;16
2024-01-13;1;2024;sábado;17:00;0;1;3;17
2024-01-13;1;2024;sábado;18:00;1;0;3;18
2024-01-13;1;2024;sábado;19:00;2;2;3;19
2024-01-13;1;2024;sábado;20:00;4;4;3;20
2024-01-13;1;2024;sábado;21:00;0;0;3;21
2024-01-13;1;2024;sábado;22:00;0;1;3;22
2024-01-13;1;2024;sábado;23:00;0;0;3;23
2024-01-14;1;2024;domingo;00:00:00;0;0;3;0
2024-01-14;1;2024;domingo;01:00;1;0;3;1
2024-01-14;1;2024;domingo;02:00;0;0;3;2
2024-01-14;1;2024;domingo;03:00;0;0;3;3
2024-01-14;1;2024;domingo;04:00;0;0;3;4
2024-01-14;1;2024;domingo;05:00;0;0;3;5
2024-01-14;1;2024;domingo;06:00;0;0;3;6
2024-01-14;1;2024;domingo;07:00;4;3;3;7
2024-01-14;1;2024;domingo;08:00;4;4;3;8
2024-01-14;1;2024;domingo;09:00;0;0;3;9
2024-01-14;1;2024;domingo;10:00;1;0;3;10
2024-01-14;1;2024;domingo;11:00;6;5;3;11
2024-01-14;1;2024;domingo;12:00;2;0;3;12
2024-01-14;1;2024;domingo;13:00;2;1;3;13
2024-01-14;1;2024;domingo;14:00;2;1;3;14
2024-01-14;1;2024;domingo;15:00;0;0;3;15
2024-01-14;1;2024;domingo;16:00;0;0;3;16
2024-01-14;1;2024;domingo;17:00;1;0;3;17
2024-01-14;1;2024;domingo;18:00;0;0;3;18
2024-01-14;1;2024;domingo;19:00;2;3;3;19
2024-01-14;1;2024;domingo;20:00;4;4;3;20
2024-01-14;1;2024;domingo;21:00;0;0;3;21
2024-01-14;1;2024;domingo;22:00;0;0;3;22
2024-01-14;1;2024;domingo;23:00;0;0;3;23
2024-01-15;1;2024;lunes;00:00:00;0;0;3;0
2024-01-15;1;2024;lunes;01:00;1;0;3;1
2024-01-15;1;2024;lunes;02:00;0;0;3;2
2024-01-15;1;2024;lunes;03:00;0;0;3;3
2024-01-15;1;2024;lunes;04:00;0;0;3;4
2024-01-15;1;2024;lunes;05:00;0;0;3;5
2024-01-15;1;2024;lunes;06:00;0;0;3;6
2024-01-15;1;2024;lunes;07:00;3;4;3;7
2024-01-15;1;2024;lunes;08:00;5;4;2;8
2024-01-15;1;2024;lunes;09:00;1;0;2;9
2024-01-15;1;2024;lunes;10:00;0;0;1;10
2024-01-15;1;2024;lunes;11:00;0;0;1;11
2024-01-15;1;2024;lunes;12:00;3;2;1;12
2024-01-15;1;2024;lunes;13:00;2;0;1;13
2024-01-15;1;2024;lunes;14:00;0;1;2;14
2024-01-15;1;2024;lunes;15:00;1;0;2;15
2024-01-15;1;2024;lunes;16:00;0;0;2;16
2024-01-15;1;2024;lunes;17:00;0;0;2;17
2024-01-15;1;2024;lunes;18:00;1;0;1;18
2024-01-15;1;2024;lunes;19:00;3;2;1;19
2024-01-15;1;2024;lunes;20:00;4;5;1;20
2024-01-15;1;2024;lunes;21:00;1;0;1;21
2024-01-15;1;2024;lunes;22:00;0;0;2;22
2024-01-15;1;2024;lunes;23:00;0;1;2;23
2024-01-16;1;2024;martes;00:00:00;0;0;3;0
2024-01-16;1;2024;martes;01:00;0;0;3;1
2024-01-16;1;2024;martes;02:00;0;0;3;2
2024-01-16;1;2024;martes;03:00;0;0;3;3
2024-01-16;1;2024;martes;04:00;1;0;3;4
2024-01-16;1;2024;martes;05:00;0;0;3;5
2024-01-16;1;2024;martes;06:00;0;0;3;6
2024-01-16;1;2024;martes;07:00;3;3;3;7
2024-01-16;1;2024;martes;08:00;5;4;2;8
2024-01-16;1;2024;martes;09:00;0;1;2;9
2024-01-16;1;2024;martes;10:00;0;0;1;10
2024-01-16;1;2024;martes;11:00;2;1;1;11
2024-01-16;1;2024;martes;12:00;4;4;1;12
2024-01-16;1;2024;martes;13:00;2;0;1;13
2024-01-16;1;2024;martes;14:00;3;2;2;14
2024-01-16;1;2024;martes;15:00;1.52;0.95;2;15
2024-01-16;1;2024;martes;16:00;1.507;0.942;2;16
2024-01-16;1;2024;martes;17:00;0;0;2;17
2024-01-16;1;2024;martes;18:00;1;0;1;18
2024-01-16;1;2024;martes;19:00;2;3;1;19
2024-01-16;1;2024;martes;20:00;3;4;1;20
2024-01-16;1;2024;martes;21:00;0;0;1;21
2024-01-16;1;2024;martes;22:00;0;0;2;22
2024-01-16;1;2024;martes;23:00;0;0;2;23
2024-01-17;1;2024;miércoles;00:00:00;0;0;3;0
2024-01-17;1;2024;miércoles;01:00;0;0;3;1
2024-01-17;1;2024;miércoles;02:00;1;0;3;2
2024-01-17;1;2024;miércoles;03:00;0;1;3;3
2024-01-17;1;2024;miércoles;04:00;0;0;3;4
2024-01-17;1;2024;miércoles;05:00;0;0;3;5
2024-01-17;1;2024;miércoles;06:00;0;0;3;6
2024-01-17;1;2024;miércoles;07:00;3;4;3;7
2024-01-17;1;2024;miércoles;08:00;1.721;1.076;2;8
2024-01-17;1;2024;miércoles;09:00;3;1;2;9
2024-01-17;1;2024;miércoles;10:00;0;0;1;10
2024-01-17;1;2024;miércoles;11:00;0;0;1;11
2024-01-17;1;2024;miércoles;12:00;4;2;1;12
2024-01-17;1;2024;miércoles;13:00;2;0;1;13
2024-01-17;1;2024;miércoles;14:00;0;0;2;14
2024-01-17;1;2024;miércoles;15:00;0;0;2;15
2024-01-17;1;2024;miércoles;16:00;0;0;2;16
2024-01-17;1;2024;miércoles;17:00;1;0;2;17
2024-01-17;1;2024;miércoles;18:00;0;0;1;18
2024-01-17;1;2024;miércoles;19:00;3;2;1;19
2024-01-17;1;2024;miércoles;20:00;5;5;1;20
2024-01-17;1;2024;miércoles;21:00;0;0;1;21
2024-01-17;1;2024;miércoles;22:00;0;0;2;22
2024-01-17;1;2024;miércoles;23:00;1;0;2;23
2024-01-18;1;2024;jueves;00:00:00;0;1;3;0
2024-01-18;1;2024;jueves;01:00;0;0;3;1
2024-01-18;1;2024;jueves;02:00;0;0;3;2
2024-01-18;1;2024;jueves;03:00;0;0;3;3
2024-01-18;1;2024;jueves;04:00;0;0;3;4
2024-01-18;1;2024;jueves;05:00;0;0;3;5
2024-01-18;1;2024;jueves;06:00;0;0;3;6
2024-01-18;1;2024;jueves;07:00;3;3;3;7
2024-01-18;1;2024;jueves;08:00;6;5;2;8
2024-01-18;1;2024;jueves;09:00;0;0;2;9
2024-01-18;1;2024;jueves;10:00;2;0;1;10
2024-01-18;1;2024;jueves;11:00;0;0;1;11
2024-01-18;1;2024;jueves;12:00;1;0;1;12
2024-01-18;1;2024;jueves;13:00;3;2.5;1;13
2024-01-18;1;2024;jueves;14:00;1.626;1.016;2;14
2024-01-18;1;2024;jueves;15:00;0;0;2;15
2024-01-18;1;2024;jueves;16:00;0;0;2;16
2024-01-18;1;2024;jueves;17:00;1;1;2;17
2024-01-18;1;2024;jueves;18:00;1;0;1;18
2024-01-18;1;2024;jueves;19:00;2;2;1;19
2024-01-18;1;2024;jueves;20:00;5;5;1;20
2024-01-18;1;2024;jueves;21:00;1;0;1;21
2024-01-18;1;2024;jueves;22:00;0;0;2;22
2024-01-18;1;2024;jueves;23:00;0;0;2;23
2024-01-19;1;2024;viernes;00:00:00;0;0;3;0
2024-01-19;1;2024;viernes;01:00;0;0;3;1
2024-01-19;1;2024;viernes;02:00;0;0;3;2
2024-01-19;1;2024;viernes;03:00;0;1;3;3
2024-01-19;1;2024;viernes;04:00;1;0;3;4
2024-01-19;1;2024;viernes;05:00;0;0;3;5
2024-01-19;1;2024;viernes;06:00;0;0;3;6
2024-01-19;1;2024;viernes;07:00;3;4;3;7
2024-01-19;1;2024;viernes;08:00;4;3;2;8
2024-01-19;1;2024;viernes;09:00;2;1;2;9
2024-01-19;1;2024;viernes;10:00;1;0;1;10
2024-01-19;1;2024;viernes;11:00;1;0;1;11
2024-01-19;1;2024;viernes;12:00;2;0;1;12
2024-01-19;1;2024;viernes;13:00;2;2;1;13
2024-01-19;1;2024;viernes;14:00;0;0;2;14
2024-01-19;1;2024;viernes;15:00;0;0;2;15
2024-01-19;1;2024;viernes;16:00;0;0;2;16
2024-01-19;1;2024;viernes;17:00;1;0;2;17
2024-01-19;1;2024;viernes;18:00;0;0;1;18
2024-01-19;1;2024;viernes;19:00;2;2;1;19
2024-01-19;1;2024;viernes;20:00;4;5;1;20
2024-01-19;1;2024;viernes;21:00;1;0;1;21
2024-01-19;1;2024;viernes;22:00;0;0;2;22
2024-01-19;1;2024;viernes;23:00;0;0;2;23
2024-01-20;1;2024;sábado;00:00:00;0;0;3;0
2024-01-20;1;2024;sábado;01:00;0;0;3;1
2024-01-20;1;2024;sábado;02:00;0;0;3;2
2024-01-20;1;2024;sábado;03:00;0;0;3;3
2024-01-20;1;2024;sábado;04:00;0;0;3;4
2024-01-20;1;2024;sábado;05:00;1;0;3;5
2024-01-20;1;2024;sábado;06:00;0;0;3;6
2024-01-20;1;2024;sábado;07:00;2;3;3;7
2024-01-20;1;2024;sábado;08:00;5;4;3;8
2024-01-20;1;2024;sábado;09:00;2;0;3;9
2024-01-20;1;2024;sábado;10:00;0;1;3;10
2024-01-20;1;2024;sábado;11:00;3;1;3;11
2024-01-20;1;2024;sábado;12:00;4;3;3;12
2024-01-20;1;2024;sábado;13:00;3;3;3;13
2024-01-20;1;2024;sábado;14:00;1;0;3;14
2024-01-20;1;2024;sábado;15:00;0;0;3;15
2024-01-20;1;2024;sábado;16:00;0;0;3;16
2024-01-20;1;2024;sábado;17:00;1;1;3;17
2024-01-20;1;2024;sábado;18:00;0;0;3;18
2024-01-20;1;2024;sábado;19:00;3;3;3;19
2024-01-20;1;2024;sábado;20:00;4;4;3;20
2024-01-20;1;2024;sábado;21:00;0;0;3;21
2024-01-20;1;2024;sábado;22:00;1;0;3;22
2024-01-20;1;2024;sábado;23:00;0;0;3;23
2024-01-21;1;2024;domingo;00:00:00;0;0;3;0
2024-01-21;1;2024;domingo;01:00;0;0;3;1
2024-01-21;1;2024;domingo;02:00;0;0;3;2
2024-01-21;1;2024;domingo;03:00;0;0;3;3
2024-01-21;1;2024;domingo;04:00;0;0;3;4
2024-01-21;1;2024;domingo;05:00;0;0;3;5
2024-01-21;1;2024;domingo;06:00;0;0;3;6
2024-01-21;1;2024;domingo;07:00;3;4;3;7
2024-01-21;1;2024;domingo;08:00;4;3;3;8
2024-01-21;1;2024;domingo;09:00;2;1;3;9
2024-01-21;1;2024;domingo;10:00;2;0;3;10
2024-01-21;1;2024;domingo;11:00;1;0;3;11
2024-01-21;1;2024;domingo;12:00;4;1;3;12
2024-01-21;1;2024;domingo;13:00;1;0;3;13
2024-01-21;1;2024;domingo;14:00;0;0;3;14
2024-01-21;1;2024;domingo;15:00;1;0;3;15
2024-01-21;1;2024;domingo;16:00;0;0;3;16
2024-01-21;1;2024;domingo;17:00;1;1;3;17
2024-01-21;1;2024;domingo;18:00;0;0;3;18
2024-01-21;1;2024;domingo;19:00;2;2;3;19
2024-01-21;1;2024;domingo;20:00;4;5;3;20
2024-01-21;1;2024;domingo;21:00;0;0;3;21
2024-01-21;1;2024;domingo;22:00;1;0;3;22
2024-01-21;1;2024;domingo;23:00;0;0;3;23
2024-01-22;1;2024;lunes;00:00:00;0;0;3;0
2024-01-22;1;2024;lunes;01:00;0;0;3;1
2024-01-22;1;2024;lunes;02:00;0;0;3;2
2024-01-22;1;2024;lunes;03:00;0;0;3;3
2024-01-22;1;2024;lunes;04:00;0;0;3;4
2024-01-22;1;2024;lunes;05:00;0;0;3;5
2024-01-22;1;2024;lunes;06:00;0;1;3;6
2024-01-22;1;2024;lunes;07:00;4;3;3;7
2024-01-22;1;2024;lunes;08:00;4;3;2;8
2024-01-22;1;2024;lunes;09:00;0;1;2;9
2024-01-22;1;2024;lunes;10:00;1;0;1;10
2024-01-22;1;2024;lunes;11:00;0;0;1;11
2024-01-22;1;2024;lunes;12:00;2;1;1;12
2024-01-22;1;2024;lunes;13:00;8;6;1;13
2024-01-22;1;2024;lunes;14:00;1;0;2;14
2024-01-22;1;2024;lunes;15:00;3;1;2;15
2024-01-22;1;2024;lunes;16:00;0;0;2;16
2024-01-22;1;2024;lunes;17:00;0;0;2;17
2024-01-22;1;2024;lunes;18:00;1;0;1;18
2024-01-22;1;2024;lunes;19:00;3;3;1;19
2024-01-22;1;2024;lunes;20:00;3;4;1;20
2024-01-22;1;2024;lunes;21:00;1;0;1;21
2024-01-22;1;2024;lunes;22:00;0;0;2;22
2024-01-22;1;2024;lunes;23:00;0;0;2;23
2024-01-23;1;2024;martes;00:00:00;0;0;3;0
2024-01-23;1;2024;martes;01:00;0;0;3;1
2024-01-23;1;2024;martes;02:00;0;0;3;2
2024-01-23;1;2024;martes;03:00;0;0;3;3
2024-01-23;1;2024;martes;04:00;0;0;3;4
2024-01-23;1;2024;martes;05:00;0;0;3;5
2024-01-23;1;2024;martes;06:00;1;0;3;6
2024-01-23;1;2024;martes;07:00;2;4;3;7
2024-01-23;1;2024;martes;08:00;5;4;2;8
2024-01-23;1;2024;martes;09:00;1;0;2;9
2024-01-23;1;2024;martes;10:00;0;0;1;10
2024-01-23;1;2024;martes;11:00;1;2;1;11
2024-01-23;1;2024;martes;12:00;2;2;1;12
2024-01-23;1;2024;martes;13:00;4;2;1;13
2024-01-23;1;2024;martes;14:00;2;0;2;14
2024-01-23;1;2024;martes;15:00;0;0;2;15
2024-01-23;1;2024;martes;16:00;0;0;2;16
2024-01-23;1;2024;martes;17:00;0;0;2;17
2024-01-23;1;2024;martes;18:00;1;0;1;18
2024-01-23;1;2024;martes;19:00;3;2;1;19
2024-01-23;1;2024;martes;20:00;3;5;1;20
2024-01-23;1;2024;martes;21:00;1;0;1;21
2024-01-23;1;2024;martes;22:00;0;0;2;22
2024-01-23;1;2024;martes;23:00;0;0;2;23
2024-01-24;1;2024;miércoles;00:00:00;0;0;3;0
2024-01-24;1;2024;miércoles;01:00;0;0;3;1
2024-01-24;1;2024;miércoles;02:00;0;0;3;2
2024-01-24;1;2024;miércoles;03:00;0;0;3;3
2024-01-24;1;2024;miércoles;04:00;0;0;3;4
2024-01-24;1;2024;miércoles;05:00;0;0;3;5
2024-01-24;1;2024;miércoles;06:00;0;0;3;6
2024-01-24;1;2024;miércoles;07:00;5;4;3;7
2024-01-24;1;2024;miércoles;08:00;3;4;2;8
2024-01-24;1;2024;miércoles;09:00;1;0;2;9
2024-01-24;1;2024;miércoles;10:00;1;0;1;10
2024-01-24;1;2024;miércoles;11:00;1;0;1;11
2024-01-24;1;2024;miércoles;12:00;1;1;1;12
2024-01-24;1;2024;miércoles;13:00;5;6;1;13
2024-01-24;1;2024;miércoles;14:00;3;0;2;14
2024-01-24;1;2024;miércoles;15:00;1;0;2;15
2024-01-24;1;2024;miércoles;16:00;0;0;2;16
2024-01-24;1;2024;miércoles;17:00;0;1;2;17
2024-01-24;1;2024;miércoles;18:00;1;0;1;18
2024-01-24;1;2024;miércoles;19:00;2;2;1;19
2024-01-24;1;2024;miércoles;20:00;4;5;1;20
2024-01-24;1;2024;miércoles;21:00;0;0;1;21
2024-01-24;1;2024;miércoles;22:00;1;0;2;22
2024-01-24;1;2024;miércoles;23:00;0;0;2;23
2024-01-25;1;2024;jueves;00:00:00;0;0;3;0
2024-01-25;1;2024;jueves;01:00;0;0;3;1
2024-01-25;1;2024;jueves;02:00;0;0;3;2
2024-01-25;1;2024;jueves;03:00;0;0;3;3
2024-01-25;1;2024;jueves;04:00;0;0;3;4
2024-01-25;1;2024;jueves;05:00;0;0;3;5
2024-01-25;1;2024;jueves;06:00;1;0;3;6
2024-01-25;1;2024;jueves;07:00;3;4;3;7
2024-01-25;1;2024;jueves;08:00;7;4;2;8
2024-01-25;1;2024;jueves;09:00;2;0;2;9
2024-01-25;1;2024;jueves;10:00;0;0;1;10
2024-01-25;1;2024;jueves;11:00;1;0;1;11
2024-01-25;1;2024;jueves;12:00;0;0;1;12
2024-01-25;1;2024;jueves;13:00;1;1;1;13
2024-01-25;1;2024;jueves;14:00;3;1;2;14
2024-01-25;1;2024;jueves;15:00;0;0;2;15
2024-01-25;1;2024;jueves;16:00;0;0;2;16
2024-01-25;1;2024;jueves;17:00;0;0;2;17
2024-01-25;1;2024;jueves;18:00;1;0;1;18
2024-01-25;1;2024;jueves;19:00;1;2;1;19
2024-01-25;1;2024;jueves;20:00;4;5;1;20
2024-01-25;1;2024;jueves;21:00;1;0;1;21
2024-01-25;1;2024;jueves;22:00;0;1;2;22
2024-01-25;1;2024;jueves;23:00;0;0;2;23
2024-01-26;1;2024;viernes;00:00:00;0;0;3;0
2024-01-26;1;2024;viernes;01:00;0;0;3;1
2024-01-26;1;2024;viernes;02:00;0;0;3;2
2024-01-26;1;2024;viernes;03:00;1;0;3;3
2024-01-26;1;2024;viernes;04:00;0;0;3;4
2024-01-26;1;2024;viernes;05:00;0;0;3;5
2024-01-26;1;2024;viernes;06:00;0;0;3;6
2024-01-26;1;2024;viernes;07:00;4;4;3;7
2024-01-26;1;2024;viernes;08:00;4;3;2;8
2024-01-26;1;2024;viernes;09:00;0;0;2;9
2024-01-26;1;2024;viernes;10:00;0;0;1;10
2024-01-26;1;2024;viernes;11:00;3;1;1;11
2024-01-26;1;2024;viernes;12:00;1;1;1;12
2024-01-26;1;2024;viernes;13:00;1;0;1;13
2024-01-26;1;2024;viernes;14:00;6;5;2;14
2024-01-26;1;2024;viernes;15:00;0;0;2;15
2024-01-26;1;2024;viernes;16:00;0;1;2;16
2024-01-26;1;2024;viernes;17:00;0;0;2;17
2024-01-26;1;2024;viernes;18:00;1;0;1;18
2024-01-26;1;2024;viernes;19:00;2;3;1;19
2024-01-26;1;2024;viernes;20:00;4;5;1;20
2024-01-26;1;2024;viernes;21:00;0;0;1;21
2024-01-26;1;2024;viernes;22:00;1;0;2;22
2024-01-26;1;2024;viernes;23:00;0;0;2;23
2024-01-27;1;2024;sábado;00:00:00;0;0;3;0
2024-01-27;1;2024;sábado;01:00;0;0;3;1
2024-01-27;1;2024;sábado;02:00;0;0;3;2
2024-01-27;1;2024;sábado;03:00;0;0;3;3
2024-01-27;1;2024;sábado;04:00;0;0;3;4
2024-01-27;1;2024;sábado;05:00;0;0;3;5
2024-01-27;1;2024;sábado;06:00;0;0;3;6
2024-01-27;1;2024;sábado;07:00;4;3;3;7
2024-01-27;1;2024;sábado;08:00;6;4;3;8
2024-01-27;1;2024;sábado;09:00;1;0;3;9
2024-01-27;1;2024;sábado;10:00;0;1;3;10
2024-01-27;1;2024;sábado;11:00;0;0;3;11
2024-01-27;1;2024;sábado;12:00;3;1;3;12
2024-01-27;1;2024;sábado;13:00;1;0;3;13
2024-01-27;1;2024;sábado;14:00;1;0;3;14
2024-01-27;1;2024;sábado;15:00;0;0;3;15
2024-01-27;1;2024;sábado;16:00;0;0;3;16
2024-01-27;1;2024;sábado;17:00;0;0;3;17
2024-01-27;1;2024;sábado;18:00;2;0;3;18
2024-01-27;1;2024;sábado;19:00;3;3;3;19
2024-01-27;1;2024;sábado;20:00;3;4;3;20
2024-01-27;1;2024;sábado;21:00;0;0;3;21
2024-01-27;1;2024;sábado;22:00;1;0;3;22
2024-01-27;1;2024;sábado;23:00;0;0;3;23
2024-01-28;1;2024;domingo;00:00:00;0;0;3;0
2024-01-28;1;2024;domingo;01:00;0;0;3;1
2024-01-28;1;2024;domingo;02:00;0;0;3;2
2024-01-28;1;2024;domingo;03:00;0;0;3;3
2024-01-28;1;2024;domingo;04:00;0;0;3;4
2024-01-28;1;2024;domingo;05:00;0;0;3;5
2024-01-28;1;2024;domingo;06:00;0;0;3;6
2024-01-28;1;2024;domingo;07:00;4;4;3;7
2024-01-28;1;2024;domingo;08:00;5;3;3;8
2024-01-28;1;2024;domingo;09:00;0;0;3;9
2024-01-28;1;2024;domingo;10:00;0;0;3;10
2024-01-28;1;2024;domingo;11:00;1;1;3;11
2024-01-28;1;2024;domingo;12:00;5;5;3;12
2024-01-28;1;2024;domingo;13:00;7;2;3;13
2024-01-28;1;2024;domingo;14:00;1;0;3;14
2024-01-28;1;2024;domingo;15:00;0;0;3;15
2024-01-28;1;2024;domingo;16:00;0;0;3;16
2024-01-28;1;2024;domingo;17:00;1;0;3;17
2024-01-28;1;2024;domingo;18:00;0;1;3;18
2024-01-28;1;2024;domingo;19:00;3;3;3;19
2024-01-28;1;2024;domingo;20:00;3;3;3;20
2024-01-28;1;2024;domingo;21:00;0;0;3;21
2024-01-28;1;2024;domingo;22:00;0;0;3;22
2024-01-28;1;2024;domingo;23:00;1;0;3;23
2024-01-29;1;2024;lunes;00:00:00;0;0;3;0
2024-01-29;1;2024;lunes;01:00;0;0;3;1
2024-01-29;1;2024;lunes;02:00;0;0;3;2
2024-01-29;1;2024;lunes;03:00;0;0;3;3
2024-01-29;1;2024;lunes;04:00;0;0;3;4
2024-01-29;1;2024;lunes;05:00;0;0;3;5
2024-01-29;1;2024;lunes;06:00;0;1;3;6
2024-01-29;1;2024;lunes;07:00;6;5;3;7
2024-01-29;1;2024;lunes;08:00;2;1;2;8
2024-01-29;1;2024;lunes;09:00;2;0;2;9
2024-01-29;1;2024;lunes;10:00;1;0;1;10
2024-01-29;1;2024;lunes;11:00;1;0;1;11
2024-01-29;1;2024;lunes;12:00;4;3;1;12
2024-01-29;1;2024;lunes;13:00;1;0;1;13
2024-01-29;1;2024;lunes;14:00;1;0;2;14
2024-01-29;1;2024;lunes;15:00;0;0;2;15
2024-01-29;1;2024;lunes;16:00;0;0;2;16
2024-01-29;1;2024;lunes;17:00;1;0;2;17
2024-01-29;1;2024;lunes;18:00;1;0;1;18
2024-01-29;1;2024;lunes;19:00;1;2;1;19
2024-01-29;1;2024;lunes;20:00;5;4;1;20
2024-01-29;1;2024;lunes;21:00;1;1;1;21
2024-01-29;1;2024;lunes;22:00;1;0;2;22
2024-01-29;1;2024;lunes;23:00;0;0;2;23
2024-01-30;1;2024;martes;00:00:00;0;0;3;0
2024-01-30;1;2024;martes;01:00;0;0;3;1
2024-01-30;1;2024;martes;02:00;0;0;3;2
2024-01-30;1;2024;martes;03:00;0;0;3;3
2024-01-30;1;2024;martes;04:00;0;0;3;4
2024-01-30;1;2024;martes;05:00;0;0;3;5
2024-01-30;1;2024;martes;06:00;0;0;3;6
2024-01-30;1;2024;martes;07:00;4;3;3;7
2024-01-30;1;2024;martes;08:00;4;3;2;8
2024-01-30;1;2024;martes;09:00;0;0;2;9
2024-01-30;1;2024;martes;10:00;2;3;1;10
2024-01-30;1;2024;martes;11:00;2;1;1;11
2024-01-30;1;2024;martes;12:00;1;1;1;12
2024-01-30;1;2024;martes;13:00;3;2;1;13
2024-01-30;1;2024;martes;14:00;2;1;2;14
2024-01-30;1;2024;martes;15:00;0;0;2;15
2024-01-30;1;2024;martes;16:00;0;0;2;16
2024-01-30;1;2024;martes;17:00;1;0;2;17
2024-01-30;1;2024;martes;18:00;0;0;1;18
2024-01-30;1;2024;martes;19:00;3;4;1;19
2024-01-30;1;2024;martes;20:00;2;2;1;20
2024-01-30;1;2024;martes;21:00;0;0;1;21
2024-01-30;1;2024;martes;22:00;1;0;2;22
2024-01-30;1;2024;martes;23:00;0;0;2;23
2024-01-31;1;2024;miércoles;00:00:00;0;0;3;0
2024-01-31;1;2024;miércoles;01:00;0;0;3;1
2024-01-31;1;2024;miércoles;02:00;0;0;3;2
2024-01-31;1;2024;miércoles;03:00;0;0;3;3
2024-01-31;1;2024;miércoles;04:00;0;0;3;4
2024-01-31;1;2024;miércoles;05:00;0;0;3;5
2024-01-31;1;2024;miércoles;06:00;0;0;3;6
2024-01-31;1;2024;miércoles;07:00;4;3;3;7
2024-01-31;1;2024;miércoles;08:00;4;3;2;8
2024-01-31;1;2024;miércoles;09:00;0;0;2;9
2024-01-31;1;2024;miércoles;10:00;1;1;1;10
2024-01-31;1;2024;miércoles;11:00;2;2;1;11
2024-01-31;1;2024;miércoles;12:00;0;1;1;12
2024-01-31;1;2024;miércoles;13:00;6;2;1;13
2024-01-31;1;2024;miércoles;14:00;2;1;2;14
2024-01-31;1;2024;miércoles;15:00;0;0;2;15
2024-01-31;1;2024;miércoles;16:00;0;1;2;16
2024-01-31;1;2024;miércoles;17:00;1;0;2;17
2024-01-31;1;2024;miércoles;18:00;1;0;1;18
2024-01-31;1;2024;miércoles;19:00;2;3;1;19
2024-01-31;1;2024;miércoles;20:00;4;4;1;20
2024-01-31;1;2024;miércoles;21:00;2;0;1;21
2024-01-31;1;2024;miércoles;22:00;1;0;2;22
2024-01-31;1;2024;miércoles;23:00;0;0;2;23
2024-02-01;2;2024;jueves;00:00:00;0;0;3;0
2024-02-01;2;2024;jueves;01:00;0;0;3;1
2024-02-01;2;2024;jueves;02:00;0;0;3;2
2024-02-01;2;2024;jueves;03:00;0;0;3;3
2024-02-01;2;2024;jueves;04:00;0;0;3;4
2024-02-01;2;2024;jueves;05:00;0;0;3;5
2024-02-01;2;2024;jueves;06:00;0;0;3;6
2024-02-01;2;2024;jueves;07:00;3;3;3;7
2024-02-01;2;2024;jueves;08:00;2;3;2;8
2024-02-01;2;2024;jueves;09:00;0;0;2;9
2024-02-01;2;2024;jueves;10:00;1;0;1;10
2024-02-01;2;2024;jueves;11:00;3;2;1;11
2024-02-01;2;2024;jueves;12:00;6;1;1;12
2024-02-01;2;2024;jueves;13:00;3;0;1;13
2024-02-01;2;2024;jueves;14:00;1;0;2;14
2024-02-01;2;2024;jueves;15:00;0;0;2;15
2024-02-01;2;2024;jueves;16:00;0;0;2;16
2024-02-01;2;2024;jueves;17:00;1;0;2;17
2024-02-01;2;2024;jueves;18:00;0;0;1;18
2024-02-01;2;2024;jueves;19:00;1;2;1;19
2024-02-01;2;2024;jueves;20:00;4;5;1;20
2024-02-01;2;2024;jueves;21:00;1;0;1;21
2024-02-01;2;2024;jueves;22:00;0;0;2;22
2024-02-01;2;2024;jueves;23:00;0;0;2;23
2024-02-02;2;2024;viernes;00:00:00;0;0;3;0
2024-02-02;2;2024;viernes;01:00;0;0;3;1
2024-02-02;2;2024;viernes;02:00;1;0;3;2
2024-02-02;2;2024;viernes;03:00;0;0;3;3
2024-02-02;2;2024;viernes;04:00;0;0;3;4
2024-02-02;2;2024;viernes;05:00;0;0;3;5
2024-02-02;2;2024;viernes;06:00;0;0;3;6
2024-02-02;2;2024;viernes;07:00;4;4;3;7
2024-02-02;2;2024;viernes;08:00;3;2;2;8
2024-02-02;2;2024;viernes;09:00;1;0;2;9
2024-02-02;2;2024;viernes;10:00;3;0;1;10
2024-02-02;2;2024;viernes;11:00;2;0;1;11
2024-02-02;2;2024;viernes;12:00;1;0;1;12
2024-02-02;2;2024;viernes;13:00;4;5;1;13
2024-02-02;2;2024;viernes;14:00;3;1;2;14
2024-02-02;2;2024;viernes;15:00;0;0;2;15
2024-02-02;2;2024;viernes;16:00;1;0;2;16
2024-02-02;2;2024;viernes;17:00;1;0;2;17
2024-02-02;2;2024;viernes;18:00;0;0;1;18
2024-02-02;2;2024;viernes;19:00;2;3;1;19
2024-02-02;2;2024;viernes;20:00;4;4;1;20
2024-02-02;2;2024;viernes;21:00;0;0;1;21
2024-02-02;2;2024;viernes;22:00;1;0;2;22
2024-02-02;2;2024;viernes;23:00;0;0;2;23
2024-02-03;2;2024;sábado;00:00:00;0;0;3;0
2024-02-03;2;2024;sábado;01:00;0;0;3;1
2024-02-03;2;2024;sábado;02:00;0;0;3;2
2024-02-03;2;2024;sábado;03:00;1;0;3;3
2024-02-03;2;2024;sábado;04:00;0;0;3;4
2024-02-03;2;2024;sábado;05:00;0;0;3;5
2024-02-03;2;2024;sábado;06:00;0;0;3;6
2024-02-03;2;2024;sábado;07:00;4;3;3;7
2024-02-03;2;2024;sábado;08:00;4;3;3;8
2024-02-03;2;2024;sábado;09:00;0;0;3;9
2024-02-03;2;2024;sábado;10:00;1;0;3;10
2024-02-03;2;2024;sábado;11:00;1;0;3;11
2024-02-03;2;2024;sábado;12:00;0;0;3;12
2024-02-03;2;2024;sábado;13:00;3;1;3;13
2024-02-03;2;2024;sábado;14:00;2;1;3;14
2024-02-03;2;2024;sábado;15:00;1;0;3;15
2024-02-03;2;2024;sábado;16:00;0;0;3;16
2024-02-03;2;2024;sábado;17:00;1;0;3;17
2024-02-03;2;2024;sábado;18:00;0;0;3;18
2024-02-03;2;2024;sábado;19:00;2;2;3;19
2024-02-03;2;2024;sábado;20:00;4;5;3;20
2024-02-03;2;2024;sábado;21:00;1;0;3;21
2024-02-03;2;2024;sábado;22:00;0;0;3;22
2024-02-03;2;2024;sábado;23:00;1;0;3;23
2024-02-04;2;2024;domingo;00:00:00;0;0;3;0
2024-02-04;2;2024;domingo;01:00;0;0;3;1
2024-02-04;2;2024;domingo;02:00;0;0;3;2
2024-02-04;2;2024;domingo;03:00;0;0;3;3
2024-02-04;2;2024;domingo;04:00;0;0;3;4
2024-02-04;2;2024;domingo;05:00;0;0;3;5
2024-02-04;2;2024;domingo;06:00;0;0;3;6
2024-02-04;2;2024;domingo;07:00;3;2;3;7
2024-02-04;2;2024;domingo;08:00;5;4;3;8
2024-02-04;2;2024;domingo;09:00;1;0;3;9
2024-02-04;2;2024;domingo;10:00;1;0;3;10
2024-02-04;2;2024;domingo;11:00;4;4;3;11
2024-02-04;2;2024;domingo;12:00;4;2;3;12
2024-02-04;2;2024;domingo;13:00;1;0;3;13
2024-02-04;2;2024;domingo;14:00;2;0;3;14
2024-02-04;2;2024;domingo;15:00;1;0;3;15
2024-02-04;2;2024;domingo;16:00;0;0;3;16
2024-02-04;2;2024;domingo;17:00;1;0;3;17
2024-02-04;2;2024;domingo;18:00;1;0;3;18
2024-02-04;2;2024;domingo;19:00;1;1;3;19
2024-02-04;2;2024;domingo;20:00;5;5;3;20
2024-02-04;2;2024;domingo;21:00;1;0;3;21
2024-02-04;2;2024;domingo;22:00;0;0;3;22
2024-02-04;2;2024;domingo;23:00;1;0;3;23
2024-02-05;2;2024;lunes;00:00:00;0;1;3;0
2024-02-05;2;2024;lunes;01:00;0;0;3;1
2024-02-05;2;2024;lunes;02:00;0;0;3;2
2024-02-05;2;2024;lunes;03:00;0;0;3;3
2024-02-05;2;2024;lunes;04:00;0;0;3;4
2024-02-05;2;2024;lunes;05:00;0;0;3;5
2024-02-05;2;2024;lunes;06:00;0;0;3;6
2024-02-05;2;2024;lunes;07:00;4;3;3;7
2024-02-05;2;2024;lunes;08:00;4;2;2;8
2024-02-05;2;2024;lunes;09:00;0;1;2;9
2024-02-05;2;2024;lunes;10:00;1;0;1;10
2024-02-05;2;2024;lunes;11:00;1;0;1;11
2024-02-05;2;2024;lunes;12:00;1;1;1;12
2024-02-05;2;2024;lunes;13:00;3;2;1;13
2024-02-05;2;2024;lunes;14:00;4;1;2;14
2024-02-05;2;2024;lunes;15:00;1;0;2;15
2024-02-05;2;2024;lunes;16:00;0;0;2;16
2024-02-05;2;2024;lunes;17:00;0;0;2;17
2024-02-05;2;2024;lunes;18:00;1;0;1;18
2024-02-05;2;2024;lunes;19:00;2;3;1;19
2024-02-05;2;2024;lunes;20:00;3;3;1;20
2024-02-05;2;2024;lunes;21:00;0;0;1;21
2024-02-05;2;2024;lunes;22:00;1;0;2;22
2024-02-05;2;2024;lunes;23:00;0;0;2;23
2024-02-06;2;2024;martes;00:00:00;0;0;3;0
2024-02-06;2;2024;martes;01:00;0;0;3;1
2024-02-06;2;2024;martes;02:00;0;0;3;2
2024-02-06;2;2024;martes;03:00;0;0;3;3
2024-02-06;2;2024;martes;04:00;0;0;3;4
2024-02-06;2;2024;martes;05:00;0;0;3;5
2024-02-06;2;2024;martes;06:00;1;0;3;6
2024-02-06;2;2024;martes;07:00;4;4;3;7
2024-02-06;2;2024;martes;08:00;3;3;2;8
2024-02-06;2;2024;martes;09:00;2;0;2;9
2024-02-06;2;2024;martes;10:00;1;1;1;10
2024-02-06;2;2024;martes;11:00;4;1;1;11
2024-02-06;2;2024;martes;12:00;6;5;1;12
2024-02-06;2;2024;martes;13:00;0;0;1;13
2024-02-06;2;2024;martes;14:00;1;0;2;14
2024-02-06;2;2024;martes;15:00;0;0;2;15
2024-02-06;2;2024;martes;16:00;0;0;2;16
2024-02-06;2;2024;martes;17:00;0;0;2;17
2024-02-06;2;2024;martes;18:00;1;0;1;18
2024-02-06;2;2024;martes;19:00;2;2;1;19
2024-02-06;2;2024;martes;20:00;4;5;1;20
2024-02-06;2;2024;martes;21:00;1;0;1;21
2024-02-06;2;2024;martes;22:00;1;0;2;22
2024-02-06;2;2024;martes;23:00;0;0;2;23
2024-02-07;2;2024;miércoles;00:00:00;0;0;3;0
2024-02-07;2;2024;miércoles;01:00;0;0;3;1
2024-02-07;2;2024;miércoles;02:00;0;0;3;2
2024-02-07;2;2024;miércoles;03:00;0;0;3;3
2024-02-07;2;2024;miércoles;04:00;0;0;3;4
2024-02-07;2;2024;miércoles;05:00;0;0;3;5
2024-02-07;2;2024;miércoles;06:00;0;0;3;6
2024-02-07;2;2024;miércoles;07:00;4;4;3;7
2024-02-07;2;2024;miércoles;08:00;5;3;2;8
2024-02-07;2;2024;miércoles;09:00;0;0;2;9
2024-02-07;2;2024;miércoles;10:00;0;0;1;10
2024-02-07;2;2024;miércoles;11:00;1;0;1;11
2024-02-07;2;2024;miércoles;12:00;4;2;1;12
2024-02-07;2;2024;miércoles;13:00;3;0;1;13
2024-02-07;2;2024;miércoles;14:00;1;1;2;14
2024-02-07;2;2024;miércoles;15:00;1;0;2;15
2024-02-07;2;2024;miércoles;16:00;0;0;2;16
2024-02-07;2;2024;miércoles;17:00;0;0;2;17
2024-02-07;2;2024;miércoles;18:00;1;0;1;18
2024-02-07;2;2024;miércoles;19:00;2;3;1;19
2024-02-07;2;2024;miércoles;20:00;3;4;1;20
2024-02-07;2;2024;miércoles;21:00;0;0;1;21
2024-02-07;2;2024;miércoles;22:00;1;0;2;22
2024-02-07;2;2024;miércoles;23:00;0;0;2;23
2024-02-08;2;2024;jueves;00:00:00;0;0;3;0
2024-02-08;2;2024;jueves;01:00;0;0;3;1
2024-02-08;2;2024;jueves;02:00;0;0;3;2
2024-02-08;2;2024;jueves;03:00;0;0;3;3
2024-02-08;2;2024;jueves;04:00;0;0;3;4
2024-02-08;2;2024;jueves;05:00;0;0;3;5
2024-02-08;2;2024;jueves;06:00;0;0;3;6
2024-02-08;2;2024;jueves;07:00;5;4;3;7
2024-02-08;2;2024;jueves;08:00;4;3;2;8
2024-02-08;2;2024;jueves;09:00;0;1;2;9
2024-02-08;2;2024;jueves;10:00;2;0;1;10
2024-02-08;2;2024;jueves;11:00;0;0;1;11
2024-02-08;2;2024;jueves;12:00;4;1;1;12
2024-02-08;2;2024;jueves;13:00;5;4;1;13
2024-02-08;2;2024;jueves;14:00;1;0;2;14
2024-02-08;2;2024;jueves;15:00;0;0;2;15
2024-02-08;2;2024;jueves;16:00;0;0;2;16
2024-02-08;2;2024;jueves;17:00;1;0;2;17
2024-02-08;2;2024;jueves;18:00;0;0;1;18
2024-02-08;2;2024;jueves;19:00;2;3;1;19
2024-02-08;2;2024;jueves;20:00;4;5;1;20
2024-02-08;2;2024;jueves;21:00;1;0;1;21
2024-02-08;2;2024;jueves;22:00;0;0;2;22
2024-02-08;2;2024;jueves;23:00;1;0;2;23
2024-02-09;2;2024;viernes;00:00:00;0;0;3;0
2024-02-09;2;2024;viernes;01:00;0;1;3;1
2024-02-09;2;2024;viernes;02:00;0;0;3;2
2024-02-09;2;2024;viernes;03:00;0;0;3;3
2024-02-09;2;2024;viernes;04:00;0;0;3;4
2024-02-09;2;2024;viernes;05:00;0;0;3;5
2024-02-09;2;2024;viernes;06:00;0;0;3;6
2024-02-09;2;2024;viernes;07:00;4;4;3;7
2024-02-09;2;2024;viernes;08:00;5;3;2;8
2024-02-09;2;2024;viernes;09:00;0;0;2;9
2024-02-09;2;2024;viernes;10:00;1;0;1;10
2024-02-09;2;2024;viernes;11:00;1;0;1;11
2024-02-09;2;2024;viernes;12:00;1;0;1;12
2024-02-09;2;2024;viernes;13:00;2;1;1;13
2024-02-09;2;2024;viernes;14:00;2;0;2;14
2024-02-09;2;2024;viernes;15:00;1;0;2;15
2024-02-09;2;2024;viernes;16:00;0;1;2;16
2024-02-09;2;2024;viernes;17:00;0;0;2;17
2024-02-09;2;2024;viernes;18:00;1;0;1;18
2024-02-09;2;2024;viernes;19:00;2;3;1;19
2024-02-09;2;2024;viernes;20:00;4;5;1;20
2024-02-09;2;2024;viernes;21:00;1;0;1;21
2024-02-09;2;2024;viernes;22:00;1;0;2;22
2024-02-09;2;2024;viernes;23:00;0;0;2;23
2024-02-10;2;2024;sábado;00:00:00;0;0;3;0
2024-02-10;2;2024;sábado;01:00;0;0;3;1
2024-02-10;2;2024;sábado;02:00;0;0;3;2
2024-02-10;2;2024;sábado;03:00;0;0;3;3
2024-02-10;2;2024;sábado;04:00;0;0;3;4
2024-02-10;2;2024;sábado;05:00;0;0;3;5
2024-02-10;2;2024;sábado;06:00;0;0;3;6
2024-02-10;2;2024;sábado;07:00;4;3;3;7
2024-02-10;2;2024;sábado;08:00;5;4;3;8
2024-02-10;2;2024;sábado;09:00;1;1;3;9
2024-02-10;2;2024;sábado;10:00;1;0;3;10
2024-02-10;2;2024;sábado;11:00;2;0;3;11
2024-02-10;2;2024;sábado;12:00;6;6;3;12
2024-02-10;2;2024;sábado;13:00;1;0;3;13
2024-02-10;2;2024;sábado;14:00;1;0;3;14
2024-02-10;2;2024;sábado;15:00;0;0;3;15
2024-02-10;2;2024;sábado;16:00;0;0;3;16
2024-02-10;2;2024;sábado;17:00;1;0;3;17
2024-02-10;2;2024;sábado;18:00;1;0;3;18
2024-02-10;2;2024;sábado;19:00;2;2;3;19
2024-02-10;2;2024;sábado;20:00;4;5;3;20
2024-02-10;2;2024;sábado;21:00;1;0;3;21
2024-02-10;2;2024;sábado;22:00;0;0;3;22
2024-02-10;2;2024;sábado;23:00;0;0;3;23
2024-02-11;2;2024;domingo;00:00:00;0;0;3;0
2024-02-11;2;2024;domingo;01:00;0;0;3;1
2024-02-11;2;2024;domingo;02:00;0;0;3;2
2024-02-11;2;2024;domingo;03:00;0;0;3;3
2024-02-11;2;2024;domingo;04:00;0;0;3;4
2024-02-11;2;2024;domingo;05:00;1;0;3;5
2024-02-11;2;2024;domingo;06:00;0;0;3;6
2024-02-11;2;2024;domingo;07:00;4;4;3;7
2024-02-11;2;2024;domingo;08:00;5;3;3;8
2024-02-11;2;2024;domingo;09:00;0;0;3;9
2024-02-11;2;2024;domingo;10:00;1.455;0.485;3;10
2024-02-11;2;2024;domingo;11:00;1.545;0.515;3;11
2024-02-11;2;2024;domingo;12:00;4;1;3;12
2024-02-11;2;2024;domingo;13:00;1;0;3;13
2024-02-11;2;2024;domingo;14:00;0;0;3;14
2024-02-11;2;2024;domingo;15:00;1;0;3;15
2024-02-11;2;2024;domingo;16:00;0;0;3;16
2024-02-11;2;2024;domingo;17:00;0;0;3;17
2024-02-11;2;2024;domingo;18:00;0;0;3;18
2024-02-11;2;2024;domingo;19:00;3;3;3;19
2024-02-11;2;2024;domingo;20:00;3;4;3;20
2024-02-11;2;2024;domingo;21:00;0;0;3;21
2024-02-11;2;2024;domingo;22:00;1;0;3;22
2024-02-11;2;2024;domingo;23:00;0;1;3;23
2024-02-12;2;2024;lunes;00:00:00;0;0;3;0
2024-02-12;2;2024;lunes;01:00;0;0;3;1
2024-02-12;2;2024;lunes;02:00;0;0;3;2
2024-02-12;2;2024;lunes;03:00;0;0;3;3
2024-02-12;2;2024;lunes;04:00;0;0;3;4
2024-02-12;2;2024;lunes;05:00;0;0;3;5
2024-02-12;2;2024;lunes;06:00;1;0;3;6
2024-02-12;2;2024;lunes;07:00;4;4;3;7
2024-02-12;2;2024;lunes;08:00;4;4;2;8
2024-02-12;2;2024;lunes;09:00;1;0;2;9
2024-02-12;2;2024;lunes;10:00;0;0;1;10
2024-02-12;2;2024;lunes;11:00;1;1;1;11
2024-02-12;2;2024;lunes;12:00;6;6;1;12
2024-02-12;2;2024;lunes;13:00;2;1;1;13
2024-02-12;2;2024;lunes;14:00;1;0;2;14
2024-02-12;2;2024;lunes;15:00;1;0;2;15
2024-02-12;2;2024;lunes;16:00;0;0;2;16
2024-02-12;2;2024;lunes;17:00;0;0;2;17
2024-02-12;2;2024;lunes;18:00;0;0;1;18
2024-02-12;2;2024;lunes;19:00;1;2;1;19
2024-02-12;2;2024;lunes;20:00;6;5;1;20
2024-02-12;2;2024;lunes;21:00;1;0;1;21
2024-02-12;2;2024;lunes;22:00;0;0;2;22
2024-02-12;2;2024;lunes;23:00;0;0;2;23
2024-02-13;2;2024;martes;00:00:00;0;0;3;0
2024-02-13;2;2024;martes;01:00;0;0;3;1
2024-02-13;2;2024;martes;02:00;0;0;3;2
2024-02-13;2;2024;martes;03:00;0;0;3;3
2024-02-13;2;2024;martes;04:00;0;0;3;4
2024-02-13;2;2024;martes;05:00;0;1;3;5
2024-02-13;2;2024;martes;06:00;1;0;3;6
2024-02-13;2;2024;martes;07:00;4;4;3;7
2024-02-13;2;2024;martes;08:00;4;3;2;8
2024-02-13;2;2024;martes;09:00;1;0;2;9
2024-02-13;2;2024;martes;10:00;0;0;1;10
2024-02-13;2;2024;martes;11:00;0;1;1;11
2024-02-13;2;2024;martes;12:00;1;0;1;12
2024-02-13;2;2024;martes;13:00;2;1;1;13
2024-02-13;2;2024;martes;14:00;2;0;2;14
2024-02-13;2;2024;martes;15:00;0;0;2;15
2024-02-13;2;2024;martes;16:00;0;1;2;16
2024-02-13;2;2024;martes;17:00;1;0;2;17
2024-02-13;2;2024;martes;18:00;0;0;1;18
2024-02-13;2;2024;martes;19:00;1;2;1;19
2024-02-13;2;2024;martes;20:00;5;5;1;20
2024-02-13;2;2024;martes;21:00;0;0;1;21
2024-02-13;2;2024;martes;22:00;0;0;2;22
2024-02-13;2;2024;martes;23:00;1;0;2;23
2024-02-14;2;2024;miércoles;00:00:00;0;0;3;0
2024-02-14;2;2024;miércoles;01:00;0;0;3;1
2024-02-14;2;2024;miércoles;02:00;0;0;3;2
2024-02-14;2;2024;miércoles;03:00;0;1;3;3
2024-02-14;2;2024;miércoles;04:00;0;0;3;4
2024-02-14;2;2024;miércoles;05:00;0;0;3;5
2024-02-14;2;2024;miércoles;06:00;0;0;3;6
2024-02-14;2;2024;miércoles;07:00;5;3;3;7
2024-02-14;2;2024;miércoles;08:00;5;4;2;8
2024-02-14;2;2024;miércoles;09:00;0;0;2;9
2024-02-14;2;2024;miércoles;10:00;1;0;1;10
2024-02-14;2;2024;miércoles;11:00;1;0;1;11
2024-02-14;2;2024;miércoles;12:00;1;1;1;12
2024-02-14;2;2024;miércoles;13:00;6;5;1;13
2024-02-14;2;2024;miércoles;14:00;1;0;2;14
2024-02-14;2;2024;miércoles;15:00;0;0;2;15
2024-02-14;2;2024;miércoles;16:00;0;0;2;16
2024-02-14;2;2024;miércoles;17:00;2;0;2;17
2024-02-14;2;2024;miércoles;18:00;0;1;1;18
2024-02-14;2;2024;miércoles;19:00;2;1;1;19
2024-02-14;2;2024;miércoles;20:00;5;5;1;20
2024-02-14;2;2024;miércoles;21:00;0;0;1;21
2024-02-14;2;2024;miércoles;22:00;0;0;2;22
2024-02-14;2;2024;miércoles;23:00;1;0;2;23
2024-02-15;2;2024;jueves;00:00:00;0;1;3;0
2024-02-15;2;2024;jueves;01:00;0;0;3;1
2024-02-15;2;2024;jueves;02:00;0;0;3;2
2024-02-15;2;2024;jueves;03:00;0;0;3;3
2024-02-15;2;2024;jueves;04:00;0;0;3;4
2024-02-15;2;2024;jueves;05:00;1;0;3;5
2024-02-15;2;2024;jueves;06:00;0;0;3;6
2024-02-15;2;2024;jueves;07:00;5;5;3;7
2024-02-15;2;2024;jueves;08:00;2;1;2;8
2024-02-15;2;2024;jueves;09:00;1;1;2;9
2024-02-15;2;2024;jueves;10:00;0;0;1;10
2024-02-15;2;2024;jueves;11:00;1;0;1;11
2024-02-15;2;2024;jueves;12:00;1;0;1;12
2024-02-15;2;2024;jueves;13:00;3;1;1;13
2024-02-15;2;2024;jueves;14:00;1;0;2;14
2024-02-15;2;2024;jueves;15:00;0;0;2;15
2024-02-15;2;2024;jueves;16:00;1;0;2;16
2024-02-15;2;2024;jueves;17:00;0;1;2;17
2024-02-15;2;2024;jueves;18:00;0;0;1;18
2024-02-15;2;2024;jueves;19:00;2;2;1;19
2024-02-15;2;2024;jueves;20:00;6;5;1;20
2024-02-15;2;2024;jueves;21:00;0;1;1;21
2024-02-15;2;2024;jueves;22:00;1;0;2;22
2024-02-15;2;2024;jueves;23:00;0;0;2;23
2024-02-16;2;2024;viernes;00:00:00;0;0;3;0
2024-02-16;2;2024;viernes;01:00;0;1;3;1
2024-02-16;2;2024;viernes;02:00;1;0;3;2
2024-02-16;2;2024;viernes;03:00;0;0;3;3
2024-02-16;2;2024;viernes;04:00;0;0;3;4
2024-02-16;2;2024;viernes;05:00;0;0;3;5
2024-02-16;2;2024;viernes;06:00;0;0;3;6
2024-02-16;2;2024;viernes;07:00;4;4;3;7
2024-02-16;2;2024;viernes;08:00;5;4;2;8
2024-02-16;2;2024;viernes;09:00;1;0;2;9
2024-02-16;2;2024;viernes;10:00;0;0;1;10
2024-02-16;2;2024;viernes;11:00;6;5;1;11
2024-02-16;2;2024;viernes;12:00;2;0;1;12
2024-02-16;2;2024;viernes;13:00;0;0;1;13
2024-02-16;2;2024;viernes;14:00;1;0;2;14
2024-02-16;2;2024;viernes;15:00;0;0;2;15
2024-02-16;2;2024;viernes;16:00;1;0;2;16
2024-02-16;2;2024;viernes;17:00;0;1;2;17
2024-02-16;2;2024;viernes;18:00;1;0;1;18
2024-02-16;2;2024;viernes;19:00;1;2;1;19
2024-02-16;2;2024;viernes;20:00;5;7;1;20
2024-02-16;2;2024;viernes;21:00;1;0;1;21
2024-02-16;2;2024;viernes;22:00;0;0;2;22
2024-02-16;2;2024;viernes;23:00;1;0;2;23
2024-02-17;2;2024;sábado;00:00:00;0;0;3;0
2024-02-17;2;2024;sábado;01:00;0;0;3;1
2024-02-17;2;2024;sábado;02:00;0;0;3;2
2024-02-17;2;2024;sábado;03:00;0;0;3;3
2024-02-17;2;2024;sábado;04:00;0;1;3;4
2024-02-17;2;2024;sábado;05:00;0;0;3;5
2024-02-17;2;2024;sábado;06:00;0;0;3;6
2024-02-17;2;2024;sábado;07:00;4;3;3;7
2024-02-17;2;2024;sábado;08:00;3;3;3;8
2024-02-17;2;2024;sábado;09:00;0;0;3;9
2024-02-17;2;2024;sábado;10:00;2;0;3;10
2024-02-17;2;2024;sábado;11:00;2;2;3;11
2024-02-17;2;2024;sábado;12:00;2;0;3;12
2024-02-17;2;2024;sábado;13:00;1;0;3;13
2024-02-17;2;2024;sábado;14:00;1;0;3;14
2024-02-17;2;2024;sábado;15:00;0;0;3;15
2024-02-17;2;2024;sábado;16:00;0;0;3;16
2024-02-17;2;2024;sábado;17:00;0;0;3;17
2024-02-17;2;2024;sábado;18:00;1;1;3;18
2024-02-17;2;2024;sábado;19:00;1;1;3;19
2024-02-17;2;2024;sábado;20:00;4;6;3;20
2024-02-17;2;2024;sábado;21:00;1;0;3;21
2024-02-17;2;2024;sábado;22:00;0;1;3;22
2024-02-17;2;2024;sábado;23:00;0;0;3;23
2024-02-18;2;2024;domingo;00:00:00;0;0;3;0
2024-02-18;2;2024;domingo;01:00;0;0;3;1
2024-02-18;2;2024;domingo;02:00;0;0;3;2
2024-02-18;2;2024;domingo;03:00;1;0;3;3
2024-02-18;2;2024;domingo;04:00;0;0;3;4
2024-02-18;2;2024;domingo;05:00;0;0;3;5
2024-02-18;2;2024;domingo;06:00;0;0;3;6
2024-02-18;2;2024;domingo;07:00;3;3;3;7
2024-02-18;2;2024;domingo;08:00;4;2;3;8
2024-02-18;2;2024;domingo;09:00;1;0;3;9
2024-02-18;2;2024;domingo;10:00;0;2;3;10
2024-02-18;2;2024;domingo;11:00;0;0;3;11
2024-02-18;2;2024;domingo;12:00;6;5;3;12
2024-02-18;2;2024;domingo;13:00;2;1;3;13
2024-02-18;2;2024;domingo;14:00;0;0;3;14
2024-02-18;2;2024;domingo;15:00;0;0;3;15
2024-02-18;2;2024;domingo;16:00;1;0;3;16
2024-02-18;2;2024;domingo;17:00;0;0;3;17
2024-02-18;2;2024;domingo;18:00;1;0;3;18
2024-02-18;2;2024;domingo;19:00;2;2;3;19
2024-02-18;2;2024;domingo;20:00;4;4;3;20
2024-02-18;2;2024;domingo;21:00;0;0;3;21
2024-02-18;2;2024;domingo;22:00;1;0;3;22
2024-02-18;2;2024;domingo;23:00;0;0;3;23
2024-02-19;2;2024;lunes;00:00:00;0;0;3;0
2024-02-19;2;2024;lunes;01:00;0;0;3;1
2024-02-19;2;2024;lunes;02:00;0;0;3;2
2024-02-19;2;2024;lunes;03:00;0;0;3;3
2024-02-19;2;2024;lunes;04:00;0;0;3;4
2024-02-19;2;2024;lunes;05:00;0;1;3;5
2024-02-19;2;2024;lunes;06:00;0;0;3;6
2024-02-19;2;2024;lunes;07:00;5;4;3;7
2024-02-19;2;2024;lunes;08:00;3;2;2;8
2024-02-19;2;2024;lunes;09:00;1;0;2;9
2024-02-19;2;2024;lunes;10:00;0;0;1;10
2024-02-19;2;2024;lunes;11:00;1.517;1.011;1;11
2024-02-19;2;2024;lunes;12:00;1.483;0.989;1;12
2024-02-19;2;2024;lunes;13:00;2;1;1;13
2024-02-19;2;2024;lunes;14:00;1;0;2;14
2024-02-19;2;2024;lunes;15:00;0;0;2;15
2024-02-19;2;2024;lunes;16:00;1;0;2;16
2024-02-19;2;2024;lunes;17:00;0;0;2;17
2024-02-19;2;2024;lunes;18:00;0;1;1;18
2024-02-19;2;2024;lunes;19:00;3;3;1;19
2024-02-19;2;2024;lunes;20:00;3;4;1;20
2024-02-19;2;2024;lunes;21:00;0;0;1;21
2024-02-19;2;2024;lunes;22:00;1;0;2;22
2024-02-19;2;2024;lunes;23:00;0;0;2;23
2024-02-20;2;2024;martes;00:00:00;0;0;3;0
2024-02-20;2;2024;martes;01:00;0;0;3;1
2024-02-20;2;2024;martes;02:00;0;0;3;2
2024-02-20;2;2024;martes;03:00;0;0;3;3
2024-02-20;2;2024;martes;04:00;0;0;3;4
2024-02-20;2;2024;martes;05:00;0;0;3;5
2024-02-20;2;2024;martes;06:00;0;0;3;6
2024-02-20;2;2024;martes;07:00;5;5;3;7
2024-02-20;2;2024;martes;08:00;3;0;2;8
2024-02-20;2;2024;martes;09:00;1;0;2;9
2024-02-20;2;2024;martes;10:00;0;0;1;10
2024-02-20;2;2024;martes;11:00;2;1;1;11
2024-02-20;2;2024;martes;12:00;3;2;1;12
2024-02-20;2;2024;martes;13:00;4;4;1;13
2024-02-20;2;2024;martes;14:00;0;0;2;14
2024-02-20;2;2024;martes;15:00;1;0;2;15
2024-02-20;2;2024;martes;16:00;0;0;2;16
2024-02-20;2;2024;martes;17:00;0;0;2;17
2024-02-20;2;2024;martes;18:00;1;0;1;18
2024-02-20;2;2024;martes;19:00;3;2;1;19
2024-02-20;2;2024;martes;20:00;1;2;1;20
2024-02-20;2;2024;martes;21:00;0;0;1;21
2024-02-20;2;2024;martes;22:00;1;0;2;22
2024-02-20;2;2024;martes;23:00;0;0;2;23
2024-02-21;2;2024;miércoles;00:00:00;0;0;3;0
2024-02-21;2;2024;miércoles;01:00;0;0;3;1
2024-02-21;2;2024;miércoles;02:00;0;0;3;2
2024-02-21;2;2024;miércoles;03:00;0;0;3;3
2024-02-21;2;2024;miércoles;04:00;0;0;3;4
2024-02-21;2;2024;miércoles;05:00;0;0;3;5
2024-02-21;2;2024;miércoles;06:00;1;0;3;6
2024-02-21;2;2024;miércoles;07:00;2;3;3;7
2024-02-21;2;2024;miércoles;08:00;2;0;2;8
2024-02-21;2;2024;miércoles;09:00;1;0;2;9
2024-02-21;2;2024;miércoles;10:00;1;1;1;10
2024-02-21;2;2024;miércoles;11:00;4;1;1;11
2024-02-21;2;2024;miércoles;12:00;0;0;1;12
2024-02-21;2;2024;miércoles;13:00;0;0;1;13
2024-02-21;2;2024;miércoles;14:00;1;0;2;14
2024-02-21;2;2024;miércoles;15:00;0;0;2;15
2024-02-21;2;2024;miércoles;16:00;1;0;2;16
2024-02-21;2;2024;miércoles;17:00;0;0;2;17
2024-02-21;2;2024;miércoles;18:00;0;0;1;18
2024-02-21;2;2024;miércoles;19:00;2;3;1;19
2024-02-21;2;2024;miércoles;20:00;1;1;1;20
2024-02-21;2;2024;miércoles;21:00;1;0;1;21
2024-02-21;2;2024;miércoles;22:00;0;0;2;22
2024-02-21;2;2024;miércoles;23:00;0;0;2;23
2024-02-22;2;2024;jueves;00:00:00;0;0;3;0
2024-02-22;2;2024;jueves;01:00;0;0;3;1
2024-02-22;2;2024;jueves;02:00;0;0;3;2
2024-02-22;2;2024;jueves;03:00;1;0;3;3
2024-02-22;2;2024;jueves;04:00;0;0;3;4
2024-02-22;2;2024;jueves;05:00;0;0;3;5
2024-02-22;2;2024;jueves;06:00;0;0;3;6
2024-02-22;2;2024;jueves;07:00;2;2;3;7
2024-02-22;2;2024;jueves;08:00;3;1;2;8
2024-02-22;2;2024;jueves;09:00;0;0;2;9
2024-02-22;2;2024;jueves;10:00;0;0;1;10
2024-02-22;2;2024;jueves;11:00;2;0;1;11
2024-02-22;2;2024;jueves;12:00;1;0;1;12
2024-02-22;2;2024;jueves;13:00;3;2;1;13
2024-02-22;2;2024;jueves;14:00;1;0;2;14
2024-02-22;2;2024;jueves;15:00;0;0;2;15
2024-02-22;2;2024;jueves;16:00;0;0;2;16
2024-02-22;2;2024;jueves;17:00;1;0;2;17
2024-02-22;2;2024;jueves;18:00;0;0;1;18
2024-02-22;2;2024;jueves;19:00;2;2;1;19
2024-02-22;2;2024;jueves;20:00;1;1;1;20
2024-02-22;2;2024;jueves;21:00;1;0;1;21
2024-02-22;2;2024;jueves;22:00;0;0;2;22
2024-02-22;2;2024;jueves;23:00;0;0;2;23
2024-02-23;2;2024;viernes;00:00:00;0;0;3;0
2024-02-23;2;2024;viernes;01:00;0;0;3;1
2024-02-23;2;2024;viernes;02:00;0;0;3;2
2024-02-23;2;2024;viernes;03:00;0;1;3;3
2024-02-23;2;2024;viernes;04:00;0;0;3;4
2024-02-23;2;2024;viernes;05:00;0;0;3;5
2024-02-23;2;2024;viernes;06:00;0;0;3;6
2024-02-23;2;2024;viernes;07:00;5;3;3;7
2024-02-23;2;2024;viernes;08:00;2;0;2;8
2024-02-23;2;2024;viernes;09:00;1;0;2;9
2024-02-23;2;2024;viernes;10:00;0;0;1;10
2024-02-23;2;2024;viernes;11:00;0;0;1;11
2024-02-23;2;2024;viernes;12:00;0;0;1;12
2024-02-23;2;2024;viernes;13:00;1;0;1;13
2024-02-23;2;2024;viernes;14:00;3;1;2;14
2024-02-23;2;2024;viernes;15:00;1;0;2;15
2024-02-23;2;2024;viernes;16:00;1;1;2;16
2024-02-23;2;2024;viernes;17:00;0;0;2;17
2024-02-23;2;2024;viernes;18:00;2;0;1;18
2024-02-23;2;2024;viernes;19:00;1;2;1;19
2024-02-23;2;2024;viernes;20:00;2;2;1;20
2024-02-23;2;2024;viernes;21:00;0;0;1;21
2024-02-23;2;2024;viernes;22:00;1;0;2;22
2024-02-23;2;2024;viernes;23:00;0;0;2;23
2024-02-24;2;2024;sábado;00:00:00;0;0;3;0
2024-02-24;2;2024;sábado;01:00;0;0;3;1
2024-02-24;2;2024;sábado;02:00;0;0;3;2
2024-02-24;2;2024;sábado;03:00;0;0;3;3
2024-02-24;2;2024;sábado;04:00;0;0;3;4
2024-02-24;2;2024;sábado;05:00;0;0;3;5
2024-02-24;2;2024;sábado;06:00;0;0;3;6
2024-02-24;2;2024;sábado;07:00;3;2;3;7
2024-02-24;2;2024;sábado;08:00;2;1;3;8
2024-02-24;2;2024;sábado;09:00;0;0;3;9
2024-02-24;2;2024;sábado;10:00;4;4;3;10
2024-02-24;2;2024;sábado;11:00;1;1;3;11
2024-02-24;2;2024;sábado;12:00;1;0;3;12
2024-02-24;2;2024;sábado;13:00;4;2;3;13
2024-02-24;2;2024;sábado;14:00;1;0;3;14
2024-02-24;2;2024;sábado;15:00;0;0;3;15
2024-02-24;2;2024;sábado;16:00;1;0;3;16
2024-02-24;2;2024;sábado;17:00;1;0;3;17
2024-02-24;2;2024;sábado;18:00;0;0;3;18
2024-02-24;2;2024;sábado;19:00;2;3;3;19
2024-02-24;2;2024;sábado;20:00;2;1;3;20
2024-02-24;2;2024;sábado;21:00;0;0;3;21
2024-02-24;2;2024;sábado;22:00;1;0;3;22
2024-02-24;2;2024;sábado;23:00;0;0;3;23
2024-02-25;2;2024;domingo;00:00:00;0;0;3;0
2024-02-25;2;2024;domingo;01:00;0;0;3;1
2024-02-25;2;2024;domingo;02:00;1;0;3;2
2024-02-25;2;2024;domingo;03:00;0;0;3;3
2024-02-25;2;2024;domingo;04:00;0;0;3;4
2024-02-25;2;2024;domingo;05:00;0;0;3;5
2024-02-25;2;2024;domingo;06:00;0;0;3;6
2024-02-25;2;2024;domingo;07:00;4;3;3;7
2024-02-25;2;2024;domingo;08:00;2;1;3;8
2024-02-25;2;2024;domingo;09:00;0;0;3;9
2024-02-25;2;2024;domingo;10:00;0;0;3;10
2024-02-25;2;2024;domingo;11:00;2;2;3;11
2024-02-25;2;2024;domingo;12:00;1;0;3;12
2024-02-25;2;2024;domingo;13:00;1;0;3;13
2024-02-25;2;2024;domingo;14:00;0;0;3;14
2024-02-25;2;2024;domingo;15:00;0;0;3;15
2024-02-25;2;2024;domingo;16:00;0;0;3;16
2024-02-25;2;2024;domingo;17:00;1;0;3;17
2024-02-25;2;2024;domingo;18:00;0;0;3;18
2024-02-25;2;2024;domingo;19:00;1;1;3;19
2024-02-25;2;2024;domingo;20:00;3;2;3;20
2024-02-25;2;2024;domingo;21:00;0;0;3;21
2024-02-25;2;2024;domingo;22:00;0;0;3;22
2024-02-25;2;2024;domingo;23:00;0;0;3;23
2024-02-26;2;2024;lunes;00:00:00;0;0;3;0
2024-02-26;2;2024;lunes;01:00;0;1;3;1
2024-02-26;2;2024;lunes;02:00;1;0;3;2
2024-02-26;2;2024;lunes;03:00;0;0;3;3
2024-02-26;2;2024;lunes;04:00;0;0;3;4
2024-02-26;2;2024;lunes;05:00;0;0;3;5
2024-02-26;2;2024;lunes;06:00;0;0;3;6
2024-02-26;2;2024;lunes;07:00;4;3;3;7
2024-02-26;2;2024;lunes;08:00;1;0;2;8
2024-02-26;2;2024;lunes;09:00;1;0;2;9
2024-02-26;2;2024;lunes;10:00;0;0;1;10
2024-02-26;2;2024;lunes;11:00;0;0;1;11
2024-02-26;2;2024;lunes;12:00;2;2;1;12
2024-02-26;2;2024;lunes;13:00;2;0;1;13
2024-02-26;2;2024;lunes;14:00;1;0;2;14
2024-02-26;2;2024;lunes;15:00;0;0;2;15
2024-02-26;2;2024;lunes;16:00;0;0;2;16
2024-02-26;2;2024;lunes;17:00;1;0;2;17
2024-02-26;2;2024;lunes;18:00;0;0;1;18
2024-02-26;2;2024;lunes;19:00;2;2;1;19
2024-02-26;2;2024;lunes;20:00;1;2;1;20
2024-02-26;2;2024;lunes;21:00;1;0;1;21
2024-02-26;2;2024;lunes;22:00;0;0;2;22
2024-02-26;2;2024;lunes;23:00;0;0;2;23
2024-02-27;2;2024;martes;00:00:00;0;0;3;0
2024-02-27;2;2024;martes;01:00;0;0;3;1
2024-02-27;2;2024;martes;02:00;0;0;3;2
2024-02-27;2;2024;martes;03:00;0;0;3;3
2024-02-27;2;2024;martes;04:00;1;0;3;4
2024-02-27;2;2024;martes;05:00;0;0;3;5
2024-02-27;2;2024;martes;06:00;0;0;3;6
2024-02-27;2;2024;martes;07:00;2;2;3;7
2024-02-27;2;2024;martes;08:00;4;1;2;8
2024-02-27;2;2024;martes;09:00;0;0;2;9
2024-02-27;2;2024;martes;10:00;2;0;1;10
2024-02-27;2;2024;martes;11:00;0;0;1;11
2024-02-27;2;2024;martes;12:00;3;2;1;12
2024-02-27;2;2024;martes;13:00;2;0;1;13
2024-02-27;2;2024;martes;14:00;1;0;2;14
2024-02-27;2;2024;martes;15:00;1;0;2;15
2024-02-27;2;2024;martes;16:00;0;0;2;16
2024-02-27;2;2024;martes;17:00;0;0;2;17
2024-02-27;2;2024;martes;18:00;1;0;1;18
2024-02-27;2;2024;martes;19:00;2;2;1;19
2024-02-27;2;2024;martes;20:00;2;1;1;20
2024-02-27;2;2024;martes;21:00;0;0;1;21
2024-02-27;2;2024;martes;22:00;0;0;2;22
2024-02-27;2;2024;martes;23:00;0;0;2;23
2024-02-28;2;2024;miércoles;00:00:00;0;0;3;0
2024-02-28;2;2024;miércoles;01:00;0;0;3;1
2024-02-28;2;2024;miércoles;02:00;0;0;3;2
2024-02-28;2;2024;miércoles;03:00;0;0;3;3
2024-02-28;2;2024;miércoles;04:00;1;0;3;4
2024-02-28;2;2024;miércoles;05:00;0;0;3;5
2024-02-28;2;2024;miércoles;06:00;0;1;3;6
2024-02-28;2;2024;miércoles;07:00;3;2;3;7
2024-02-28;2;2024;miércoles;08:00;2;0;2;8
2024-02-28;2;2024;miércoles;09:00;0;1;2;9
2024-02-28;2;2024;miércoles;10:00;1;0;1;10
2024-02-28;2;2024;miércoles;11:00;4;4;1;11
2024-02-28;2;2024;miércoles;12:00;1;0;1;12
2024-02-28;2;2024;miércoles;13:00;3;2;1;13
2024-02-28;2;2024;miércoles;14:00;2;1;2;14
2024-02-28;2;2024;miércoles;15:00;0;0;2;15
2024-02-28;2;2024;miércoles;16:00;1;0;2;16
2024-02-28;2;2024;miércoles;17:00;0;0;2;17
2024-02-28;2;2024;miércoles;18:00;2;0;1;18
2024-02-28;2;2024;miércoles;19:00;4;3;1;19
2024-02-28;2;2024;miércoles;20:00;0;0;1;20
2024-02-28;2;2024;miércoles;21:00;1;0;1;21
2024-02-28;2;2024;miércoles;22:00;0;0;2;22
2024-02-28;2;2024;miércoles;23:00;0;0;2;23
2024-02-29;2;2024;jueves;00:00:00;0;0;3;0
2024-02-29;2;2024;jueves;01:00;0;0;3;1
2024-02-29;2;2024;jueves;02:00;0;0;3;2
2024-02-29;2;2024;jueves;03:00;0;1;3;3
2024-02-29;2;2024;jueves;04:00;0;0;3;4
2024-02-29;2;2024;jueves;05:00;0;0;3;5
2024-02-29;2;2024;jueves;06:00;0;0;3;6
2024-02-29;2;2024;jueves;07:00;3;2;3;7
2024-02-29;2;2024;jueves;08:00;3;1;2;8
2024-02-29;2;2024;jueves;09:00;0;0;2;9
2024-02-29;2;2024;jueves;10:00;0;0;1;10
2024-02-29;2;2024;jueves;11:00;2;0;1;11
2024-02-29;2;2024;jueves;12:00;3;0;1;12
2024-02-29;2;2024;jueves;13:00;4;2;1;13
2024-02-29;2;2024;jueves;14:00;1;0;2;14
2024-02-29;2;2024;jueves;15:00;1;0;2;15
2024-02-29;2;2024;jueves;16:00;0;0;2;16
2024-02-29;2;2024;jueves;17:00;0;0;2;17
2024-02-29;2;2024;jueves;18:00;0;0;1;18
2024-02-29;2;2024;jueves;19:00;3;2;1;19
2024-02-29;2;2024;jueves;20:00;2;2;1;20
2024-02-29;2;2024;jueves;21:00;1;0;1;21
2024-02-29;2;2024;jueves;22:00;0;0;2;22
2024-02-29;2;2024;jueves;23:00;0;0;2;23
2024-03-01;3;2024;viernes;00:00:00;0;0;3;0
2024-03-01;3;2024;viernes;01:00;0;0;3;1
2024-03-01;3;2024;viernes;02:00;0;0;3;2
2024-03-01;3;2024;viernes;03:00;0;0;3;3
2024-03-01;3;2024;viernes;04:00;0;0;3;4
2024-03-01;3;2024;viernes;05:00;0;0;3;5
2024-03-01;3;2024;viernes;06:00;1;0;3;6
2024-03-01;3;2024;viernes;07:00;2;3;3;7
2024-03-01;3;2024;viernes;08:00;2;0;2;8
2024-03-01;3;2024;viernes;09:00;1;0;2;9
2024-03-01;3;2024;viernes;10:00;0;0;1;10
2024-03-01;3;2024;viernes;11:00;1;0;1;11
2024-03-01;3;2024;viernes;12:00;3;2;1;12
2024-03-01;3;2024;viernes;13:00;3;3;1;13
2024-03-01;3;2024;viernes;14:00;1;0;2;14
2024-03-01;3;2024;viernes;15:00;0;0;2;15
2024-03-01;3;2024;viernes;16:00;0;0;2;16
2024-03-01;3;2024;viernes;17:00;1;0;2;17
2024-03-01;3;2024;viernes;18:00;1;0;1;18
2024-03-01;3;2024;viernes;19:00;2;2;1;19
2024-03-01;3;2024;viernes;20:00;1;2;1;20
2024-03-01;3;2024;viernes;21:00;1;0;1;21
2024-03-01;3;2024;viernes;22:00;0;0;2;22
2024-03-01;3;2024;viernes;23:00;0;0;2;23
2024-03-02;3;2024;sábado;00:00:00;0;0;3;0
2024-03-02;3;2024;sábado;01:00;0;0;3;1
2024-03-02;3;2024;sábado;02:00;0;0;3;2
2024-03-02;3;2024;sábado;03:00;0;0;3;3
2024-03-02;3;2024;sábado;04:00;0;0;3;4
2024-03-02;3;2024;sábado;05:00;0;0;3;5
2024-03-02;3;2024;sábado;06:00;1;0;3;6
2024-03-02;3;2024;sábado;07:00;3;3;3;7
2024-03-02;3;2024;sábado;08:00;2;0;3;8
2024-03-02;3;2024;sábado;09:00;0;0;3;9
2024-03-02;3;2024;sábado;10:00;1;0;3;10
2024-03-02;3;2024;sábado;11:00;1;0;3;11
2024-03-02;3;2024;sábado;12:00;2;2;3;12
2024-03-02;3;2024;sábado;13:00;2;0;3;13
2024-03-02;3;2024;sábado;14:00;1;0;3;14
2024-03-02;3;2024;sábado;15:00;0;0;3;15
2024-03-02;3;2024;sábado;16:00;1;0;3;16
2024-03-02;3;2024;sábado;17:00;0;0;3;17
2024-03-02;3;2024;sábado;18:00;1;0;3;18
2024-03-02;3;2024;sábado;19:00;1;2;3;19
2024-03-02;3;2024;sábado;20:00;2;2;3;20
2024-03-02;3;2024;sábado;21:00;1;0;3;21
2024-03-02;3;2024;sábado;22:00;0;0;3;22
2024-03-02;3;2024;sábado;23:00;1;0;3;23
2024-03-03;3;2024;domingo;00:00:00;0;0;3;0
2024-03-03;3;2024;domingo;01:00;0;0;3;1
2024-03-03;3;2024;domingo;02:00;0;0;3;2
2024-03-03;3;2024;domingo;03:00;0;0;3;3
2024-03-03;3;2024;domingo;04:00;0;0;3;4
2024-03-03;3;2024;domingo;05:00;0;0;3;5
2024-03-03;3;2024;domingo;06:00;0;0;3;6
2024-03-03;3;2024;domingo;07:00;3;3;3;7
2024-03-03;3;2024;domingo;08:00;3;0;3;8
2024-03-03;3;2024;domingo;09:00;2;0;3;9
2024-03-03;3;2024;domingo;10:00;0;0;3;10
2024-03-03;3;2024;domingo;11:00;1;0;3;11
2024-03-03;3;2024;domingo;12:00;2;0;3;12
2024-03-03;3;2024;domingo;13:00;1;1;3;13
2024-03-03;3;2024;domingo;14:00;4;0;3;14
2024-03-03;3;2024;domingo;15:00;0;0;3;15
2024-03-03;3;2024;domingo;16:00;0;0;3;16
2024-03-03;3;2024;domingo;17:00;1;1;3;17
2024-03-03;3;2024;domingo;18:00;0;0;3;18
2024-03-03;3;2024;domingo;19:00;0;0;3;19
2024-03-03;3;2024;domingo;20:00;3;3;3;20
2024-03-03;3;2024;domingo;21:00;1;0;3;21
2024-03-03;3;2024;domingo;22:00;0;0;3;22
2024-03-03;3;2024;domingo;23:00;0;0;3;23
2024-03-04;3;2024;lunes;00:00:00;0;0;3;0
2024-03-04;3;2024;lunes;01:00;0;0;3;1
2024-03-04;3;2024;lunes;02:00;0;0;3;2
2024-03-04;3;2024;lunes;03:00;0;1;3;3
2024-03-04;3;2024;lunes;04:00;0;0;3;4
2024-03-04;3;2024;lunes;05:00;0;0;3;5
2024-03-04;3;2024;lunes;06:00;1;0;3;6
2024-03-04;3;2024;lunes;07:00;2;2;3;7
2024-03-04;3;2024;lunes;08:00;3;1;2;8
2024-03-04;3;2024;lunes;09:00;0;0;2;9
2024-03-04;3;2024;lunes;10:00;0;0;1;10
2024-03-04;3;2024;lunes;11:00;1;0;1;11
2024-03-04;3;2024;lunes;12:00;0;0;1;12
2024-03-04;3;2024;lunes;13:00;2;1;1;13
2024-03-04;3;2024;lunes;14:00;2;0;2;14
2024-03-04;3;2024;lunes;15:00;0;1;2;15
2024-03-04;3;2024;lunes;16:00;1;0;2;16
2024-03-04;3;2024;lunes;17:00;0;0;2;17
2024-03-04;3;2024;lunes;18:00;0;0;1;18
2024-03-04;3;2024;lunes;19:00;2;2;1;19
2024-03-04;3;2024;lunes;20:00;2;1;1;20
2024-03-04;3;2024;lunes;21:00;1;0;1;21
2024-03-04;3;2024;lunes;22:00;0;0;2;22
2024-03-04;3;2024;lunes;23:00;0;0;2;23
2024-03-05;3;2024;martes;00:00:00;0;0;3;0
2024-03-05;3;2024;martes;01:00;0;0;3;1
2024-03-05;3;2024;martes;02:00;0;0;3;2
2024-03-05;3;2024;martes;03:00;1;0;3;3
2024-03-05;3;2024;martes;04:00;0;0;3;4
2024-03-05;3;2024;martes;05:00;0;0;3;5
2024-03-05;3;2024;martes;06:00;0;1;3;6
2024-03-05;3;2024;martes;07:00;3;2;3;7
2024-03-05;3;2024;martes;08:00;2;1;2;8
2024-03-05;3;2024;martes;09:00;0;0;2;9
2024-03-05;3;2024;martes;10:00;1;0;1;10
2024-03-05;3;2024;martes;11:00;4;4;1;11
2024-03-05;3;2024;martes;12:00;4;2;1;12
2024-03-05;3;2024;martes;13:00;1;1;1;13
2024-03-05;3;2024;martes;14:00;0;0;2;14
2024-03-05;3;2024;martes;15:00;0;0;2;15
2024-03-05;3;2024;martes;16:00;1;1;2;16
2024-03-05;3;2024;martes;17:00;0;0;2;17
2024-03-05;3;2024;martes;18:00;0;0;1;18
2024-03-05;3;2024;martes;19:00;3;3;1;19
2024-03-05;3;2024;martes;20:00;1;0;1;20
2024-03-05;3;2024;martes;21:00;0;0;1;21
2024-03-05;3;2024;martes;22:00;1;0;2;22
2024-03-05;3;2024;martes;23:00;0;0;2;23
2024-03-06;3;2024;miércoles;00:00:00;0;0;3;0
2024-03-06;3;2024;miércoles;01:00;0;0;3;1
2024-03-06;3;2024;miércoles;02:00;0;0;3;2
2024-03-06;3;2024;miércoles;03:00;0;0;3;3
2024-03-06;3;2024;miércoles;04:00;0;0;3;4
2024-03-06;3;2024;miércoles;05:00;0;0;3;5
2024-03-06;3;2024;miércoles;06:00;0;0;3;6
2024-03-06;3;2024;miércoles;07:00;3;3;3;7
2024-03-06;3;2024;miércoles;08:00;2;1;2;8
2024-03-06;3;2024;miércoles;09:00;0;0;2;9
2024-03-06;3;2024;miércoles;10:00;1;0;1;10
2024-03-06;3;2024;miércoles;11:00;1;0;1;11
2024-03-06;3;2024;miércoles;12:00;1;0;1;12
2024-03-06;3;2024;miércoles;13:00;3;1;1;13
2024-03-06;3;2024;miércoles;14:00;1;0;2;14
2024-03-06;3;2024;miércoles;15:00;0;0;2;15
2024-03-06;3;2024;miércoles;16:00;0;0;2;16
2024-03-06;3;2024;miércoles;17:00;0;0;2;17
2024-03-06;3;2024;miércoles;18:00;1;0;1;18
2024-03-06;3;2024;miércoles;19:00;2;2;1;19
2024-03-06;3;2024;miércoles;20:00;2;2;1;20
2024-03-06;3;2024;miércoles;21:00;0;0;1;21
2024-03-06;3;2024;miércoles;22:00;0;0;2;22
2024-03-06;3;2024;miércoles;23:00;0;0;2;23
2024-03-07;3;2024;jueves;00:00:00;0;0;3;0
2024-03-07;3;2024;jueves;01:00;0;0;3;1
2024-03-07;3;2024;jueves;02:00;1;0;3;2
2024-03-07;3;2024;jueves;03:00;0;0;3;3
2024-03-07;3;2024;jueves;04:00;0;0;3;4
2024-03-07;3;2024;jueves;05:00;0;0;3;5
2024-03-07;3;2024;jueves;06:00;0;0;3;6
2024-03-07;3;2024;jueves;07:00;3;3;3;7
2024-03-07;3;2024;jueves;08:00;1;0;2;8
2024-03-07;3;2024;jueves;09:00;1;0;2;9
2024-03-07;3;2024;jueves;10:00;0;0;1;10
2024-03-07;3;2024;jueves;11:00;0;0;1;11
2024-03-07;3;2024;jueves;12:00;0;0;1;12
2024-03-07;3;2024;jueves;13:00;3;2;1;13
2024-03-07;3;2024;jueves;14:00;2;0;2;14
2024-03-07;3;2024;jueves;15:00;0;0;2;15
2024-03-07;3;2024;jueves;16:00;0;0;2;16
2024-03-07;3;2024;jueves;17:00;1;0;2;17
2024-03-07;3;2024;jueves;18:00;1;0;1;18
2024-03-07;3;2024;jueves;19:00;1;1;1;19
2024-03-07;3;2024;jueves;20:00;2;3;1;20
2024-03-07;3;2024;jueves;21:00;0;0;1;21
2024-03-07;3;2024;jueves;22:00;1;0;2;22
2024-03-07;3;2024;jueves;23:00;0;0;2;23
2024-03-08;3;2024;viernes;00:00:00;0;0;3;0
2024-03-08;3;2024;viernes;01:00;0;0;3;1
2024-03-08;3;2024;viernes;02:00;0;0;3;2
2024-03-08;3;2024;viernes;03:00;0;0;3;3
2024-03-08;3;2024;viernes;04:00;0;0;3;4
2024-03-08;3;2024;viernes;05:00;0;0;3;5
2024-03-08;3;2024;viernes;06:00;0;0;3;6
2024-03-08;3;2024;viernes;07:00;3;3;3;7
2024-03-08;3;2024;viernes;08:00;2;0;2;8
2024-03-08;3;2024;viernes;09:00;3;0;2;9
2024-03-08;3;2024;viernes;10:00;1;0;1;10
2024-03-08;3;2024;viernes;11:00;0;0;1;11
2024-03-08;3;2024;viernes;12:00;4;4;1;12
2024-03-08;3;2024;viernes;13:00;3;1;1;13
2024-03-08;3;2024;viernes;14:00;1;0;2;14
2024-03-08;3;2024;viernes;15:00;0;0;2;15
2024-03-08;3;2024;viernes;16:00;0;0;2;16
2024-03-08;3;2024;viernes;17:00;1;0;2;17
2024-03-08;3;2024;viernes;18:00;0;1;1;18
2024-03-08;3;2024;viernes;19:00;2;1;1;19
2024-03-08;3;2024;viernes;20:00;3;2;1;20
2024-03-08;3;2024;viernes;21:00;0;0;1;21
2024-03-08;3;2024;viernes;22:00;0;0;2;22
2024-03-08;3;2024;viernes;23:00;0;1;2;23
2024-03-09;3;2024;sábado;00:00:00;1;0;3;0
2024-03-09;3;2024;sábado;01:00;0;0;3;1
2024-03-09;3;2024;sábado;02:00;0;0;3;2
2024-03-09;3;2024;sábado;03:00;0;0;3;3
2024-03-09;3;2024;sábado;04:00;0;0;3;4
2024-03-09;3;2024;sábado;05:00;0;0;3;5
2024-03-09;3;2024;sábado;06:00;0;0;3;6
2024-03-09;3;2024;sábado;07:00;2;1;3;7
2024-03-09;3;2024;sábado;08:00;3;2;3;8
2024-03-09;3;2024;sábado;09:00;1;0;3;9
2024-03-09;3;2024;sábado;10:00;0;0;3;10
2024-03-09;3;2024;sábado;11:00;1;0;3;11
2024-03-09;3;2024;sábado;12:00;0;0;3;12
2024-03-09;3;2024;sábado;13:00;2;1;3;13
2024-03-09;3;2024;sábado;14:00;0;0;3;14
2024-03-09;3;2024;sábado;15:00;1;0;3;15
2024-03-09;3;2024;sábado;16:00;0;0;3;16
2024-03-09;3;2024;sábado;17:00;2;1;3;17
2024-03-09;3;2024;sábado;18:00;3;0;3;18
2024-03-09;3;2024;sábado;19:00;1;2;3;19
2024-03-09;3;2024;sábado;20:00;3;2;3;20
2024-03-09;3;2024;sábado;21:00;0;0;3;21
2024-03-09;3;2024;sábado;22:00;0;0;3;22
2024-03-09;3;2024;sábado;23:00;0;1;3;23
2024-03-10;3;2024;domingo;00:00:00;1;0;3;0
2024-03-10;3;2024;domingo;01:00;0;0;3;1
2024-03-10;3;2024;domingo;02:00;0;0;3;2
2024-03-10;3;2024;domingo;03:00;0;0;3;3
2024-03-10;3;2024;domingo;04:00;0;0;3;4
2024-03-10;3;2024;domingo;05:00;0;0;3;5
2024-03-10;3;2024;domingo;06:00;0;0;3;6
2024-03-10;3;2024;domingo;07:00;3;3;3;7
2024-03-10;3;2024;domingo;08:00;3;0;3;8
2024-03-10;3;2024;domingo;09:00;1;0;3;9
2024-03-10;3;2024;domingo;10:00;0;0;3;10
2024-03-10;3;2024;domingo;11:00;2;0;3;11
2024-03-10;3;2024;domingo;12:00;2;2;3;12
2024-03-10;3;2024;domingo;13:00;2;0;3;13
2024-03-10;3;2024;domingo;14:00;0;0;3;14
2024-03-10;3;2024;domingo;15:00;1;0;3;15
2024-03-10;3;2024;domingo;16:00;0;0;3;16
2024-03-10;3;2024;domingo;17:00;0;0;3;17
2024-03-10;3;2024;domingo;18:00;0;1;3;18
2024-03-10;3;2024;domingo;19:00;3;1;3;19
2024-03-10;3;2024;domingo;20:00;1;2;3;20
2024-03-10;3;2024;domingo;21:00;1;0;3;21
2024-03-10;3;2024;domingo;22:00;0;0;3;22
2024-03-10;3;2024;domingo;23:00;0;0;3;23
2024-03-11;3;2024;lunes;00:00:00;0;0;3;0
2024-03-11;3;2024;lunes;01:00;0;0;3;1
2024-03-11;3;2024;lunes;02:00;0;0;3;2
2024-03-11;3;2024;lunes;03:00;0;0;3;3
2024-03-11;3;2024;lunes;04:00;0;0;3;4
2024-03-11;3;2024;lunes;05:00;0;0;3;5
2024-03-11;3;2024;lunes;06:00;1;0;3;6
2024-03-11;3;2024;lunes;07:00;3;3;3;7
2024-03-11;3;2024;lunes;08:00;2;1;2;8
2024-03-11;3;2024;lunes;09:00;0;0;2;9
2024-03-11;3;2024;lunes;10:00;0;0;1;10
2024-03-11;3;2024;lunes;11:00;4;3;1;11
2024-03-11;3;2024;lunes;12:00;3;2;1;12
2024-03-11;3;2024;lunes;13:00;1;0;1;13
2024-03-11;3;2024;lunes;14:00;1;0;2;14
2024-03-11;3;2024;lunes;15:00;0;0;2;15
2024-03-11;3;2024;lunes;16:00;1;0;2;16
2024-03-11;3;2024;lunes;17:00;0;0;2;17
2024-03-11;3;2024;lunes;18:00;1;0;1;18
2024-03-11;3;2024;lunes;19:00;1;2;1;19
2024-03-11;3;2024;lunes;20:00;2;1;1;20
2024-03-11;3;2024;lunes;21:00;0;1;1;21
2024-03-11;3;2024;lunes;22:00;1;0;2;22
2024-03-11;3;2024;lunes;23:00;0;0;2;23
2024-03-12;3;2024;martes;00:00:00;0;0;3;0
2024-03-12;3;2024;martes;01:00;0;0;3;1
2024-03-12;3;2024;martes;02:00;0;0;3;2
2024-03-12;3;2024;martes;03:00;0;0;3;3
2024-03-12;3;2024;martes;04:00;0;0;3;4
2024-03-12;3;2024;martes;05:00;0;0;3;5
2024-03-12;3;2024;martes;06:00;0;0;3;6
2024-03-12;3;2024;martes;07:00;3;3;3;7
2024-03-12;3;2024;martes;08:00;3;0;2;8
2024-03-12;3;2024;martes;09:00;0;0;2;9
2024-03-12;3;2024;martes;10:00;1;0;1;10
2024-03-12;3;2024;martes;11:00;0;1;1;11
2024-03-12;3;2024;martes;12:00;1;0;1;12
2024-03-12;3;2024;martes;13:00;1;0;1;13
2024-03-12;3;2024;martes;14:00;0;0;2;14
2024-03-12;3;2024;martes;15:00;0;1;2;15
2024-03-12;3;2024;martes;16:00;0;0;2;16
2024-03-12;3;2024;martes;17:00;2;1;2;17
2024-03-12;3;2024;martes;18:00;3;1;1;18
2024-03-12;3;2024;martes;19:00;3;2;1;19
2024-03-12;3;2024;martes;20:00;2;1;1;20
2024-03-12;3;2024;martes;21:00;1;0;1;21
2024-03-12;3;2024;martes;22:00;0;0;2;22
2024-03-12;3;2024;martes;23:00;0;0;2;23
2024-03-13;3;2024;miércoles;00:00:00;1;0;3;0
2024-03-13;3;2024;miércoles;01:00;0;0;3;1
2024-03-13;3;2024;miércoles;02:00;0;0;3;2
2024-03-13;3;2024;miércoles;03:00;0;0;3;3
2024-03-13;3;2024;miércoles;04:00;0;0;3;4
2024-03-13;3;2024;miércoles;05:00;0;0;3;5
2024-03-13;3;2024;miércoles;06:00;0;0;3;6
2024-03-13;3;2024;miércoles;07:00;3;3;3;7
2024-03-13;3;2024;miércoles;08:00;2;0;2;8
2024-03-13;3;2024;miércoles;09:00;1;0;2;9
2024-03-13;3;2024;miércoles;10:00;0;0;1;10
2024-03-13;3;2024;miércoles;11:00;1;0;1;11
2024-03-13;3;2024;miércoles;12:00;5;3;1;12
2024-03-13;3;2024;miércoles;13:00;2;0;1;13
2024-03-13;3;2024;miércoles;14:00;2;1;2;14
2024-03-13;3;2024;miércoles;15:00;1;0;2;15
2024-03-13;3;2024;miércoles;16:00;0;0;2;16
2024-03-13;3;2024;miércoles;17:00;0;0;2;17
2024-03-13;3;2024;miércoles;18:00;1;0;1;18
2024-03-13;3;2024;miércoles;19:00;1;1;1;19
2024-03-13;3;2024;miércoles;20:00;2;2;1;20
2024-03-13;3;2024;miércoles;21:00;0;0;1;21
2024-03-13;3;2024;miércoles;22:00;1;0;2;22
2024-03-13;3;2024;miércoles;23:00;0;0;2;23
2024-03-14;3;2024;jueves;00:00:00;0;0;3;0
2024-03-14;3;2024;jueves;01:00;0;0;3;1
2024-03-14;3;2024;jueves;02:00;0;0;3;2
2024-03-14;3;2024;jueves;03:00;0;0;3;3
2024-03-14;3;2024;jueves;04:00;0;0;3;4
2024-03-14;3;2024;jueves;05:00;0;0;3;5
2024-03-14;3;2024;jueves;06:00;0;0;3;6
2024-03-14;3;2024;jueves;07:00;4;3;3;7
2024-03-14;3;2024;jueves;08:00;2;1;2;8
2024-03-14;3;2024;jueves;09:00;0;0;2;9
2024-03-14;3;2024;jueves;10:00;2;1;1;10
2024-03-14;3;2024;jueves;11:00;2;3;1;11
2024-03-14;3;2024;jueves;12:00;0;0;1;12
2024-03-14;3;2024;jueves;13:00;3;1;1;13
2024-03-14;3;2024;jueves;14:00;1;0;2;14
2024-03-14;3;2024;jueves;15:00;0;0;2;15
2024-03-14;3;2024;jueves;16:00;1;0;2;16
2024-03-14;3;2024;jueves;17:00;0;0;2;17
2024-03-14;3;2024;jueves;18:00;1;0;1;18
2024-03-14;3;2024;jueves;19:00;2;2;1;19
2024-03-14;3;2024;jueves;20:00;2;2;1;20
2024-03-14;3;2024;jueves;21:00;0;0;1;21
2024-03-14;3;2024;jueves;22:00;0;0;2;22
2024-03-14;3;2024;jueves;23:00;0;0;2;23
2024-03-15;3;2024;viernes;00:00:00;0;0;3;0
2024-03-15;3;2024;viernes;01:00;0;0;3;1
2024-03-15;3;2024;viernes;02:00;1;0;3;2
2024-03-15;3;2024;viernes;03:00;0;0;3;3
2024-03-15;3;2024;viernes;04:00;0;0;3;4
2024-03-15;3;2024;viernes;05:00;0;0;3;5
2024-03-15;3;2024;viernes;06:00;0;0;3;6
2024-03-15;3;2024;viernes;07:00;3;3;3;7
2024-03-15;3;2024;viernes;08:00;2;0;2;8
2024-03-15;3;2024;viernes;09:00;0;0;2;9
2024-03-15;3;2024;viernes;10:00;1;0;1;10
2024-03-15;3;2024;viernes;11:00;0;0;1;11
2024-03-15;3;2024;viernes;12:00;1;1;1;12
2024-03-15;3;2024;viernes;13:00;3;2;1;13
2024-03-15;3;2024;viernes;14:00;1;0;2;14
2024-03-15;3;2024;viernes;15:00;0;1;2;15
2024-03-15;3;2024;viernes;16:00;1;0;2;16
2024-03-15;3;2024;viernes;17:00;1;0;2;17
2024-03-15;3;2024;viernes;18:00;0;0;1;18
2024-03-15;3;2024;viernes;19:00;2;3;1;19
2024-03-15;3;2024;viernes;20:00;2;1;1;20
2024-03-15;3;2024;viernes;21:00;0;0;1;21
2024-03-15;3;2024;viernes;22:00;1;0;2;22
2024-03-15;3;2024;viernes;23:00;0;0;2;23
2024-03-16;3;2024;sábado;00:00:00;0;0;3;0
2024-03-16;3;2024;sábado;01:00;0;0;3;1
2024-03-16;3;2024;sábado;02:00;0;0;3;2
2024-03-16;3;2024;sábado;03:00;0;0;3;3
2024-03-16;3;2024;sábado;04:00;0;0;3;4
2024-03-16;3;2024;sábado;05:00;0;0;3;5
2024-03-16;3;2024;sábado;06:00;0;1;3;6
2024-03-16;3;2024;sábado;07:00;4;2;3;7
2024-03-16;3;2024;sábado;08:00;1;0;3;8
2024-03-16;3;2024;sábado;09:00;0;0;3;9
2024-03-16;3;2024;sábado;10:00;1;1;3;10
2024-03-16;3;2024;sábado;11:00;0;0;3;11
2024-03-16;3;2024;sábado;12:00;1;0;3;12
2024-03-16;3;2024;sábado;13:00;2;2;3;13
2024-03-16;3;2024;sábado;14:00;1;0;3;14
2024-03-16;3;2024;sábado;15:00;0;0;3;15
2024-03-16;3;2024;sábado;16:00;0;0;3;16
2024-03-16;3;2024;sábado;17:00;1;0;3;17
2024-03-16;3;2024;sábado;18:00;0;0;3;18
2024-03-16;3;2024;sábado;19:00;1;1;3;19
2024-03-16;3;2024;sábado;20:00;3;3;3;20
2024-03-16;3;2024;sábado;21:00;0;0;3;21
2024-03-16;3;2024;sábado;22:00;0;0;3;22
2024-03-16;3;2024;sábado;23:00;1;0;3;23
2024-03-17;3;2024;domingo;00:00:00;0;0;3;0
2024-03-17;3;2024;domingo;01:00;0;0;3;1
2024-03-17;3;2024;domingo;02:00;0;0;3;2
2024-03-17;3;2024;domingo;03:00;0;0;3;3
2024-03-17;3;2024;domingo;04:00;0;0;3;4
2024-03-17;3;2024;domingo;05:00;0;0;3;5
2024-03-17;3;2024;domingo;06:00;0;1;3;6
2024-03-17;3;2024;domingo;07:00;3;2;3;7
2024-03-17;3;2024;domingo;08:00;2;0;3;8
2024-03-17;3;2024;domingo;09:00;1;0;3;9
2024-03-17;3;2024;domingo;10:00;2;2;3;10
2024-03-17;3;2024;domingo;11:00;4;3;3;11
2024-03-17;3;2024;domingo;12:00;1;0;3;12
2024-03-17;3;2024;domingo;13:00;0;0;3;13
2024-03-17;3;2024;domingo;14:00;1;0;3;14
2024-03-17;3;2024;domingo;15:00;0;0;3;15
2024-03-17;3;2024;domingo;16:00;0;1;3;16
2024-03-17;3;2024;domingo;17:00;1;0;3;17
2024-03-17;3;2024;domingo;18:00;0;0;3;18
2024-03-17;3;2024;domingo;19:00;2;2;3;19
2024-03-17;3;2024;domingo;20:00;1;1;3;20
2024-03-17;3;2024;domingo;21:00;1;0;3;21
2024-03-17;3;2024;domingo;22:00;0;0;3;22
2024-03-17;3;2024;domingo;23:00;0;0;3;23
2024-03-18;3;2024;lunes;00:00:00;0;0;3;0
2024-03-18;3;2024;lunes;01:00;0;0;3;1
2024-03-18;3;2024;lunes;02:00;0;1;3;2
2024-03-18;3;2024;lunes;03:00;0;0;3;3
2024-03-18;3;2024;lunes;04:00;1;0;3;4
2024-03-18;3;2024;lunes;05:00;0;0;3;5
2024-03-18;3;2024;lunes;06:00;0;0;3;6
2024-03-18;3;2024;lunes;07:00;3;3;3;7
2024-03-18;3;2024;lunes;08:00;2;0;2;8
2024-03-18;3;2024;lunes;09:00;1;0;2;9
2024-03-18;3;2024;lunes;10:00;1;0;1;10
2024-03-18;3;2024;lunes;11:00;0;0;1;11
2024-03-18;3;2024;lunes;12:00;2;2;1;12
2024-03-18;3;2024;lunes;13:00;2;0;1;13
2024-03-18;3;2024;lunes;14:00;0;0;2;14
2024-03-18;3;2024;lunes;15:00;0;0;2;15
2024-03-18;3;2024;lunes;16:00;1;0;2;16
2024-03-18;3;2024;lunes;17:00;0;0;2;17
2024-03-18;3;2024;lunes;18:00;0;0;1;18
2024-03-18;3;2024;lunes;19:00;2;3;1;19
2024-03-18;3;2024;lunes;20:00;3;1;1;20
2024-03-18;3;2024;lunes;21:00;0;0;1;21
2024-03-18;3;2024;lunes;22:00;0;0;2;22
2024-03-18;3;2024;lunes;23:00;1;0;2;23
2024-03-19;3;2024;martes;00:00:00;0;0;3;0
2024-03-19;3;2024;martes;01:00;0;0;3;1
2024-03-19;3;2024;martes;02:00;0;0;3;2
2024-03-19;3;2024;martes;03:00;0;0;3;3
2024-03-19;3;2024;martes;04:00;0;0;3;4
2024-03-19;3;2024;martes;05:00;0;0;3;5
2024-03-19;3;2024;martes;06:00;0;0;3;6
2024-03-19;3;2024;martes;07:00;3;3;3;7
2024-03-19;3;2024;martes;08:00;1;0;2;8
2024-03-19;3;2024;martes;09:00;0;0;2;9
2024-03-19;3;2024;martes;10:00;1;0;1;10
2024-03-19;3;2024;martes;11:00;0;0;1;11
2024-03-19;3;2024;martes;12:00;1;1;1;12
2024-03-19;3;2024;martes;13:00;2;2;1;13
2024-03-19;3;2024;martes;14:00;1;0;2;14
2024-03-19;3;2024;martes;15:00;0;0;2;15
2024-03-19;3;2024;martes;16:00;1;1;2;16
2024-03-19;3;2024;martes;17:00;1;0;2;17
2024-03-19;3;2024;martes;18:00;1;1;1;18
2024-03-19;3;2024;martes;19:00;0;0;1;19
2024-03-19;3;2024;martes;20:00;4;3;1;20
2024-03-19;3;2024;martes;21:00;1;1;1;21
2024-03-19;3;2024;martes;22:00;0;0;2;22
2024-03-19;3;2024;martes;23:00;1;0;2;23
2024-03-20;3;2024;miércoles;00:00:00;0;0;3;0
2024-03-20;3;2024;miércoles;01:00;0;0;3;1
2024-03-20;3;2024;miércoles;02:00;0;0;3;2
2024-03-20;3;2024;miércoles;03:00;0;0;3;3
2024-03-20;3;2024;miércoles;04:00;1;0;3;4
2024-03-20;3;2024;miércoles;05:00;0;0;3;5
2024-03-20;3;2024;miércoles;06:00;0;0;3;6
2024-03-20;3;2024;miércoles;07:00;2;3;3;7
2024-03-20;3;2024;miércoles;08:00;1;0;2;8
2024-03-20;3;2024;miércoles;09:00;0;0;2;9
2024-03-20;3;2024;miércoles;10:00;0;0;1;10
2024-03-20;3;2024;miércoles;11:00;0;0;1;11
2024-03-20;3;2024;miércoles;12:00;1;0;1;12
2024-03-20;3;2024;miércoles;13:00;4;2;1;13
2024-03-20;3;2024;miércoles;14:00;0;0;2;14
2024-03-20;3;2024;miércoles;15:00;0;0;2;15
2024-03-20;3;2024;miércoles;16:00;1;0;2;16
2024-03-20;3;2024;miércoles;17:00;0;0;2;17
2024-03-20;3;2024;miércoles;18:00;1;0;1;18
2024-03-20;3;2024;miércoles;19:00;2;2;1;19
2024-03-20;3;2024;miércoles;20:00;2;2;1;20
2024-03-20;3;2024;miércoles;21:00;0;1;1;21
2024-03-20;3;2024;miércoles;22:00;0;0;2;22
2024-03-20;3;2024;miércoles;23:00;0;0;2;23
2024-03-21;3;2024;jueves;00:00:00;0;0;3;0
2024-03-21;3;2024;jueves;01:00;1;0;3;1
2024-03-21;3;2024;jueves;02:00;0;0;3;2
2024-03-21;3;2024;jueves;03:00;0;0;3;3
2024-03-21;3;2024;jueves;04:00;0;0;3;4
2024-03-21;3;2024;jueves;05:00;0;0;3;5
2024-03-21;3;2024;jueves;06:00;0;0;3;6
2024-03-21;3;2024;jueves;07:00;3;3;3;7
2024-03-21;3;2024;jueves;08:00;2;0;2;8
2024-03-21;3;2024;jueves;09:00;3;1;2;9
2024-03-21;3;2024;jueves;10:00;0;0;1;10
2024-03-21;3;2024;jueves;11:00;1;0;1;11
2024-03-21;3;2024;jueves;12:00;2;1;1;12
2024-03-21;3;2024;jueves;13:00;2;0;1;13
2024-03-21;3;2024;jueves;14:00;0;0;2;14
2024-03-21;3;2024;jueves;15:00;0;1;2;15
2024-03-21;3;2024;jueves;16:00;1;0;2;16
2024-03-21;3;2024;jueves;17:00;0;0;2;17
2024-03-21;3;2024;jueves;18:00;1;0;1;18
2024-03-21;3;2024;jueves;19:00;1;1;1;19
2024-03-21;3;2024;jueves;20:00;2;2;1;20
2024-03-21;3;2024;jueves;21:00;0;0;1;21
2024-03-21;3;2024;jueves;22:00;0;0;2;22
2024-03-21;3;2024;jueves;23:00;0;0;2;23
2024-03-22;3;2024;viernes;00:00:00;0;0;3;0
2024-03-22;3;2024;viernes;01:00;0;0;3;1
2024-03-22;3;2024;viernes;02:00;1;0;3;2
2024-03-22;3;2024;viernes;03:00;0;1;3;3
2024-03-22;3;2024;viernes;04:00;0;0;3;4
2024-03-22;3;2024;viernes;05:00;0;0;3;5
2024-03-22;3;2024;viernes;06:00;0;0;3;6
2024-03-22;3;2024;viernes;07:00;3;2;3;7
2024-03-22;3;2024;viernes;08:00;2;1;2;8
2024-03-22;3;2024;viernes;09:00;0;0;2;9
2024-03-22;3;2024;viernes;10:00;1;0;1;10
2024-03-22;3;2024;viernes;11:00;0;0;1;11
2024-03-22;3;2024;viernes;12:00;3;2;1;12
2024-03-22;3;2024;viernes;13:00;2;0;1;13
2024-03-22;3;2024;viernes;14:00;0;0;2;14
2024-03-22;3;2024;viernes;15:00;1;1;2;15
2024-03-22;3;2024;viernes;16:00;0;0;2;16
2024-03-22;3;2024;viernes;17:00;0;0;2;17
2024-03-22;3;2024;viernes;18:00;0;0;1;18
2024-03-22;3;2024;viernes;19:00;2;2;1;19
2024-03-22;3;2024;viernes;20:00;2;2;1;20
2024-03-22;3;2024;viernes;21:00;0;0;1;21
2024-03-22;3;2024;viernes;22:00;0;0;2;22
2024-03-22;3;2024;viernes;23:00;0;0;2;23
2024-03-23;3;2024;sábado;00:00:00;1;0;3;0
2024-03-23;3;2024;sábado;01:00;0;0;3;1
2024-03-23;3;2024;sábado;02:00;0;0;3;2
2024-03-23;3;2024;sábado;03:00;0;0;3;3
2024-03-23;3;2024;sábado;04:00;0;0;3;4
2024-03-23;3;2024;sábado;05:00;0;0;3;5
2024-03-23;3;2024;sábado;06:00;0;1;3;6
2024-03-23;3;2024;sábado;07:00;3;2;3;7
2024-03-23;3;2024;sábado;08:00;2;1;3;8
2024-03-23;3;2024;sábado;09:00;1;0;3;9
2024-03-23;3;2024;sábado;10:00;2;1;3;10
2024-03-23;3;2024;sábado;11:00;1;0;3;11
2024-03-23;3;2024;sábado;12:00;0;0;3;12
2024-03-23;3;2024;sábado;13:00;1;0;3;13
2024-03-23;3;2024;sábado;14:00;0;0;3;14
2024-03-23;3;2024;sábado;15:00;1;0;3;15
2024-03-23;3;2024;sábado;16:00;0;0;3;16
2024-03-23;3;2024;sábado;17:00;0;0;3;17
2024-03-23;3;2024;sábado;18:00;1;0;3;18
2024-03-23;3;2024;sábado;19:00;0;1;3;19
2024-03-23;3;2024;sábado;20:00;3;3;3;20
2024-03-23;3;2024;sábado;21:00;1;0;3;21
2024-03-23;3;2024;sábado;22:00;0;0;3;22
2024-03-23;3;2024;sábado;23:00;0;0;3;23
2024-03-24;3;2024;domingo;00:00:00;0;0;3;0
2024-03-24;3;2024;domingo;01:00;0;0;3;1
2024-03-24;3;2024;domingo;02:00;0;0;3;2
2024-03-24;3;2024;domingo;03:00;1;0;3;3
2024-03-24;3;2024;domingo;04:00;0;0;3;4
2024-03-24;3;2024;domingo;05:00;0;0;3;5
2024-03-24;3;2024;domingo;06:00;0;0;3;6
2024-03-24;3;2024;domingo;07:00;2;3;3;7
2024-03-24;3;2024;domingo;08:00;2;0;3;8
2024-03-24;3;2024;domingo;09:00;1;0;3;9
2024-03-24;3;2024;domingo;10:00;1;0;3;10
2024-03-24;3;2024;domingo;11:00;0;0;3;11
2024-03-24;3;2024;domingo;12:00;3;2;3;12
2024-03-24;3;2024;domingo;13:00;3;0;3;13
2024-03-24;3;2024;domingo;14:00;0;1;3;14
2024-03-24;3;2024;domingo;15:00;1;0;3;15
2024-03-24;3;2024;domingo;16:00;0;0;3;16
2024-03-24;3;2024;domingo;17:00;0;0;3;17
2024-03-24;3;2024;domingo;18:00;0;0;3;18
2024-03-24;3;2024;domingo;19:00;1;1;3;19
2024-03-24;3;2024;domingo;20:00;2;2;3;20
2024-03-24;3;2024;domingo;21:00;1;0;3;21
2024-03-24;3;2024;domingo;22:00;0;0;3;22
2024-03-24;3;2024;domingo;23:00;0;1;3;23
2024-03-25;3;2024;lunes;00:00:00;0;0;3;0
2024-03-25;3;2024;lunes;01:00;0;0;3;1
2024-03-25;3;2024;lunes;02:00;0;0;3;2
2024-03-25;3;2024;lunes;03:00;1;0;3;3
2024-03-25;3;2024;lunes;04:00;0;0;3;4
2024-03-25;3;2024;lunes;05:00;0;0;3;5
2024-03-25;3;2024;lunes;06:00;0;0;3;6
2024-03-25;3;2024;lunes;07:00;3;3;3;7
2024-03-25;3;2024;lunes;08:00;1;0;2;8
2024-03-25;3;2024;lunes;09:00;1;0;2;9
2024-03-25;3;2024;lunes;10:00;0;0;1;10
2024-03-25;3;2024;lunes;11:00;1;0;1;11
2024-03-25;3;2024;lunes;12:00;3;2;1;12
2024-03-25;3;2024;lunes;13:00;3;1;1;13
2024-03-25;3;2024;lunes;14:00;1;0;2;14
2024-03-25;3;2024;lunes;15:00;1;0;2;15
2024-03-25;3;2024;lunes;16:00;0;0;2;16
2024-03-25;3;2024;lunes;17:00;0;0;2;17
2024-03-25;3;2024;lunes;18:00;1;1;1;18
2024-03-25;3;2024;lunes;19:00;3;2;1;19
2024-03-25;3;2024;lunes;20:00;1;1;1;20
2024-03-25;3;2024;lunes;21:00;0;0;1;21
2024-03-25;3;2024;lunes;22:00;0;0;2;22
2024-03-25;3;2024;lunes;23:00;0;0;2;23
2024-03-26;3;2024;martes;00:00:00;1;0;3;0
2024-03-26;3;2024;martes;01:00;0;0;3;1
2024-03-26;3;2024;martes;02:00;0;0;3;2
2024-03-26;3;2024;martes;03:00;0;0;3;3
2024-03-26;3;2024;martes;04:00;0;0;3;4
2024-03-26;3;2024;martes;05:00;0;0;3;5
2024-03-26;3;2024;martes;06:00;0;0;3;6
2024-03-26;3;2024;martes;07:00;3;3;3;7
2024-03-26;3;2024;martes;08:00;2;0;2;8
2024-03-26;3;2024;martes;09:00;2;0;2;9
2024-03-26;3;2024;martes;10:00;0;0;1;10
2024-03-26;3;2024;martes;11:00;1;0;1;11
2024-03-26;3;2024;martes;12:00;0;0;1;12
2024-03-26;3;2024;martes;13:00;0;0;1;13
2024-03-26;3;2024;martes;14:00;1;1;2;14
2024-03-26;3;2024;martes;15:00;1;0;2;15
2024-03-26;3;2024;martes;16:00;0;0;2;16
2024-03-26;3;2024;martes;17:00;0;0;2;17
2024-03-26;3;2024;martes;18:00;1;0;1;18
2024-03-26;3;2024;martes;19:00;3;1;1;19
2024-03-26;3;2024;martes;20:00;2;3;1;20
2024-03-26;3;2024;martes;21:00;0;0;1;21
2024-03-26;3;2024;martes;22:00;1;0;2;22
2024-03-26;3;2024;martes;23:00;0;0;2;23
2024-03-27;3;2024;miércoles;00:00:00;0;0;3;0
2024-03-27;3;2024;miércoles;01:00;0;0;3;1
2024-03-27;3;2024;miércoles;02:00;0;0;3;2
2024-03-27;3;2024;miércoles;03:00;0;0;3;3
2024-03-27;3;2024;miércoles;04:00;1;1;3;4
2024-03-27;3;2024;miércoles;05:00;0;0;3;5
2024-03-27;3;2024;miércoles;06:00;0;0;3;6
2024-03-27;3;2024;miércoles;07:00;2;2;3;7
2024-03-27;3;2024;miércoles;08:00;3;0;2;8
2024-03-27;3;2024;miércoles;09:00;1;0;2;9
2024-03-27;3;2024;miércoles;10:00;1;0;1;10
2024-03-27;3;2024;miércoles;11:00;0;0;1;11
2024-03-27;3;2024;miércoles;12:00;3;1;1;12
2024-03-27;3;2024;miércoles;13:00;2;1;1;13
2024-03-27;3;2024;miércoles;14:00;0;0;2;14
2024-03-27;3;2024;miércoles;15:00;1;0;2;15
2024-03-27;3;2024;miércoles;16:00;0;0;2;16
2024-03-27;3;2024;miércoles;17:00;0;0;2;17
2024-03-27;3;2024;miércoles;18:00;1;0;1;18
2024-03-27;3;2024;miércoles;19:00;1;1;1;19
2024-03-27;3;2024;miércoles;20:00;2;2;1;20
2024-03-27;3;2024;miércoles;21:00;0;0;1;21
2024-03-27;3;2024;miércoles;22:00;1;0;2;22
2024-03-27;3;2024;miércoles;23:00;0;0;2;23
2024-03-28;3;2024;jueves;00:00:00;0;1;3;0
2024-03-28;3;2024;jueves;01:00;0;0;3;1
2024-03-28;3;2024;jueves;02:00;0;0;3;2
2024-03-28;3;2024;jueves;03:00;0;0;3;3
2024-03-28;3;2024;jueves;04:00;0;0;3;4
2024-03-28;3;2024;jueves;05:00;0;0;3;5
2024-03-28;3;2024;jueves;06:00;0;0;3;6
2024-03-28;3;2024;jueves;07:00;3;2;3;7
2024-03-28;3;2024;jueves;08:00;3;1;2;8
2024-03-28;3;2024;jueves;09:00;0;0;2;9
2024-03-28;3;2024;jueves;10:00;1;0;1;10
2024-03-28;3;2024;jueves;11:00;0;0;1;11
2024-03-28;3;2024;jueves;12:00;2;1;1;12
2024-03-28;3;2024;jueves;13:00;2;1;1;13
2024-03-28;3;2024;jueves;14:00;0;0;2;14
2024-03-28;3;2024;jueves;15:00;1;0;2;15
2024-03-28;3;2024;jueves;16:00;0;0;2;16
2024-03-28;3;2024;jueves;17:00;0;0;2;17
2024-03-28;3;2024;jueves;18:00;0;0;1;18
2024-03-28;3;2024;jueves;19:00;2;2;1;19
2024-03-28;3;2024;jueves;20:00;2;1;1;20
2024-03-28;3;2024;jueves;21:00;0;0;1;21
2024-03-28;3;2024;jueves;22:00;1;0;2;22
2024-03-28;3;2024;jueves;23:00;0;0;2;23
2024-03-29;3;2024;viernes;00:00:00;0;1;3;0
2024-03-29;3;2024;viernes;01:00;0;0;3;1
2024-03-29;3;2024;viernes;02:00;0;0;3;2
2024-03-29;3;2024;viernes;03:00;0;0;3;3
2024-03-29;3;2024;viernes;04:00;0;0;3;4
2024-03-29;3;2024;viernes;05:00;0;0;3;5
2024-03-29;3;2024;viernes;06:00;1;0;3;6
2024-03-29;3;2024;viernes;07:00;3;2;3;7
2024-03-29;3;2024;viernes;08:00;1;1;3;8
2024-03-29;3;2024;viernes;09:00;1;0;3;9
2024-03-29;3;2024;viernes;10:00;1;0;3;10
2024-03-29;3;2024;viernes;11:00;3;1;3;11
2024-03-29;3;2024;viernes;12:00;2;0;3;12
2024-03-29;3;2024;viernes;13:00;1;1;3;13
2024-03-29;3;2024;viernes;14:00;1;0;3;14
2024-03-29;3;2024;viernes;15:00;0;1;3;15
2024-03-29;3;2024;viernes;16:00;0;0;3;16
2024-03-29;3;2024;viernes;17:00;1;0;3;17
2024-03-29;3;2024;viernes;18:00;0;0;3;18
2024-03-29;3;2024;viernes;19:00;4;1;3;19
2024-03-29;3;2024;viernes;20:00;4;2;3;20
2024-03-29;3;2024;viernes;21:00;0;0;3;21
2024-03-29;3;2024;viernes;22:00;0;0;3;22
2024-03-29;3;2024;viernes;23:00;0;0;3;23
2024-03-30;3;2024;sábado;00:00:00;0;0;3;0
2024-03-30;3;2024;sábado;01:00;0;1;3;1
2024-03-30;3;2024;sábado;02:00;0;0;3;2
2024-03-30;3;2024;sábado;03:00;1;0;3;3
2024-03-30;3;2024;sábado;04:00;0;0;3;4
2024-03-30;3;2024;sábado;05:00;0;0;3;5
2024-03-30;3;2024;sábado;06:00;0;0;3;6
2024-03-30;3;2024;sábado;07:00;3;2;3;7
2024-03-30;3;2024;sábado;08:00;1;1;3;8
2024-03-30;3;2024;sábado;09:00;1;0;3;9
2024-03-30;3;2024;sábado;10:00;0;0;3;10
2024-03-30;3;2024;sábado;11:00;1;0;3;11
2024-03-30;3;2024;sábado;12:00;2;0;3;12
2024-03-30;3;2024;sábado;13:00;3;1;3;13
2024-03-30;3;2024;sábado;14:00;0;0;3;14
2024-03-30;3;2024;sábado;15:00;0;0;3;15
2024-03-30;3;2024;sábado;16:00;1;0;3;16
2024-03-30;3;2024;sábado;17:00;0;0;3;17
2024-03-30;3;2024;sábado;18:00;0;0;3;18
2024-03-30;3;2024;sábado;19:00;1;2;3;19
2024-03-30;3;2024;sábado;20:00;3;2;3;20
2024-03-30;3;2024;sábado;21:00;0;0;3;21
2024-03-30;3;2024;sábado;22:00;0;0;3;22
2024-03-30;3;2024;sábado;23:00;0;0;3;23
2024-03-31;3;2024;domingo;00:00:00;0;0;3;0
2024-03-31;3;2024;domingo;01:00;0;0;3;1
2024-03-31;3;2024;domingo;02:00;0;0;3;2
2024-03-31;3;2024;domingo;03:00;1;0;3;3
2024-03-31;3;2024;domingo;04:00;0;0;3;4
2024-03-31;3;2024;domingo;05:00;0;0;3;5
2024-03-31;3;2024;domingo;06:00;0;0;3;6
2024-03-31;3;2024;domingo;07:00;2;3;3;7
2024-03-31;3;2024;domingo;08:00;0;0;3;8
2024-03-31;3;2024;domingo;09:00;1;0;3;9
2024-03-31;3;2024;domingo;10:00;0;0;3;10
2024-03-31;3;2024;domingo;11:00;0;0;3;11
2024-03-31;3;2024;domingo;12:00;3;1;3;12
2024-03-31;3;2024;domingo;13:00;4;0;3;13
2024-03-31;3;2024;domingo;14:00;0;0;3;14
2024-03-31;3;2024;domingo;15:00;1;0;3;15
2024-03-31;3;2024;domingo;16:00;0;0;3;16
2024-03-31;3;2024;domingo;17:00;1;0;3;17
2024-03-31;3;2024;domingo;18:00;2;1;3;18
2024-03-31;3;2024;domingo;19:00;3;2;3;19
2024-03-31;3;2024;domingo;20:00;0;0;3;20
2024-03-31;3;2024;domingo;21:00;0;0;3;21
2024-03-31;3;2024;domingo;22:00;0;0;3;22
2024-04-01;4;2024;lunes;00:00:00;0;0;3;0
2024-04-01;4;2024;lunes;01:00;0;0;3;1
2024-04-01;4;2024;lunes;02:00;1;0;3;2
2024-04-01;4;2024;lunes;03:00;0;0;3;3
2024-04-01;4;2024;lunes;04:00;0;0;3;4
2024-04-01;4;2024;lunes;05:00;0;0;3;5
2024-04-01;4;2024;lunes;06:00;0;0;3;6
2024-04-01;4;2024;lunes;07:00;2;2;3;7
2024-04-01;4;2024;lunes;08:00;2;2;2;8
2024-04-01;4;2024;lunes;09:00;0;0;2;9
2024-04-01;4;2024;lunes;10:00;1;0;1;10
2024-04-01;4;2024;lunes;11:00;1;0;1;11
2024-04-01;4;2024;lunes;12:00;1;0;1;12
2024-04-01;4;2024;lunes;13:00;3;1;1;13
2024-04-01;4;2024;lunes;14:00;1;0;2;14
2024-04-01;4;2024;lunes;15:00;0;0;2;15
2024-04-01;4;2024;lunes;16:00;1;0;2;16
2024-04-01;4;2024;lunes;17:00;0;0;2;17
2024-04-01;4;2024;lunes;18:00;1;0;1;18
2024-04-01;4;2024;lunes;19:00;1;2;1;19
2024-04-01;4;2024;lunes;20:00;1;1;1;20
2024-04-01;4;2024;lunes;21:00;1;0;1;21
2024-04-01;4;2024;lunes;22:00;1;0;2;22
2024-04-01;4;2024;lunes;23:00;0;0;2;23
2024-04-02;4;2024;martes;00:00:00;0;0;3;0
2024-04-02;4;2024;martes;01:00;0;0;3;1
2024-04-02;4;2024;martes;02:00;0;0;3;2
2024-04-02;4;2024;martes;03:00;0;0;3;3
2024-04-02;4;2024;martes;04:00;0;1;3;4
2024-04-02;4;2024;martes;05:00;0;0;3;5
2024-04-02;4;2024;martes;06:00;1;0;3;6
2024-04-02;4;2024;martes;07:00;4;3;3;7
2024-04-02;4;2024;martes;08:00;1;0;2;8
2024-04-02;4;2024;martes;09:00;0;0;2;9
2024-04-02;4;2024;martes;10:00;1;0;1;10
2024-04-02;4;2024;martes;11:00;1;0;1;11
2024-04-02;4;2024;martes;12:00;2;0;1;12
2024-04-02;4;2024;martes;13:00;1;1;1;13
2024-04-02;4;2024;martes;14:00;1;0;2;14
2024-04-02;4;2024;martes;15:00;1;0;2;15
2024-04-02;4;2024;martes;16:00;1;1;2;16
2024-04-02;4;2024;martes;17:00;1;0;2;17
2024-04-02;4;2024;martes;18:00;1;1;1;18
2024-04-02;4;2024;martes;19:00;2;0;1;19
2024-04-02;4;2024;martes;20:00;1;0;1;20
2024-04-02;4;2024;martes;21:00;1;1;1;21
2024-04-02;4;2024;martes;22:00;0;0;2;22
2024-04-02;4;2024;martes;23:00;1;0;2;23
2024-04-03;4;2024;miércoles;00:00:00;0;0;3;0
2024-04-03;4;2024;miércoles;01:00;0;0;3;1
2024-04-03;4;2024;miércoles;02:00;0;0;3;2
2024-04-03;4;2024;miércoles;03:00;0;0;3;3
2024-04-03;4;2024;miércoles;04:00;0;0;3;4
2024-04-03;4;2024;miércoles;05:00;0;0;3;5
2024-04-03;4;2024;miércoles;06:00;0;0;3;6
2024-04-03;4;2024;miércoles;07:00;0;0;3;7
2024-04-03;4;2024;miércoles;08:00;1;0;2;8
2024-04-03;4;2024;miércoles;09:00;1;0;2;9
2024-04-03;4;2024;miércoles;10:00;1;0;1;10
2024-04-03;4;2024;miércoles;11:00;1;0;1;11
2024-04-03;4;2024;miércoles;12:00;0;0;1;12
2024-04-03;4;2024;miércoles;13:00;1;2;1;13
2024-04-03;4;2024;miércoles;14:00;1;0;2;14
2024-04-03;4;2024;miércoles;15:00;0;0;2;15
2024-04-03;4;2024;miércoles;16:00;1;0;2;16
2024-04-03;4;2024;miércoles;17:00;0;0;2;17
2024-04-03;4;2024;miércoles;18:00;0;0;1;18
2024-04-03;4;2024;miércoles;19:00;0;0;1;19
2024-04-03;4;2024;miércoles;20:00;2;0;1;20
2024-04-03;4;2024;miércoles;21:00;0;0;1;21
2024-04-03;4;2024;miércoles;22:00;1;0;2;22
2024-04-03;4;2024;miércoles;23:00;0;0;2;23
2024-04-04;4;2024;jueves;00:00:00;0;0;3;0
2024-04-04;4;2024;jueves;01:00;0;0;3;1
2024-04-04;4;2024;jueves;02:00;0;0;3;2
2024-04-04;4;2024;jueves;03:00;0;0;3;3
2024-04-04;4;2024;jueves;04:00;0;0;3;4
2024-04-04;4;2024;jueves;05:00;0;0;3;5
2024-04-04;4;2024;jueves;06:00;0;0;3;6
2024-04-04;4;2024;jueves;07:00;1;0;3;7
2024-04-04;4;2024;jueves;08:00;0;0;2;8
2024-04-04;4;2024;jueves;09:00;1;1;2;9
2024-04-04;4;2024;jueves;10:00;1;0;1;10
2024-04-04;4;2024;jueves;11:00;1;0;1;11
2024-04-04;4;2024;jueves;12:00;1;0;1;12
2024-04-04;4;2024;jueves;13:00;2;0;1;13
2024-04-04;4;2024;jueves;14:00;1;0;2;14
2024-04-04;4;2024;jueves;15:00;0;0;2;15
2024-04-04;4;2024;jueves;16:00;0;0;2;16
2024-04-04;4;2024;jueves;17:00;1;0;2;17
2024-04-04;4;2024;jueves;18:00;0;0;1;18
2024-04-04;4;2024;jueves;19:00;0;0;1;19
2024-04-04;4;2024;jueves;20:00;1;0;1;20
2024-04-04;4;2024;jueves;21:00;0;0;1;21
2024-04-04;4;2024;jueves;22:00;1;0;2;22
2024-04-04;4;2024;jueves;23:00;0;0;2;23
2024-04-05;4;2024;viernes;00:00:00;0;0;3;0
2024-04-05;4;2024;viernes;01:00;0;0;3;1
2024-04-05;4;2024;viernes;02:00;0;0;3;2
2024-04-05;4;2024;viernes;03:00;0;0;3;3
2024-04-05;4;2024;viernes;04:00;0;0;3;4
2024-04-05;4;2024;viernes;05:00;0;0;3;5
2024-04-05;4;2024;viernes;06:00;0;0;3;6
2024-04-05;4;2024;viernes;07:00;0;0;3;7
2024-04-05;4;2024;viernes;08:00;1;1;2;8
2024-04-05;4;2024;viernes;09:00;1;0;2;9
2024-04-05;4;2024;viernes;10:00;0;0;1;10
2024-04-05;4;2024;viernes;11:00;1;1;1;11
2024-04-05;4;2024;viernes;12:00;1;0;1;12
2024-04-05;4;2024;viernes;13:00;0;0;1;13
2024-04-05;4;2024;viernes;14:00;1;0;2;14
2024-04-05;4;2024;viernes;15:00;0;0;2;15
2024-04-05;4;2024;viernes;16:00;1;0;2;16
2024-04-05;4;2024;viernes;17:00;0;0;2;17
2024-04-05;4;2024;viernes;18:00;0;1;1;18
2024-04-05;4;2024;viernes;19:00;1;0;1;19
2024-04-05;4;2024;viernes;20:00;2;0;1;20
2024-04-05;4;2024;viernes;21:00;1;0;1;21
2024-04-05;4;2024;viernes;22:00;0;0;2;22
2024-04-05;4;2024;viernes;23:00;1;0;2;23
2024-04-06;4;2024;sábado;00:00:00;0;0;3;0
2024-04-06;4;2024;sábado;01:00;0;0;3;1
2024-04-06;4;2024;sábado;02:00;0;0;3;2
2024-04-06;4;2024;sábado;03:00;0;0;3;3
2024-04-06;4;2024;sábado;04:00;0;0;3;4
2024-04-06;4;2024;sábado;05:00;0;0;3;5
2024-04-06;4;2024;sábado;06:00;0;0;3;6
2024-04-06;4;2024;sábado;07:00;0;0;3;7
2024-04-06;4;2024;sábado;08:00;1;0;3;8
2024-04-06;4;2024;sábado;09:00;1;0;3;9
2024-04-06;4;2024;sábado;10:00;2;2;3;10
2024-04-06;4;2024;sábado;11:00;0;0;3;11
2024-04-06;4;2024;sábado;12:00;0;0;3;12
2024-04-06;4;2024;sábado;13:00;1;0;3;13
2024-04-06;4;2024;sábado;14:00;0;0;3;14
2024-04-06;4;2024;sábado;15:00;0;0;3;15
2024-04-06;4;2024;sábado;16:00;0;0;3;16
2024-04-06;4;2024;sábado;17:00;0;0;3;17
2024-04-06;4;2024;sábado;18:00;0;0;3;18
2024-04-06;4;2024;sábado;19:00;1;0;3;19
2024-04-06;4;2024;sábado;20:00;0;1;3;20
2024-04-06;4;2024;sábado;21:00;0;0;3;21
2024-04-06;4;2024;sábado;22:00;1;0;3;22
2024-04-06;4;2024;sábado;23:00;0;0;3;23
2024-04-07;4;2024;domingo;00:00:00;0;0;3;0
2024-04-07;4;2024;domingo;01:00;0;0;3;1
2024-04-07;4;2024;domingo;02:00;0;0;3;2
2024-04-07;4;2024;domingo;03:00;0;0;3;3
2024-04-07;4;2024;domingo;04:00;0;0;3;4
2024-04-07;4;2024;domingo;05:00;0;0;3;5
2024-04-07;4;2024;domingo;06:00;0;0;3;6
2024-04-07;4;2024;domingo;07:00;1;0;3;7
2024-04-07;4;2024;domingo;08:00;0;0;3;8
2024-04-07;4;2024;domingo;09:00;0;0;3;9
2024-04-07;4;2024;domingo;10:00;1;1;3;10
2024-04-07;4;2024;domingo;11:00;0;0;3;11
2024-04-07;4;2024;domingo;12:00;0;0;3;12
2024-04-07;4;2024;domingo;13:00;1;0;3;13
2024-04-07;4;2024;domingo;14:00;0;0;3;14
2024-04-07;4;2024;domingo;15:00;0;0;3;15
2024-04-07;4;2024;domingo;16:00;0;0;3;16
2024-04-07;4;2024;domingo;17:00;0;0;3;17
2024-04-07;4;2024;domingo;18:00;1;0;3;18
2024-04-07;4;2024;domingo;19:00;0;0;3;19
2024-04-07;4;2024;domingo;20:00;0;0;3;20
2024-04-07;4;2024;domingo;21:00;0;0;3;21
2024-04-07;4;2024;domingo;22:00;0;1;3;22
2024-04-07;4;2024;domingo;23:00;1;0;3;23
2024-04-08;4;2024;lunes;00:00:00;0;0;3;0
2024-04-08;4;2024;lunes;01:00;0;0;3;1
2024-04-08;4;2024;lunes;02:00;0;0;3;2
2024-04-08;4;2024;lunes;03:00;0;0;3;3
2024-04-08;4;2024;lunes;04:00;0;0;3;4
2024-04-08;4;2024;lunes;05:00;0;0;3;5
2024-04-08;4;2024;lunes;06:00;0;0;3;6
2024-04-08;4;2024;lunes;07:00;0;0;3;7
2024-04-08;4;2024;lunes;08:00;1;0;2;8
2024-04-08;4;2024;lunes;09:00;1;0;2;9
2024-04-08;4;2024;lunes;10:00;0;0;1;10
2024-04-08;4;2024;lunes;11:00;1;0;1;11
2024-04-08;4;2024;lunes;12:00;0;0;1;12
2024-04-08;4;2024;lunes;13:00;1;0;1;13
2024-04-08;4;2024;lunes;14:00;0;0;2;14
2024-04-08;4;2024;lunes;15:00;0;0;2;15
2024-04-08;4;2024;lunes;16:00;0;0;2;16
2024-04-08;4;2024;lunes;17:00;1;1;2;17
2024-04-08;4;2024;lunes;18:00;0;0;1;18
2024-04-08;4;2024;lunes;19:00;0;0;1;19
2024-04-08;4;2024;lunes;20:00;0;0;1;20
2024-04-08;4;2024;lunes;21:00;0;0;1;21
2024-04-08;4;2024;lunes;22:00;1;0;2;22
2024-04-08;4;2024;lunes;23:00;0;0;2;23
2024-04-09;4;2024;martes;00:00:00;0;0;3;0
2024-04-09;4;2024;martes;01:00;0;0;3;1
2024-04-09;4;2024;martes;02:00;0;0;3;2
2024-04-09;4;2024;martes;03:00;0;0;3;3
2024-04-09;4;2024;martes;04:00;0;0;3;4
2024-04-09;4;2024;martes;05:00;0;0;3;5
2024-04-09;4;2024;martes;06:00;0;0;3;6
2024-04-09;4;2024;martes;07:00;1;0;3;7
2024-04-09;4;2024;martes;08:00;0;0;2;8
2024-04-09;4;2024;martes;09:00;0;0;2;9
2024-04-09;4;2024;martes;10:00;1;0;1;10
2024-04-09;4;2024;martes;11:00;0;0;1;11
2024-04-09;4;2024;martes;12:00;0;0;1;12
2024-04-09;4;2024;martes;13:00;1;0;1;13
2024-04-09;4;2024;martes;14:00;0;0;2;14
2024-04-09;4;2024;martes;15:00;0;0;2;15
2024-04-09;4;2024;martes;16:00;0;0;2;16
2024-04-09;4;2024;martes;17:00;1;0;2;17
2024-04-09;4;2024;martes;18:00;0;0;1;18
2024-04-09;4;2024;martes;19:00;0;0;1;19
2024-04-09;4;2024;martes;20:00;0;0;1;20
2024-04-09;4;2024;martes;21:00;1;0;1;21
2024-04-09;4;2024;martes;22:00;0;1;2;22
2024-04-09;4;2024;martes;23:00;0;0;2;23
2024-04-10;4;2024;miércoles;00:00:00;0;0;3;0
2024-04-10;4;2024;miércoles;01:00;0;0;3;1
2024-04-10;4;2024;miércoles;02:00;0;0;3;2
2024-04-10;4;2024;miércoles;03:00;0;0;3;3
2024-04-10;4;2024;miércoles;04:00;0;0;3;4
2024-04-10;4;2024;miércoles;05:00;0;0;3;5
2024-04-10;4;2024;miércoles;06:00;0;0;3;6
2024-04-10;4;2024;miércoles;07:00;1;0;3;7
2024-04-10;4;2024;miércoles;08:00;0;0;2;8
2024-04-10;4;2024;miércoles;09:00;1;0;2;9
2024-04-10;4;2024;miércoles;10:00;0;0;1;10
2024-04-10;4;2024;miércoles;11:00;1;0;1;11
2024-04-10;4;2024;miércoles;12:00;0;0;1;12
2024-04-10;4;2024;miércoles;13:00;0;0;1;13
2024-04-10;4;2024;miércoles;14:00;1;0;2;14
2024-04-10;4;2024;miércoles;15:00;0;0;2;15
2024-04-10;4;2024;miércoles;16:00;0;0;2;16
2024-04-10;4;2024;miércoles;17:00;0;0;2;17
2024-04-10;4;2024;miércoles;18:00;1;0;1;18
2024-04-10;4;2024;miércoles;19:00;0;0;1;19
2024-04-10;4;2024;miércoles;20:00;0;0;1;20
2024-04-10;4;2024;miércoles;21:00;0;0;1;21
2024-04-10;4;2024;miércoles;22:00;0;0;2;22
2024-04-10;4;2024;miércoles;23:00;1;1;2;23
2024-04-11;4;2024;jueves;00:00:00;0;0;3;0
2024-04-11;4;2024;jueves;01:00;0;0;3;1
2024-04-11;4;2024;jueves;02:00;0;0;3;2
2024-04-11;4;2024;jueves;03:00;0;0;3;3
2024-04-11;4;2024;jueves;04:00;0;0;3;4
2024-04-11;4;2024;jueves;05:00;0;0;3;5
2024-04-11;4;2024;jueves;06:00;0;0;3;6
2024-04-11;4;2024;jueves;07:00;0;0;3;7
2024-04-11;4;2024;jueves;08:00;1;0;2;8
2024-04-11;4;2024;jueves;09:00;0;0;2;9
2024-04-11;4;2024;jueves;10:00;1;0;1;10
2024-04-11;4;2024;jueves;11:00;0;0;1;11
2024-04-11;4;2024;jueves;12:00;0;0;1;12
2024-04-11;4;2024;jueves;13:00;1;0;1;13
2024-04-11;4;2024;jueves;14:00;1;0;2;14
2024-04-11;4;2024;jueves;15:00;0;0;2;15
2024-04-11;4;2024;jueves;16:00;0;0;2;16
2024-04-11;4;2024;jueves;17:00;0;0;2;17
2024-04-11;4;2024;jueves;18:00;0;0;1;18
2024-04-11;4;2024;jueves;19:00;0;0;1;19
2024-04-11;4;2024;jueves;20:00;1;0;1;20
2024-04-11;4;2024;jueves;21:00;0;0;1;21
2024-04-11;4;2024;jueves;22:00;0;0;2;22
2024-04-11;4;2024;jueves;23:00;0;0;2;23
2024-04-12;4;2024;viernes;00:00:00;0;0;3;0
2024-04-12;4;2024;viernes;01:00;0;0;3;1
2024-04-12;4;2024;viernes;02:00;0;0;3;2
2024-04-12;4;2024;viernes;03:00;0;0;3;3
2024-04-12;4;2024;viernes;04:00;0;0;3;4
2024-04-12;4;2024;viernes;05:00;0;0;3;5
2024-04-12;4;2024;viernes;06:00;1;0;3;6
2024-04-12;4;2024;viernes;07:00;0;0;3;7
2024-04-12;4;2024;viernes;08:00;0;0;2;8
2024-04-12;4;2024;viernes;09:00;0;0;2;9
2024-04-12;4;2024;viernes;10:00;1;1;1;10
2024-04-12;4;2024;viernes;11:00;0;0;1;11
2024-04-12;4;2024;viernes;12:00;1;0;1;12
2024-04-12;4;2024;viernes;13:00;1;0;1;13
2024-04-12;4;2024;viernes;14:00;1;0;2;14
2024-04-12;4;2024;viernes;15:00;0;0;2;15
2024-04-12;4;2024;viernes;16:00;0;1;2;16
2024-04-12;4;2024;viernes;17:00;0;0;2;17
2024-04-12;4;2024;viernes;18:00;0;0;1;18
2024-04-12;4;2024;viernes;19:00;1;0;1;19
2024-04-12;4;2024;viernes;20:00;0;0;1;20
2024-04-12;4;2024;viernes;21:00;0;0;1;21
2024-04-12;4;2024;viernes;22:00;0;0;2;22
2024-04-12;4;2024;viernes;23:00;0;0;2;23
2024-04-13;4;2024;sábado;00:00:00;0;0;3;0
2024-04-13;4;2024;sábado;01:00;0;0;3;1
2024-04-13;4;2024;sábado;02:00;0;0;3;2
2024-04-13;4;2024;sábado;03:00;0;0;3;3
2024-04-13;4;2024;sábado;04:00;1;0;3;4
2024-04-13;4;2024;sábado;05:00;0;0;3;5
2024-04-13;4;2024;sábado;06:00;0;0;3;6
2024-04-13;4;2024;sábado;07:00;0;0;3;7
2024-04-13;4;2024;sábado;08:00;0;0;3;8
2024-04-13;4;2024;sábado;09:00;0;0;3;9
2024-04-13;4;2024;sábado;10:00;1;0;3;10
2024-04-13;4;2024;sábado;11:00;0;0;3;11
2024-04-13;4;2024;sábado;12:00;1;1;3;12
2024-04-13;4;2024;sábado;13:00;0;0;3;13
2024-04-13;4;2024;sábado;14:00;1;0;3;14
2024-04-13;4;2024;sábado;15:00;0;0;3;15
2024-04-13;4;2024;sábado;16:00;0;0;3;16
2024-04-13;4;2024;sábado;17:00;0;0;3;17
2024-04-13;4;2024;sábado;18:00;0;0;3;18
2024-04-13;4;2024;sábado;19:00;0;0;3;19
2024-04-13;4;2024;sábado;20:00;0;0;3;20
2024-04-13;4;2024;sábado;21:00;0;0;3;21
2024-04-13;4;2024;sábado;22:00;0;0;3;22
2024-04-13;4;2024;sábado;23:00;0;0;3;23
2024-04-14;4;2024;domingo;00:00:00;0;0;3;0
2024-04-14;4;2024;domingo;01:00;0;0;3;1
2024-04-14;4;2024;domingo;02:00;1;0;3;2
2024-04-14;4;2024;domingo;03:00;0;0;3;3
2024-04-14;4;2024;domingo;04:00;0;0;3;4
2024-04-14;4;2024;domingo;05:00;0;0;3;5
2024-04-14;4;2024;domingo;06:00;0;0;3;6
2024-04-14;4;2024;domingo;07:00;0;0;3;7
2024-04-14;4;2024;domingo;08:00;0;0;3;8
2024-04-14;4;2024;domingo;09:00;0;0;3;9
2024-04-14;4;2024;domingo;10:00;0;0;3;10
2024-04-14;4;2024;domingo;11:00;0;0;3;11
2024-04-14;4;2024;domingo;12:00;0;0;3;12
2024-04-14;4;2024;domingo;13:00;0.504;0;3;13
2024-04-14;4;2024;domingo;14:00;0.496;0;3;14
2024-04-14;4;2024;domingo;15:00;0;1;3;15
2024-04-14;4;2024;domingo;16:00;0;0;3;16
2024-04-14;4;2024;domingo;17:00;0;0;3;17
2024-04-14;4;2024;domingo;18:00;0;0;3;18
2024-04-14;4;2024;domingo;19:00;0;0;3;19
2024-04-14;4;2024;domingo;20:00;0;0;3;20
2024-04-14;4;2024;domingo;21:00;0;0;3;21
2024-04-14;4;2024;domingo;22:00;1;0;3;22
2024-04-14;4;2024;domingo;23:00;0;0;3;23
2024-04-15;4;2024;lunes;00:00:00;0;0;3;0
2024-04-15;4;2024;lunes;01:00;0;0;3;1
2024-04-15;4;2024;lunes;02:00;0;0;3;2
2024-04-15;4;2024;lunes;03:00;0;0;3;3
2024-04-15;4;2024;lunes;04:00;0;0;3;4
2024-04-15;4;2024;lunes;05:00;0;0;3;5
2024-04-15;4;2024;lunes;06:00;0;0;3;6
2024-04-15;4;2024;lunes;07:00;0;0;3;7
2024-04-15;4;2024;lunes;08:00;0;0;2;8
2024-04-15;4;2024;lunes;09:00;0;0;2;9
2024-04-15;4;2024;lunes;10:00;1;0;1;10
2024-04-15;4;2024;lunes;11:00;0;1;1;11
2024-04-15;4;2024;lunes;12:00;0.339;0.169;1;12
2024-04-15;4;2024;lunes;13:00;0.324;0.162;1;13
2024-04-15;4;2024;lunes;14:00;0;0;2;14
2024-04-15;4;2024;lunes;15:00;1;0;2;15
2024-04-15;4;2024;lunes;16:00;0;0;2;16
2024-04-15;4;2024;lunes;17:00;1;0;2;17
2024-04-15;4;2024;lunes;18:00;0;1;1;18
2024-04-15;4;2024;lunes;19:00;0;0;1;19
2024-04-15;4;2024;lunes;20:00;0;0;1;20
2024-04-15;4;2024;lunes;21:00;0;0;1;21
2024-04-15;4;2024;lunes;22:00;0;0;2;22
2024-04-15;4;2024;lunes;23:00;0;0;2;23
2024-04-16;4;2024;martes;00:00:00;1;0;3;0
2024-04-16;4;2024;martes;01:00;0;0;3;1
2024-04-16;4;2024;martes;02:00;0;0;3;2
2024-04-16;4;2024;martes;03:00;0;0;3;3
2024-04-16;4;2024;martes;04:00;0;0;3;4
2024-04-16;4;2024;martes;05:00;0;0;3;5
2024-04-16;4;2024;martes;06:00;0;0;3;6
2024-04-16;4;2024;martes;07:00;0;0;3;7
2024-04-16;4;2024;martes;08:00;0;0;2;8
2024-04-16;4;2024;martes;09:00;0;0;2;9
2024-04-16;4;2024;martes;10:00;1;0;1;10
2024-04-16;4;2024;martes;11:00;0;0;1;11
2024-04-16;4;2024;martes;12:00;1;1;1;12
2024-04-16;4;2024;martes;13:00;1;0;1;13
2024-04-16;4;2024;martes;14:00;0;1;2;14
2024-04-16;4;2024;martes;15:00;1;0;2;15
2024-04-16;4;2024;martes;16:00;0;0;2;16
2024-04-16;4;2024;martes;17:00;0;0;2;17
2024-04-16;4;2024;martes;18:00;0;0;1;18
2024-04-16;4;2024;martes;19:00;1;0;1;19
2024-04-16;4;2024;martes;20:00;0;0;1;20
2024-04-16;4;2024;martes;21:00;0;0;1;21
2024-04-16;4;2024;martes;22:00;0;0;2;22
2024-04-16;4;2024;martes;23:00;1;1;2;23
2024-04-17;4;2024;miércoles;00:00:00;0;0;3;0
2024-04-17;4;2024;miércoles;01:00;0;0;3;1
2024-04-17;4;2024;miércoles;02:00;0;0;3;2
2024-04-17;4;2024;miércoles;03:00;0;0;3;3
2024-04-17;4;2024;miércoles;04:00;0;0;3;4
2024-04-17;4;2024;miércoles;05:00;0;0;3;5
2024-04-17;4;2024;miércoles;06:00;0;0;3;6
2024-04-17;4;2024;miércoles;07:00;0;0;3;7
2024-04-17;4;2024;miércoles;08:00;1;0;2;8
2024-04-17;4;2024;miércoles;09:00;0;0;2;9
2024-04-17;4;2024;miércoles;10:00;1;0;1;10
2024-04-17;4;2024;miércoles;11:00;0;0;1;11
2024-04-17;4;2024;miércoles;12:00;1;0;1;12
2024-04-17;4;2024;miércoles;13:00;1;0;1;13
2024-04-17;4;2024;miércoles;14:00;1;0;2;14
2024-04-17;4;2024;miércoles;15:00;0;0;2;15
2024-04-17;4;2024;miércoles;16:00;0;0;2;16
2024-04-17;4;2024;miércoles;17:00;0;0;2;17
2024-04-17;4;2024;miércoles;18:00;0;1;1;18
2024-04-17;4;2024;miércoles;19:00;1;0;1;19
2024-04-17;4;2024;miércoles;20:00;0;0;1;20
2024-04-17;4;2024;miércoles;21:00;0;0;1;21
2024-04-17;4;2024;miércoles;22:00;1;0;2;22
2024-04-17;4;2024;miércoles;23:00;0;0;2;23
2024-04-18;4;2024;jueves;00:00:00;0;0;3;0
2024-04-18;4;2024;jueves;01:00;0;0;3;1
2024-04-18;4;2024;jueves;02:00;0;0;3;2
2024-04-18;4;2024;jueves;03:00;0;0;3;3
2024-04-18;4;2024;jueves;04:00;0;0;3;4
2024-04-18;4;2024;jueves;05:00;0;0;3;5
2024-04-18;4;2024;jueves;06:00;0;0;3;6
2024-04-18;4;2024;jueves;07:00;1;0;3;7
2024-04-18;4;2024;jueves;08:00;0;0;2;8
2024-04-18;4;2024;jueves;09:00;0;0;2;9
2024-04-18;4;2024;jueves;10:00;1;0;1;10
2024-04-18;4;2024;jueves;11:00;0;0;1;11
2024-04-18;4;2024;jueves;12:00;0;0;1;12
2024-04-18;4;2024;jueves;13:00;1;1;1;13
2024-04-18;4;2024;jueves;14:00;0;0;2;14
2024-04-18;4;2024;jueves;15:00;1;1;2;15
2024-04-18;4;2024;jueves;16:00;0;0;2;16
2024-04-18;4;2024;jueves;17:00;0;0;2;17
2024-04-18;4;2024;jueves;18:00;0;0;1;18
2024-04-18;4;2024;jueves;19:00;1;0;1;19
2024-04-18;4;2024;jueves;20:00;0;0;1;20
2024-04-18;4;2024;jueves;21:00;0;0;1;21
2024-04-18;4;2024;jueves;22:00;0;0;2;22
2024-04-18;4;2024;jueves;23:00;1;0;2;23
2024-04-19;4;2024;viernes;00:00:00;0;0;3;0
2024-04-19;4;2024;viernes;01:00;0;0;3;1
2024-04-19;4;2024;viernes;02:00;0;0;3;2
2024-04-19;4;2024;viernes;03:00;0;0;3;3
2024-04-19;4;2024;viernes;04:00;0;0;3;4
2024-04-19;4;2024;viernes;05:00;0;1;3;5
2024-04-19;4;2024;viernes;06:00;0;0;3;6
2024-04-19;4;2024;viernes;07:00;0;0;3;7
2024-04-19;4;2024;viernes;08:00;2;0;2;8
2024-04-19;4;2024;viernes;09:00;0;0;2;9
2024-04-19;4;2024;viernes;10:00;1;0;1;10
2024-04-19;4;2024;viernes;11:00;0;0;1;11
2024-04-19;4;2024;viernes;12:00;0;0;1;12
2024-04-19;4;2024;viernes;13:00;1;0;1;13
2024-04-19;4;2024;viernes;14:00;0;0;2;14
2024-04-19;4;2024;viernes;15:00;0;0;2;15
2024-04-19;4;2024;viernes;16:00;0;0;2;16
2024-04-19;4;2024;viernes;17:00;0;0;2;17
2024-04-19;4;2024;viernes;18:00;0;0;1;18
2024-04-19;4;2024;viernes;19:00;1;0;1;19
2024-04-19;4;2024;viernes;20:00;0;0;1;20
2024-04-19;4;2024;viernes;21:00;0;0;1;21
2024-04-19;4;2024;viernes;22:00;0;0;2;22
2024-04-19;4;2024;viernes;23:00;0;0;2;23
2024-04-20;4;2024;sábado;00:00:00;0;0;3;0
2024-04-20;4;2024;sábado;01:00;0;0;3;1
2024-04-20;4;2024;sábado;02:00;0;0;3;2
2024-04-20;4;2024;sábado;03:00;0;1;3;3
2024-04-20;4;2024;sábado;04:00;1;0;3;4
2024-04-20;4;2024;sábado;05:00;0;0;3;5
2024-04-20;4;2024;sábado;06:00;0;0;3;6
2024-04-20;4;2024;sábado;07:00;0;0;3;7
2024-04-20;4;2024;sábado;08:00;0;0;3;8
2024-04-20;4;2024;sábado;09:00;0;0;3;9
2024-04-20;4;2024;sábado;10:00;1;0;3;10
2024-04-20;4;2024;sábado;11:00;0;0;3;11
2024-04-20;4;2024;sábado;12:00;0;0;3;12
2024-04-20;4;2024;sábado;13:00;1;0;3;13
2024-04-20;4;2024;sábado;14:00;0;1;3;14
2024-04-20;4;2024;sábado;15:00;1;0;3;15
2024-04-20;4;2024;sábado;16:00;0;0;3;16
2024-04-20;4;2024;sábado;17:00;0;0;3;17
2024-04-20;4;2024;sábado;18:00;0;0;3;18
2024-04-20;4;2024;sábado;19:00;0;0;3;19
2024-04-20;4;2024;sábado;20:00;1;0;3;20
2024-04-20;4;2024;sábado;21:00;0;0;3;21
2024-04-20;4;2024;sábado;22:00;0;0;3;22
2024-04-20;4;2024;sábado;23:00;0;0;3;23
2024-04-21;4;2024;domingo;00:00:00;0;0;3;0
2024-04-21;4;2024;domingo;01:00;0;0;3;1
2024-04-21;4;2024;domingo;02:00;0;0;3;2
2024-04-21;4;2024;domingo;03:00;0;0;3;3
2024-04-21;4;2024;domingo;04:00;0;0;3;4
2024-04-21;4;2024;domingo;05:00;0;0;3;5
2024-04-21;4;2024;domingo;06:00;1;0;3;6
2024-04-21;4;2024;domingo;07:00;0;0;3;7
2024-04-21;4;2024;domingo;08:00;2;0;3;8
2024-04-21;4;2024;domingo;09:00;0;0;3;9
2024-04-21;4;2024;domingo;10:00;0;0;3;10
2024-04-21;4;2024;domingo;11:00;0;0;3;11
2024-04-21;4;2024;domingo;12:00;0;0;3;12
2024-04-21;4;2024;domingo;13:00;0;0;3;13
2024-04-21;4;2024;domingo;14:00;0;0;3;14
2024-04-21;4;2024;domingo;15:00;0;0;3;15
2024-04-21;4;2024;domingo;16:00;0;0;3;16
2024-04-21;4;2024;domingo;17:00;0;0;3;17
2024-04-21;4;2024;domingo;18:00;1;0;3;18
2024-04-21;4;2024;domingo;19:00;0;0;3;19
2024-04-21;4;2024;domingo;20:00;0;0;3;20
2024-04-21;4;2024;domingo;21:00;1;0;3;21
2024-04-21;4;2024;domingo;22:00;0;1;3;22
2024-04-21;4;2024;domingo;23:00;0;0;3;23
2024-04-22;4;2024;lunes;00:00:00;0;0;3;0
2024-04-22;4;2024;lunes;01:00;0;0;3;1
2024-04-22;4;2024;lunes;02:00;0;0;3;2
2024-04-22;4;2024;lunes;03:00;1;0;3;3
2024-04-22;4;2024;lunes;04:00;0;0;3;4
2024-04-22;4;2024;lunes;05:00;0;0;3;5
2024-04-22;4;2024;lunes;06:00;0;0;3;6
2024-04-22;4;2024;lunes;07:00;0;0;3;7
2024-04-22;4;2024;lunes;08:00;0;0;2;8
2024-04-22;4;2024;lunes;09:00;1;0;2;9
2024-04-22;4;2024;lunes;10:00;0.336;0.168;1;10
2024-04-22;4;2024;lunes;11:00;0.339;0.169;1;11
2024-04-22;4;2024;lunes;12:00;0.339;0.169;1;12
2024-04-22;4;2024;lunes;13:00;0.324;0.162;1;13
2024-04-22;4;2024;lunes;14:00;1;0;2;14
2024-04-22;4;2024;lunes;15:00;1;0;2;15
2024-04-22;4;2024;lunes;16:00;0;0;2;16
2024-04-22;4;2024;lunes;17:00;0;0;2;17
2024-04-22;4;2024;lunes;18:00;0;1;1;18
2024-04-22;4;2024;lunes;19:00;1;0;1;19
2024-04-22;4;2024;lunes;20:00;1;0;1;20
2024-04-22;4;2024;lunes;21:00;0;0;1;21
2024-04-22;4;2024;lunes;22:00;1;0;2;22
2024-04-22;4;2024;lunes;23:00;0;0;2;23
2024-04-23;4;2024;martes;00:00:00;0;0;3;0
2024-04-23;4;2024;martes;01:00;0;0;3;1
2024-04-23;4;2024;martes;02:00;0;0;3;2
2024-04-23;4;2024;martes;03:00;0;0;3;3
2024-04-23;4;2024;martes;04:00;0;0;3;4
2024-04-23;4;2024;martes;05:00;0;0;3;5
2024-04-23;4;2024;martes;06:00;0;0;3;6
2024-04-23;4;2024;martes;07:00;0;0;3;7
2024-04-23;4;2024;martes;08:00;1;1;2;8
2024-04-23;4;2024;martes;09:00;1;0;2;9
2024-04-23;4;2024;martes;10:00;0;0;1;10
2024-04-23;4;2024;martes;11:00;1;0;1;11
2024-04-23;4;2024;martes;12:00;1;0;1;12
2024-04-23;4;2024;martes;13:00;0;0;1;13
2024-04-23;4;2024;martes;14:00;1;0;2;14
2024-04-23;4;2024;martes;15:00;0;0;2;15
2024-04-23;4;2024;martes;16:00;1;0;2;16
2024-04-23;4;2024;martes;17:00;0;1;2;17
2024-04-23;4;2024;martes;18:00;1;0;1;18
2024-04-23;4;2024;martes;19:00;1;0;1;19
2024-04-23;4;2024;martes;20:00;0;0;1;20
2024-04-23;4;2024;martes;21:00;1;0;1;21
2024-04-23;4;2024;martes;22:00;0;0;2;22
2024-04-23;4;2024;martes;23:00;0;0;2;23
2024-04-24;4;2024;miércoles;00:00:00;0;0;3;0
2024-04-24;4;2024;miércoles;01:00;0;0;3;1
2024-04-24;4;2024;miércoles;02:00;0;0;3;2
2024-04-24;4;2024;miércoles;03:00;0;0;3;3
2024-04-24;4;2024;miércoles;04:00;1;0;3;4
2024-04-24;4;2024;miércoles;05:00;0;0;3;5
2024-04-24;4;2024;miércoles;06:00;0;0;3;6
2024-04-24;4;2024;miércoles;07:00;1;0;3;7
2024-04-24;4;2024;miércoles;08:00;0;0;2;8
2024-04-24;4;2024;miércoles;09:00;0;0;2;9
2024-04-24;4;2024;miércoles;10:00;0;0;1;10
2024-04-24;4;2024;miércoles;11:00;1;0;1;11
2024-04-24;4;2024;miércoles;12:00;1;1;1;12
2024-04-24;4;2024;miércoles;13:00;0;0;1;13
2024-04-24;4;2024;miércoles;14:00;1;0;2;14
2024-04-24;4;2024;miércoles;15:00;0;0;2;15
2024-04-24;4;2024;miércoles;16:00;0;0;2;16
2024-04-24;4;2024;miércoles;17:00;0;0;2;17
2024-04-24;4;2024;miércoles;18:00;0;0;1;18
2024-04-24;4;2024;miércoles;19:00;0;1;1;19
2024-04-24;4;2024;miércoles;20:00;1;0;1;20
2024-04-24;4;2024;miércoles;21:00;0;0;1;21
2024-04-24;4;2024;miércoles;22:00;0;0;2;22
2024-04-24;4;2024;miércoles;23:00;0;0;2;23
2024-04-25;4;2024;jueves;00:00:00;1;0;3;0
2024-04-25;4;2024;jueves;01:00;0;0;3;1
2024-04-25;4;2024;jueves;02:00;0;0;3;2
2024-04-25;4;2024;jueves;03:00;0;0;3;3
2024-04-25;4;2024;jueves;04:00;0;0;3;4
2024-04-25;4;2024;jueves;05:00;0;0;3;5
2024-04-25;4;2024;jueves;06:00;0;0;3;6
2024-04-25;4;2024;jueves;07:00;0;0;3;7
2024-04-25;4;2024;jueves;08:00;0;0;2;8
2024-04-25;4;2024;jueves;09:00;2;0;2;9
2024-04-25;4;2024;jueves;10:00;0;0;1;10
2024-04-25;4;2024;jueves;11:00;1;0;1;11
2024-04-25;4;2024;jueves;12:00;0;0;1;12
2024-04-25;4;2024;jueves;13:00;1;0;1;13
2024-04-25;4;2024;jueves;14:00;0;0;2;14
2024-04-25;4;2024;jueves;15:00;1;0;2;15
2024-04-25;4;2024;jueves;16:00;0;0;2;16
2024-04-25;4;2024;jueves;17:00;0;0;2;17
2024-04-25;4;2024;jueves;18:00;0;1;1;18
2024-04-25;4;2024;jueves;19:00;1;0;1;19
2024-04-25;4;2024;jueves;20:00;0;0;1;20
2024-04-25;4;2024;jueves;21:00;0;0;1;21
2024-04-25;4;2024;jueves;22:00;0;0;2;22
2024-04-25;4;2024;jueves;23:00;0;0;2;23
2024-04-26;4;2024;viernes;00:00:00;0;0;3;0
2024-04-26;4;2024;viernes;01:00;0;0;3;1
2024-04-26;4;2024;viernes;02:00;0;0;3;2
2024-04-26;4;2024;viernes;03:00;0;0;3;3
2024-04-26;4;2024;viernes;04:00;0;0;3;4
2024-04-26;4;2024;viernes;05:00;1;0;3;5
2024-04-26;4;2024;viernes;06:00;0;0;3;6
2024-04-26;4;2024;viernes;07:00;0;0;3;7
2024-04-26;4;2024;viernes;08:00;0;0;2;8
2024-04-26;4;2024;viernes;09:00;0;0;2;9
2024-04-26;4;2024;viernes;10:00;1;0;1;10
2024-04-26;4;2024;viernes;11:00;0;0;1;11
2024-04-26;4;2024;viernes;12:00;1;0;1;12
2024-04-26;4;2024;viernes;13:00;1;1;1;13
2024-04-26;4;2024;viernes;14:00;1;0;2;14
2024-04-26;4;2024;viernes;15:00;0;1;2;15
2024-04-26;4;2024;viernes;16:00;0;0;2;16
2024-04-26;4;2024;viernes;17:00;0;0;2;17
2024-04-26;4;2024;viernes;18:00;1;0;1;18
2024-04-26;4;2024;viernes;19:00;0;0;1;19
2024-04-26;4;2024;viernes;20:00;1;0;1;20
2024-04-26;4;2024;viernes;21:00;0;0;1;21
2024-04-26;4;2024;viernes;22:00;1;0;2;22
2024-04-26;4;2024;viernes;23:00;0;0;2;23
2024-04-27;4;2024;sábado;00:00:00;0;0;3;0
2024-04-27;4;2024;sábado;01:00;0;0;3;1
2024-04-27;4;2024;sábado;02:00;0;0;3;2
2024-04-27;4;2024;sábado;03:00;0;0;3;3
2024-04-27;4;2024;sábado;04:00;0;0;3;4
2024-04-27;4;2024;sábado;05:00;0;0;3;5
2024-04-27;4;2024;sábado;06:00;0;0;3;6
2024-04-27;4;2024;sábado;07:00;0;0;3;7
2024-04-27;4;2024;sábado;08:00;0;0;3;8
2024-04-27;4;2024;sábado;09:00;1;1;3;9
2024-04-27;4;2024;sábado;10:00;1;0;3;10
2024-04-27;4;2024;sábado;11:00;0;0;3;11
2024-04-27;4;2024;sábado;12:00;1;0;3;12
2024-04-27;4;2024;sábado;13:00;1;0;3;13
2024-04-27;4;2024;sábado;14:00;0;0;3;14
2024-04-27;4;2024;sábado;15:00;1;0;3;15
2024-04-27;4;2024;sábado;16:00;0;0;3;16
2024-04-27;4;2024;sábado;17:00;0;0;3;17
2024-04-27;4;2024;sábado;18:00;0;0;3;18
2024-04-27;4;2024;sábado;19:00;1;0;3;19
2024-04-27;4;2024;sábado;20:00;1;0;3;20
2024-04-27;4;2024;sábado;21:00;1;0;3;21
2024-04-27;4;2024;sábado;22:00;0;0;3;22
2024-04-27;4;2024;sábado;23:00;0;0;3;23
2024-04-28;4;2024;domingo;00:00:00;0;0;3;0
2024-04-28;4;2024;domingo;01:00;0;0;3;1
2024-04-28;4;2024;domingo;02:00;0;0;3;2
2024-04-28;4;2024;domingo;03:00;0;0;3;3
2024-04-28;4;2024;domingo;04:00;1;0;3;4
2024-04-28;4;2024;domingo;05:00;0;0;3;5
2024-04-28;4;2024;domingo;06:00;0;0;3;6
2024-04-28;4;2024;domingo;07:00;0;1;3;7
2024-04-28;4;2024;domingo;08:00;0;0;3;8
2024-04-28;4;2024;domingo;09:00;0;0;3;9
2024-04-28;4;2024;domingo;10:00;1;0;3;10
2024-04-28;4;2024;domingo;11:00;1;0;3;11
2024-04-28;4;2024;domingo;12:00;1;0;3;12
2024-04-28;4;2024;domingo;13:00;1;0;3;13
2024-04-28;4;2024;domingo;14:00;1;1;3;14
2024-04-28;4;2024;domingo;15:00;0;0;3;15
2024-04-28;4;2024;domingo;16:00;0;0;3;16
2024-04-28;4;2024;domingo;17:00;0;0;3;17
2024-04-28;4;2024;domingo;18:00;1;0;3;18
2024-04-28;4;2024;domingo;19:00;0;0;3;19
2024-04-28;4;2024;domingo;20:00;2;0;3;20
2024-04-28;4;2024;domingo;21:00;0;0;3;21
2024-04-28;4;2024;domingo;22:00;0;0;3;22
2024-04-28;4;2024;domingo;23:00;0;0;3;23
2024-04-29;4;2024;lunes;00:00:00;0;0;3;0
2024-04-29;4;2024;lunes;01:00;0;0;3;1
2024-04-29;4;2024;lunes;02:00;1;0;3;2
2024-04-29;4;2024;lunes;03:00;0;0;3;3
2024-04-29;4;2024;lunes;04:00;0;0;3;4
2024-04-29;4;2024;lunes;05:00;0;0;3;5
2024-04-29;4;2024;lunes;06:00;0;0;3;6
2024-04-29;4;2024;lunes;07:00;0;0;3;7
2024-04-29;4;2024;lunes;08:00;0;0;2;8
2024-04-29;4;2024;lunes;09:00;0;0;2;9
2024-04-29;4;2024;lunes;10:00;1;0;1;10
2024-04-29;4;2024;lunes;11:00;0;1;1;11
2024-04-29;4;2024;lunes;12:00;2;0;1;12
2024-04-29;4;2024;lunes;13:00;0;0;1;13
2024-04-29;4;2024;lunes;14:00;1;0;2;14
2024-04-29;4;2024;lunes;15:00;0;0;2;15
2024-04-29;4;2024;lunes;16:00;0;0;2;16
2024-04-29;4;2024;lunes;17:00;0;0;2;17
2024-04-29;4;2024;lunes;18:00;1;0;1;18
2024-04-29;4;2024;lunes;19:00;0;0;1;19
2024-04-29;4;2024;lunes;20:00;0;0;1;20
2024-04-29;4;2024;lunes;21:00;1;0;1;21
2024-04-29;4;2024;lunes;22:00;0;0;2;22
2024-04-29;4;2024;lunes;23:00;0;0;2;23
2024-04-30;4;2024;martes;00:00:00;0;1;3;0
2024-04-30;4;2024;martes;01:00;0;0;3;1
2024-04-30;4;2024;martes;02:00;0;0;3;2
2024-04-30;4;2024;martes;03:00;0;0;3;3
2024-04-30;4;2024;martes;04:00;0;0;3;4
2024-04-30;4;2024;martes;05:00;0;0;3;5
2024-04-30;4;2024;martes;06:00;0;0;3;6
2024-04-30;4;2024;martes;07:00;0;0;3;7
2024-04-30;4;2024;martes;08:00;1;0;2;8
2024-04-30;4;2024;martes;09:00;0;0;2;9
2024-04-30;4;2024;martes;10:00;0;0;1;10
2024-04-30;4;2024;martes;11:00;0;0;1;11
2024-04-30;4;2024;martes;12:00;1;0;1;12
2024-04-30;4;2024;martes;13:00;0;0;1;13
2024-04-30;4;2024;martes;14:00;0;0;2;14
2024-04-30;4;2024;martes;15:00;1;0;2;15
2024-04-30;4;2024;martes;16:00;0;0;2;16
2024-04-30;4;2024;martes;17:00;0;0;2;17
2024-04-30;4;2024;martes;18:00;0;0;1;18
2024-04-30;4;2024;martes;19:00;1;0;1;19
2024-04-30;4;2024;martes;20:00;0;0;1;20
2024-04-30;4;2024;martes;21:00;0;0;1;21
2024-04-30;4;2024;martes;22:00;1;0;2;22
2024-04-30;4;2024;martes;23:00;0;0;2;23
2024-05-01;5;2024;miércoles;00:00:00;0;0;3;0
2024-05-01;5;2024;miércoles;01:00;0;0;3;1
2024-05-01;5;2024;miércoles;02:00;0;0;3;2
2024-05-01;5;2024;miércoles;03:00;0;0;3;3
2024-05-01;5;2024;miércoles;04:00;0;0;3;4
2024-05-01;5;2024;miércoles;05:00;0;0;3;5
2024-05-01;5;2024;miércoles;06:00;0;0;3;6
2024-05-01;5;2024;miércoles;07:00;0;0;3;7
2024-05-01;5;2024;miércoles;08:00;0;0;3;8
2024-05-01;5;2024;miércoles;09:00;1;0;3;9
2024-05-01;5;2024;miércoles;10:00;0;1;3;10
2024-05-01;5;2024;miércoles;11:00;1;1;3;11
2024-05-01;5;2024;miércoles;12:00;1;1;3;12
2024-05-01;5;2024;miércoles;13:00;3;0;3;13
2024-05-01;5;2024;miércoles;14:00;1;0;3;14
2024-05-01;5;2024;miércoles;15:00;0;0;3;15
2024-05-01;5;2024;miércoles;16:00;0;0;3;16
2024-05-01;5;2024;miércoles;17:00;0;0;3;17
2024-05-01;5;2024;miércoles;18:00;0;0;3;18
2024-05-01;5;2024;miércoles;19:00;1;0;3;19
2024-05-01;5;2024;miércoles;20:00;0;0;3;20
2024-05-01;5;2024;miércoles;21:00;0;1;3;21
2024-05-01;5;2024;miércoles;22:00;1;0;3;22
2024-05-01;5;2024;miércoles;23:00;0;0;3;23
2024-05-02;5;2024;jueves;00:00:00;0;0;3;0
2024-05-02;5;2024;jueves;01:00;0;0;3;1
2024-05-02;5;2024;jueves;02:00;0;0;3;2
2024-05-02;5;2024;jueves;03:00;0;0;3;3
2024-05-02;5;2024;jueves;04:00;0;0;3;4
2024-05-02;5;2024;jueves;05:00;0;0;3;5
2024-05-02;5;2024;jueves;06:00;0;0;3;6
2024-05-02;5;2024;jueves;07:00;2;0;3;7
2024-05-02;5;2024;jueves;08:00;1;0;2;8
2024-05-02;5;2024;jueves;09:00;0;0;2;9
2024-05-02;5;2024;jueves;10:00;1;0;1;10
2024-05-02;5;2024;jueves;11:00;1;0;1;11
2024-05-02;5;2024;jueves;12:00;1;0;1;12
2024-05-02;5;2024;jueves;13:00;1.316;0.329;1;13
2024-05-02;5;2024;jueves;14:00;0;0;2;14
2024-05-02;5;2024;jueves;15:00;0;0;2;15
2024-05-02;5;2024;jueves;16:00;0;0;2;16
2024-05-02;5;2024;jueves;17:00;0;0;2;17
2024-05-02;5;2024;jueves;18:00;1;0;1;18
2024-05-02;5;2024;jueves;19:00;0;0;1;19
2024-05-02;5;2024;jueves;20:00;0;0;1;20
2024-05-02;5;2024;jueves;21:00;1;0;1;21
2024-05-02;5;2024;jueves;22:00;0;0;2;22
2024-05-02;5;2024;jueves;23:00;1;0;2;23
2024-05-03;5;2024;viernes;00:00:00;0;0;3;0
2024-05-03;5;2024;viernes;01:00;0;0;3;1
2024-05-03;5;2024;viernes;02:00;0;0;3;2
2024-05-03;5;2024;viernes;03:00;0;0;3;3
2024-05-03;5;2024;viernes;04:00;0;0;3;4
2024-05-03;5;2024;viernes;05:00;0;0;3;5
2024-05-03;5;2024;viernes;06:00;0;0;3;6
2024-05-03;5;2024;viernes;07:00;0;0;3;7
2024-05-03;5;2024;viernes;08:00;1;0;2;8
2024-05-03;5;2024;viernes;09:00;1;1;2;9
2024-05-03;5;2024;viernes;10:00;1;1;1;10
2024-05-03;5;2024;viernes;11:00;0;0;1;11
2024-05-03;5;2024;viernes;12:00;0;0;1;12
2024-05-03;5;2024;viernes;13:00;1;0;1;13
2024-05-03;5;2024;viernes;14:00;0;0;2;14
2024-05-03;5;2024;viernes;15:00;0;1;2;15
2024-05-03;5;2024;viernes;16:00;1;0;2;16
2024-05-03;5;2024;viernes;17:00;0;0;2;17
2024-05-03;5;2024;viernes;18:00;0;0;1;18
2024-05-03;5;2024;viernes;19:00;0;0;1;19
2024-05-03;5;2024;viernes;20:00;1;0;1;20
2024-05-03;5;2024;viernes;21:00;0;1;1;21
2024-05-03;5;2024;viernes;22:00;1;0;2;22
2024-05-03;5;2024;viernes;23:00;0;0;2;23
2024-05-04;5;2024;sábado;00:00:00;0;0;3;0
2024-05-04;5;2024;sábado;01:00;0;0;3;1
2024-05-04;5;2024;sábado;02:00;0;0;3;2
2024-05-04;5;2024;sábado;03:00;0;0;3;3
2024-05-04;5;2024;sábado;04:00;0;0;3;4
2024-05-04;5;2024;sábado;05:00;0;0;3;5
2024-05-04;5;2024;sábado;06:00;0;0;3;6
2024-05-04;5;2024;sábado;07:00;1;0;3;7
2024-05-04;5;2024;sábado;08:00;0;0;3;8
2024-05-04;5;2024;sábado;09:00;0;0;3;9
2024-05-04;5;2024;sábado;10:00;1;0;3;10
2024-05-04;5;2024;sábado;11:00;0;0;3;11
2024-05-04;5;2024;sábado;12:00;2;1;3;12
2024-05-04;5;2024;sábado;13:00;1;0;3;13
2024-05-04;5;2024;sábado;14:00;0;0;3;14
2024-05-04;5;2024;sábado;15:00;1;1;3;15
2024-05-04;5;2024;sábado;16:00;0;0;3;16
2024-05-04;5;2024;sábado;17:00;0;0;3;17
2024-05-04;5;2024;sábado;18:00;1;0;3;18
2024-05-04;5;2024;sábado;19:00;0;0;3;19
2024-05-04;5;2024;sábado;20:00;1;0;3;20
2024-05-04;5;2024;sábado;21:00;1;0;3;21
2024-05-04;5;2024;sábado;22:00;0;1;3;22
2024-05-04;5;2024;sábado;23:00;0;0;3;23
2024-05-05;5;2024;domingo;00:00:00;1;0;3;0
2024-05-05;5;2024;domingo;01:00;0;0;3;1
2024-05-05;5;2024;domingo;02:00;0;0;3;2
2024-05-05;5;2024;domingo;03:00;0;0;3;3
2024-05-05;5;2024;domingo;04:00;0;0;3;4
2024-05-05;5;2024;domingo;05:00;0;1;3;5
2024-05-05;5;2024;domingo;06:00;0;0;3;6
2024-05-05;5;2024;domingo;07:00;0;0;3;7
2024-05-05;5;2024;domingo;08:00;0;0;3;8
2024-05-05;5;2024;domingo;09:00;1;0;3;9
2024-05-05;5;2024;domingo;10:00;2;0;3;10
2024-05-05;5;2024;domingo;11:00;1;0;3;11
2024-05-05;5;2024;domingo;12:00;1;0;3;12
2024-05-05;5;2024;domingo;13:00;0;1;3;13
2024-05-05;5;2024;domingo;14:00;0;0;3;14
2024-05-05;5;2024;domingo;15:00;0;0;3;15
2024-05-05;5;2024;domingo;16:00;0;0;3;16
2024-05-05;5;2024;domingo;17:00;0;0;3;17
2024-05-05;5;2024;domingo;18:00;0;0;3;18
2024-05-05;5;2024;domingo;19:00;0;1;3;19
2024-05-05;5;2024;domingo;20:00;0;0;3;20
2024-05-05;5;2024;domingo;21:00;1;0;3;21
2024-05-05;5;2024;domingo;22:00;0;0;3;22
2024-05-05;5;2024;domingo;23:00;0;0;3;23
2024-05-06;5;2024;lunes;00:00:00;0;0;3;0
2024-05-06;5;2024;lunes;01:00;0;0;3;1
2024-05-06;5;2024;lunes;02:00;0;0;3;2
2024-05-06;5;2024;lunes;03:00;0;0;3;3
2024-05-06;5;2024;lunes;04:00;0;0;3;4
2024-05-06;5;2024;lunes;05:00;0;0;3;5
2024-05-06;5;2024;lunes;06:00;0;0;3;6
2024-05-06;5;2024;lunes;07:00;1;0;3;7
2024-05-06;5;2024;lunes;08:00;1;0;2;8
2024-05-06;5;2024;lunes;09:00;1;0;2;9
2024-05-06;5;2024;lunes;10:00;1;1;1;10
2024-05-06;5;2024;lunes;11:00;2;0;1;11
2024-05-06;5;2024;lunes;12:00;2;1;1;12
2024-05-06;5;2024;lunes;13:00;1;0;1;13
2024-05-06;5;2024;lunes;14:00;1;1;2;14
2024-05-06;5;2024;lunes;15:00;0;0;2;15
2024-05-06;5;2024;lunes;16:00;0;0;2;16
2024-05-06;5;2024;lunes;17:00;0;0;2;17
2024-05-06;5;2024;lunes;18:00;1;0;1;18
2024-05-06;5;2024;lunes;19:00;0;0;1;19
2024-05-06;5;2024;lunes;20:00;0;0;1;20
2024-05-06;5;2024;lunes;21:00;0;0;1;21
2024-05-06;5;2024;lunes;22:00;0;0;2;22
2024-05-06;5;2024;lunes;23:00;1;0;2;23
2024-05-07;5;2024;martes;00:00:00;0;0;3;0
2024-05-07;5;2024;martes;01:00;0;0;3;1
2024-05-07;5;2024;martes;02:00;0;0;3;2
2024-05-07;5;2024;martes;03:00;0;0;3;3
2024-05-07;5;2024;martes;04:00;0;0;3;4
2024-05-07;5;2024;martes;05:00;0;0;3;5
2024-05-07;5;2024;martes;06:00;0;0;3;6
2024-05-07;5;2024;martes;07:00;0;0;3;7
2024-05-07;5;2024;martes;08:00;0;1;2;8
2024-05-07;5;2024;martes;09:00;3;0;2;9
2024-05-07;5;2024;martes;10:00;2;0;1;10
2024-05-07;5;2024;martes;11:00;1.33;0.333;1;11
2024-05-07;5;2024;martes;12:00;1.354;0.339;1;12
2024-05-07;5;2024;martes;13:00;1;0;1;13
2024-05-07;5;2024;martes;14:00;1;0;2;14
2024-05-07;5;2024;martes;15:00;0;0;2;15
2024-05-07;5;2024;martes;16:00;1;0;2;16
2024-05-07;5;2024;martes;17:00;0;1;2;17
2024-05-07;5;2024;martes;18:00;1;0;1;18
2024-05-07;5;2024;martes;19:00;0;0;1;19
2024-05-07;5;2024;martes;20:00;1;0;1;20
2024-05-07;5;2024;martes;21:00;0;0;1;21
2024-05-07;5;2024;martes;22:00;1;0;2;22
2024-05-07;5;2024;martes;23:00;0;0;2;23
2024-05-08;5;2024;miércoles;00:00:00;0;0;3;0
2024-05-08;5;2024;miércoles;01:00;0;0;3;1
2024-05-08;5;2024;miércoles;02:00;0;0;3;2
2024-05-08;5;2024;miércoles;03:00;0;0;3;3
2024-05-08;5;2024;miércoles;04:00;0;0;3;4
2024-05-08;5;2024;miércoles;05:00;0;0;3;5
2024-05-08;5;2024;miércoles;06:00;0;0;3;6
2024-05-08;5;2024;miércoles;07:00;2;1;3;7
2024-05-08;5;2024;miércoles;08:00;2;0;2;8
2024-05-08;5;2024;miércoles;09:00;1;0;2;9
2024-05-08;5;2024;miércoles;10:00;0;0;1;10
2024-05-08;5;2024;miércoles;11:00;1;0;1;11
2024-05-08;5;2024;miércoles;12:00;0;0;1;12
2024-05-08;5;2024;miércoles;13:00;0;0;1;13
2024-05-08;5;2024;miércoles;14:00;0;1;2;14
2024-05-08;5;2024;miércoles;15:00;1;0;2;15
2024-05-08;5;2024;miércoles;16:00;0;0;2;16
2024-05-08;5;2024;miércoles;17:00;0;1;2;17
2024-05-08;5;2024;miércoles;18:00;0;0;1;18
2024-05-08;5;2024;miércoles;19:00;0;0;1;19
2024-05-08;5;2024;miércoles;20:00;0;0;1;20
2024-05-08;5;2024;miércoles;21:00;1;0;1;21
2024-05-08;5;2024;miércoles;22:00;0;0;2;22
2024-05-08;5;2024;miércoles;23:00;0;0;2;23
2024-05-09;5;2024;jueves;00:00:00;0;0;3;0
2024-05-09;5;2024;jueves;01:00;0;0;3;1
2024-05-09;5;2024;jueves;02:00;1;0;3;2
2024-05-09;5;2024;jueves;03:00;0;0;3;3
2024-05-09;5;2024;jueves;04:00;0;0;3;4
2024-05-09;5;2024;jueves;05:00;0;0;3;5
2024-05-09;5;2024;jueves;06:00;0;0;3;6
2024-05-09;5;2024;jueves;07:00;0;0;3;7
2024-05-09;5;2024;jueves;08:00;0;0;2;8
2024-05-09;5;2024;jueves;09:00;1;0;2;9
2024-05-09;5;2024;jueves;10:00;0;0;1;10
2024-05-09;5;2024;jueves;11:00;0;0;1;11
2024-05-09;5;2024;jueves;12:00;1;0;1;12
2024-05-09;5;2024;jueves;13:00;0;0;1;13
2024-05-09;5;2024;jueves;14:00;1;0;2;14
2024-05-09;5;2024;jueves;15:00;0;0;2;15
2024-05-09;5;2024;jueves;16:00;0;0;2;16
2024-05-09;5;2024;jueves;17:00;0;0;2;17
2024-05-09;5;2024;jueves;18:00;0;1;1;18
2024-05-09;5;2024;jueves;19:00;0;0;1;19
2024-05-09;5;2024;jueves;20:00;1;0;1;20
2024-05-09;5;2024;jueves;21:00;0;0;1;21
2024-05-09;5;2024;jueves;22:00;0;0;2;22
2024-05-09;5;2024;jueves;23:00;0;0;2;23
2024-05-10;5;2024;viernes;00:00:00;0;0;3;0
2024-05-10;5;2024;viernes;01:00;0;0;3;1
2024-05-10;5;2024;viernes;02:00;0;0;3;2
2024-05-10;5;2024;viernes;03:00;0;0;3;3
2024-05-10;5;2024;viernes;04:00;1;0;3;4
2024-05-10;5;2024;viernes;05:00;0;0;3;5
2024-05-10;5;2024;viernes;06:00;0;0;3;6
2024-05-10;5;2024;viernes;07:00;0;0;3;7
2024-05-10;5;2024;viernes;08:00;0;0;2;8
2024-05-10;5;2024;viernes;09:00;1;0;2;9
2024-05-10;5;2024;viernes;10:00;0;1;1;10
2024-05-10;5;2024;viernes;11:00;0;0;1;11
2024-05-10;5;2024;viernes;12:00;0;0;1;12
2024-05-10;5;2024;viernes;13:00;1;0;1;13
2024-05-10;5;2024;viernes;14:00;0;0;2;14
2024-05-10;5;2024;viernes;15:00;0;0;2;15
2024-05-10;5;2024;viernes;16:00;0;0;2;16
2024-05-10;5;2024;viernes;17:00;0;0;2;17
2024-05-10;5;2024;viernes;18:00;1;0;1;18
2024-05-10;5;2024;viernes;19:00;0;1;1;19
2024-05-10;5;2024;viernes;20:00;1;0;1;20
2024-05-10;5;2024;viernes;21:00;0;0;1;21
2024-05-10;5;2024;viernes;22:00;0;0;2;22
2024-05-10;5;2024;viernes;23:00;1;0;2;23
2024-05-11;5;2024;sábado;00:00:00;0;0;3;0
2024-05-11;5;2024;sábado;01:00;0;0;3;1
2024-05-11;5;2024;sábado;02:00;0;0;3;2
2024-05-11;5;2024;sábado;03:00;0;0;3;3
2024-05-11;5;2024;sábado;04:00;0;0;3;4
2024-05-11;5;2024;sábado;05:00;0;0;3;5
2024-05-11;5;2024;sábado;06:00;0;0;3;6
2024-05-11;5;2024;sábado;07:00;0;0;3;7
2024-05-11;5;2024;sábado;08:00;1;0;3;8
2024-05-11;5;2024;sábado;09:00;0;0;3;9
2024-05-11;5;2024;sábado;10:00;0;0;3;10
2024-05-11;5;2024;sábado;11:00;0;0;3;11
2024-05-11;5;2024;sábado;12:00;1;0;3;12
2024-05-11;5;2024;sábado;13:00;0;0;3;13
2024-05-11;5;2024;sábado;14:00;0;0;3;14
2024-05-11;5;2024;sábado;15:00;0;0;3;15
2024-05-11;5;2024;sábado;16:00;0;0;3;16
2024-05-11;5;2024;sábado;17:00;1;0;3;17
2024-05-11;5;2024;sábado;18:00;0;0;3;18
2024-05-11;5;2024;sábado;19:00;0;1;3;19
2024-05-11;5;2024;sábado;20:00;0;0;3;20
2024-05-11;5;2024;sábado;21:00;0;0;3;21
2024-05-11;5;2024;sábado;22:00;1;0;3;22
2024-05-11;5;2024;sábado;23:00;1;0;3;23
2024-05-12;5;2024;domingo;00:00:00;0;0;3;0
2024-05-12;5;2024;domingo;01:00;0;0;3;1
2024-05-12;5;2024;domingo;02:00;0;0;3;2
2024-05-12;5;2024;domingo;03:00;0;0;3;3
2024-05-12;5;2024;domingo;04:00;0;0;3;4
2024-05-12;5;2024;domingo;05:00;0;0;3;5
2024-05-12;5;2024;domingo;06:00;0;0;3;6
2024-05-12;5;2024;domingo;07:00;0;0;3;7
2024-05-12;5;2024;domingo;08:00;0;0;3;8
2024-05-12;5;2024;domingo;09:00;1;0;3;9
2024-05-12;5;2024;domingo;10:00;0;0;3;10
2024-05-12;5;2024;domingo;11:00;1;0;3;11
2024-05-12;5;2024;domingo;12:00;1;1;3;12
2024-05-12;5;2024;domingo;13:00;1;0;3;13
2024-05-12;5;2024;domingo;14:00;0;0;3;14
2024-05-12;5;2024;domingo;15:00;0;0;3;15
2024-05-12;5;2024;domingo;16:00;0;0;3;16
2024-05-12;5;2024;domingo;17:00;0;0;3;17
2024-05-12;5;2024;domingo;18:00;0;0;3;18
2024-05-12;5;2024;domingo;19:00;0;0;3;19
2024-05-12;5;2024;domingo;20:00;0;0;3;20
2024-05-12;5;2024;domingo;21:00;0;0;3;21
2024-05-12;5;2024;domingo;22:00;0;0;3;22
2024-05-12;5;2024;domingo;23:00;0;0;3;23
2024-05-13;5;2024;lunes;00:00:00;1;0;3;0
2024-05-13;5;2024;lunes;01:00;0;0;3;1
2024-05-13;5;2024;lunes;02:00;0;0;3;2
2024-05-13;5;2024;lunes;03:00;0;0;3;3
2024-05-13;5;2024;lunes;04:00;0;0;3;4
2024-05-13;5;2024;lunes;05:00;0;0;3;5
2024-05-13;5;2024;lunes;06:00;0;1;3;6
2024-05-13;5;2024;lunes;07:00;0;0;3;7
2024-05-13;5;2024;lunes;08:00;1;0;2;8
2024-05-13;5;2024;lunes;09:00;0;0;2;9
2024-05-13;5;2024;lunes;10:00;0;0;1;10
2024-05-13;5;2024;lunes;11:00;1;1;1;11
2024-05-13;5;2024;lunes;12:00;1;0;1;12
2024-05-13;5;2024;lunes;13:00;0;0;1;13
2024-05-13;5;2024;lunes;14:00;0;0;2;14
2024-05-13;5;2024;lunes;15:00;0;0;2;15
2024-05-13;5;2024;lunes;16:00;0;0;2;16
2024-05-13;5;2024;lunes;17:00;1;0;2;17
2024-05-13;5;2024;lunes;18:00;0;0;1;18
2024-05-13;5;2024;lunes;19:00;0;0;1;19
2024-05-13;5;2024;lunes;20:00;0;1;1;20
2024-05-13;5;2024;lunes;21:00;0;0;1;21
2024-05-13;5;2024;lunes;22:00;0;1;2;22
2024-05-13;5;2024;lunes;23:00;1;0;2;23
2024-05-14;5;2024;martes;00:00:00;0;0;3;0
2024-05-14;5;2024;martes;01:00;0;0;3;1
2024-05-14;5;2024;martes;02:00;0;0;3;2
2024-05-14;5;2024;martes;03:00;0;0;3;3
2024-05-14;5;2024;martes;04:00;0;0;3;4
2024-05-14;5;2024;martes;05:00;0;0;3;5
2024-05-14;5;2024;martes;06:00;0;0;3;6
2024-05-14;5;2024;martes;07:00;0;0;3;7
2024-05-14;5;2024;martes;08:00;1;0;2;8
2024-05-14;5;2024;martes;09:00;0;0;2;9
2024-05-14;5;2024;martes;10:00;0;0;1;10
2024-05-14;5;2024;martes;11:00;0;0;1;11
2024-05-14;5;2024;martes;12:00;1;0;1;12
2024-05-14;5;2024;martes;13:00;0;0;1;13
2024-05-14;5;2024;martes;14:00;1;0;2;14
2024-05-14;5;2024;martes;15:00;0;0;2;15
2024-05-14;5;2024;martes;16:00;0;0;2;16
2024-05-14;5;2024;martes;17:00;0;1;2;17
2024-05-14;5;2024;martes;18:00;1;0;1;18
2024-05-14;5;2024;martes;19:00;0;0;1;19
2024-05-14;5;2024;martes;20:00;0;0;1;20
2024-05-14;5;2024;martes;21:00;1;0;1;21
2024-05-14;5;2024;martes;22:00;0;0;2;22
2024-05-14;5;2024;martes;23:00;0;0;2;23
2024-05-15;5;2024;miércoles;00:00:00;0;0;3;0
2024-05-15;5;2024;miércoles;01:00;0;0;3;1
2024-05-15;5;2024;miércoles;02:00;0;0;3;2
2024-05-15;5;2024;miércoles;03:00;0;0;3;3
2024-05-15;5;2024;miércoles;04:00;0;0;3;4
2024-05-15;5;2024;miércoles;05:00;0;0;3;5
2024-05-15;5;2024;miércoles;06:00;0;0;3;6
2024-05-15;5;2024;miércoles;07:00;1;0;3;7
2024-05-15;5;2024;miércoles;08:00;0;0;2;8
2024-05-15;5;2024;miércoles;09:00;0;0;2;9
2024-05-15;5;2024;miércoles;10:00;0;0;1;10
2024-05-15;5;2024;miércoles;11:00;1;1;1;11
2024-05-15;5;2024;miércoles;12:00;1;0;1;12
2024-05-15;5;2024;miércoles;13:00;0;0;1;13
2024-05-15;5;2024;miércoles;14:00;1;0;2;14
2024-05-15;5;2024;miércoles;15:00;0;0;2;15
2024-05-15;5;2024;miércoles;16:00;0;1;2;16
2024-05-15;5;2024;miércoles;17:00;1;0;2;17
2024-05-15;5;2024;miércoles;18:00;0;0;1;18
2024-05-15;5;2024;miércoles;19:00;0;0;1;19
2024-05-15;5;2024;miércoles;20:00;1;0;1;20
2024-05-15;5;2024;miércoles;21:00;0;1;1;21
2024-05-15;5;2024;miércoles;22:00;0;0;2;22
2024-05-15;5;2024;miércoles;23:00;0;0;2;23
2024-05-16;5;2024;jueves;00:00:00;0;0;3;0
2024-05-16;5;2024;jueves;01:00;0;0;3;1
2024-05-16;5;2024;jueves;02:00;1;0;3;2
2024-05-16;5;2024;jueves;03:00;0;0;3;3
2024-05-16;5;2024;jueves;04:00;0;0;3;4
2024-05-16;5;2024;jueves;05:00;0;0;3;5
2024-05-16;5;2024;jueves;06:00;0;0;3;6
2024-05-16;5;2024;jueves;07:00;0;0;3;7
2024-05-16;5;2024;jueves;08:00;0;0;2;8
2024-05-16;5;2024;jueves;09:00;0;0;2;9
2024-05-16;5;2024;jueves;10:00;0;0;1;10
2024-05-16;5;2024;jueves;11:00;2;0;1;11
2024-05-16;5;2024;jueves;12:00;1;1;1;12
2024-05-16;5;2024;jueves;13:00;0;0;1;13
2024-05-16;5;2024;jueves;14:00;0;0;2;14
2024-05-16;5;2024;jueves;15:00;0;0;2;15
2024-05-16;5;2024;jueves;16:00;1;0;2;16
2024-05-16;5;2024;jueves;17:00;0;0;2;17
2024-05-16;5;2024;jueves;18:00;0;0;1;18
2024-05-16;5;2024;jueves;19:00;1;4;1;19
2024-05-16;5;2024;jueves;20:00;0;0;1;20
2024-05-16;5;2024;jueves;21:00;0;0;1;21
2024-05-16;5;2024;jueves;22:00;1;0;2;22
2024-05-16;5;2024;jueves;23:00;0;0;2;23
2024-05-17;5;2024;viernes;00:00:00;0;0;3;0
2024-05-17;5;2024;viernes;01:00;0;0;3;1
2024-05-17;5;2024;viernes;02:00;0;0;3;2
2024-05-17;5;2024;viernes;03:00;0;0;3;3
2024-05-17;5;2024;viernes;04:00;0;0;3;4
2024-05-17;5;2024;viernes;05:00;0;0;3;5
2024-05-17;5;2024;viernes;06:00;0;0;3;6
2024-05-17;5;2024;viernes;07:00;2;0;3;7
2024-05-17;5;2024;viernes;08:00;0;0;2;8
2024-05-17;5;2024;viernes;09:00;0;0;2;9
2024-05-17;5;2024;viernes;10:00;0;0;1;10
2024-05-17;5;2024;viernes;11:00;0;1;1;11
2024-05-17;5;2024;viernes;12:00;0;0;1;12
2024-05-17;5;2024;viernes;13:00;1;0;1;13
2024-05-17;5;2024;viernes;14:00;0;0;2;14
2024-05-17;5;2024;viernes;15:00;0;0;2;15
2024-05-17;5;2024;viernes;16:00;0;0;2;16
2024-05-17;5;2024;viernes;17:00;1;0;2;17
2024-05-17;5;2024;viernes;18:00;0;0;1;18
2024-05-17;5;2024;viernes;19:00;0;0;1;19
2024-05-17;5;2024;viernes;20:00;0;0;1;20
2024-05-17;5;2024;viernes;21:00;0;0;1;21
2024-05-17;5;2024;viernes;22:00;0;0;2;22
2024-05-17;5;2024;viernes;23:00;1;0;2;23
2024-05-18;5;2024;sábado;00:00:00;0;0;3;0
2024-05-18;5;2024;sábado;01:00;0;0;3;1
2024-05-18;5;2024;sábado;02:00;0;0;3;2
2024-05-18;5;2024;sábado;03:00;0;0;3;3
2024-05-18;5;2024;sábado;04:00;0;0;3;4
2024-05-18;5;2024;sábado;05:00;0;0;3;5
2024-05-18;5;2024;sábado;06:00;0;0;3;6
2024-05-18;5;2024;sábado;07:00;0;0;3;7
2024-05-18;5;2024;sábado;08:00;1;1;3;8
2024-05-18;5;2024;sábado;09:00;0;0;3;9
2024-05-18;5;2024;sábado;10:00;0;0;3;10
2024-05-18;5;2024;sábado;11:00;1;0;3;11
2024-05-18;5;2024;sábado;12:00;0;0;3;12
2024-05-18;5;2024;sábado;13:00;1;0;3;13
2024-05-18;5;2024;sábado;14:00;0;1;3;14
2024-05-18;5;2024;sábado;15:00;1;0;3;15
2024-05-18;5;2024;sábado;16:00;0;0;3;16
2024-05-18;5;2024;sábado;17:00;0;0;3;17
2024-05-18;5;2024;sábado;18:00;0;0;3;18
2024-05-18;5;2024;sábado;19:00;1;0;3;19
2024-05-18;5;2024;sábado;20:00;0;0;3;20
2024-05-18;5;2024;sábado;21:00;0;0;3;21
2024-05-18;5;2024;sábado;22:00;0;1;3;22
2024-05-18;5;2024;sábado;23:00;1;0;3;23
2024-05-19;5;2024;domingo;00:00:00;0;0;3;0
2024-05-19;5;2024;domingo;01:00;0;0;3;1
2024-05-19;5;2024;domingo;02:00;0;0;3;2
2024-05-19;5;2024;domingo;03:00;0;0;3;3
2024-05-19;5;2024;domingo;04:00;0;0;3;4
2024-05-19;5;2024;domingo;05:00;0;0;3;5
2024-05-19;5;2024;domingo;06:00;0;0;3;6
2024-05-19;5;2024;domingo;07:00;0;0;3;7
2024-05-19;5;2024;domingo;08:00;0;0;3;8
2024-05-19;5;2024;domingo;09:00;1;0;3;9
2024-05-19;5;2024;domingo;10:00;0;0;3;10
2024-05-19;5;2024;domingo;11:00;0;0;3;11
2024-05-19;5;2024;domingo;12:00;2;0;3;12
2024-05-19;5;2024;domingo;13:00;0;0;3;13
2024-05-19;5;2024;domingo;14:00;1;0;3;14
2024-05-19;5;2024;domingo;15:00;0;0;3;15
2024-05-19;5;2024;domingo;16:00;0;0;3;16
2024-05-19;5;2024;domingo;17:00;0;0;3;17
2024-05-19;5;2024;domingo;18:00;1;0;3;18
2024-05-19;5;2024;domingo;19:00;1;1;3;19
2024-05-19;5;2024;domingo;20:00;0;0;3;20
2024-05-19;5;2024;domingo;21:00;0;0;3;21
2024-05-19;5;2024;domingo;22:00;1;0;3;22
2024-05-19;5;2024;domingo;23:00;0;0;3;23
2024-05-20;5;2024;lunes;00:00:00;0;0;3;0
2024-05-20;5;2024;lunes;01:00;0;0;3;1
2024-05-20;5;2024;lunes;02:00;0;0;3;2
2024-05-20;5;2024;lunes;03:00;0;0;3;3
2024-05-20;5;2024;lunes;04:00;0;0;3;4
2024-05-20;5;2024;lunes;05:00;0;0;3;5
2024-05-20;5;2024;lunes;06:00;0;0;3;6
2024-05-20;5;2024;lunes;07:00;0;0;3;7
2024-05-20;5;2024;lunes;08:00;2;0;2;8
2024-05-20;5;2024;lunes;09:00;0;0;2;9
2024-05-20;5;2024;lunes;10:00;0;0;1;10
2024-05-20;5;2024;lunes;11:00;0;1;1;11
2024-05-20;5;2024;lunes;12:00;1;0;1;12
2024-05-20;5;2024;lunes;13:00;1;0;1;13
2024-05-20;5;2024;lunes;14:00;0;0;2;14
2024-05-20;5;2024;lunes;15:00;0;0;2;15
2024-05-20;5;2024;lunes;16:00;0;0;2;16
2024-05-20;5;2024;lunes;17:00;0;0;2;17
2024-05-20;5;2024;lunes;18:00;1;0;1;18
2024-05-20;5;2024;lunes;19:00;0;0;1;19
2024-05-20;5;2024;lunes;20:00;0;0;1;20
2024-05-20;5;2024;lunes;21:00;0;0;1;21
2024-05-20;5;2024;lunes;22:00;1;0;2;22
2024-05-20;5;2024;lunes;23:00;0;0;2;23
2024-05-21;5;2024;martes;00:00:00;0;0;3;0
2024-05-21;5;2024;martes;01:00;0;0;3;1
2024-05-21;5;2024;martes;02:00;0;0;3;2
2024-05-21;5;2024;martes;03:00;0;0;3;3
2024-05-21;5;2024;martes;04:00;0;0;3;4
2024-05-21;5;2024;martes;05:00;0;0;3;5
2024-05-21;5;2024;martes;06:00;0;0;3;6
2024-05-21;5;2024;martes;07:00;1;0;3;7
2024-05-21;5;2024;martes;08:00;0;0;2;8
2024-05-21;5;2024;martes;09:00;1;0;2;9
2024-05-21;5;2024;martes;10:00;1;1;1;10
2024-05-21;5;2024;martes;11:00;1;1;1;11
2024-05-21;5;2024;martes;12:00;1;0;1;12
2024-05-21;5;2024;martes;13:00;0;0;1;13
2024-05-21;5;2024;martes;14:00;1;0;2;14
2024-05-21;5;2024;martes;15:00;0;0;2;15
2024-05-21;5;2024;martes;16:00;0;0;2;16
2024-05-21;5;2024;martes;17:00;0;0;2;17
2024-05-21;5;2024;martes;18:00;0;0;1;18
2024-05-21;5;2024;martes;19:00;1;0;1;19
2024-05-21;5;2024;martes;20:00;0;0;1;20
2024-05-21;5;2024;martes;21:00;0;0;1;21
2024-05-21;5;2024;martes;22:00;1;1;2;22
2024-05-21;5;2024;martes;23:00;0;0;2;23
2024-05-22;5;2024;miércoles;00:00:00;0;0;3;0
2024-05-22;5;2024;miércoles;01:00;0;0;3;1
2024-05-22;5;2024;miércoles;02:00;0;0;3;2
2024-05-22;5;2024;miércoles;03:00;0;0;3;3
2024-05-22;5;2024;miércoles;04:00;0;0;3;4
2024-05-22;5;2024;miércoles;05:00;0;0;3;5
2024-05-22;5;2024;miércoles;06:00;0;0;3;6
2024-05-22;5;2024;miércoles;07:00;1;0;3;7
2024-05-22;5;2024;miércoles;08:00;0;0;2;8
2024-05-22;5;2024;miércoles;09:00;1;0;2;9
2024-05-22;5;2024;miércoles;10:00;0;0;1;10
2024-05-22;5;2024;miércoles;11:00;1;0;1;11
2024-05-22;5;2024;miércoles;12:00;0;0;1;12
2024-05-22;5;2024;miércoles;13:00;1;0;1;13
2024-05-22;5;2024;miércoles;14:00;0;0;2;14
2024-05-22;5;2024;miércoles;15:00;0;0;2;15
2024-05-22;5;2024;miércoles;16:00;0;0;2;16
2024-05-22;5;2024;miércoles;17:00;1;1;2;17
2024-05-22;5;2024;miércoles;18:00;0;0;1;18
2024-05-22;5;2024;miércoles;19:00;0;0;1;19
2024-05-22;5;2024;miércoles;20:00;1;0;1;20
2024-05-22;5;2024;miércoles;21:00;0;0;1;21
2024-05-22;5;2024;miércoles;22:00;0;0;2;22
2024-05-22;5;2024;miércoles;23:00;1;0;2;23
2024-05-23;5;2024;jueves;00:00:00;0;0;3;0
2024-05-23;5;2024;jueves;01:00;0;0;3;1
2024-05-23;5;2024;jueves;02:00;0;0;3;2
2024-05-23;5;2024;jueves;03:00;0;0;3;3
2024-05-23;5;2024;jueves;04:00;0;0;3;4
2024-05-23;5;2024;jueves;05:00;0;0;3;5
2024-05-23;5;2024;jueves;06:00;0;0;3;6
2024-05-23;5;2024;jueves;07:00;1;0;3;7
2024-05-23;5;2024;jueves;08:00;1;0;2;8
2024-05-23;5;2024;jueves;09:00;0;0;2;9
2024-05-23;5;2024;jueves;10:00;0;0;1;10
2024-05-23;5;2024;jueves;11:00;1;0;1;11
2024-05-23;5;2024;jueves;12:00;0;0;1;12
2024-05-23;5;2024;jueves;13:00;0;0;1;13
2024-05-23;5;2024;jueves;14:00;0;0;2;14
2024-05-23;5;2024;jueves;15:00;0;0;2;15
2024-05-23;5;2024;jueves;16:00;1;1;2;16
2024-05-23;5;2024;jueves;17:00;0;0;2;17
2024-05-23;5;2024;jueves;18:00;0;0;1;18
2024-05-23;5;2024;jueves;19:00;0;0;1;19
2024-05-23;5;2024;jueves;20:00;0;0;1;20
2024-05-23;5;2024;jueves;21:00;1;0;1;21
2024-05-23;5;2024;jueves;22:00;0;0;2;22
2024-05-23;5;2024;jueves;23:00;0;0;2;23
2024-05-24;5;2024;viernes;00:00:00;0;0;3;0
2024-05-24;5;2024;viernes;01:00;0;0;3;1
2024-05-24;5;2024;viernes;02:00;0;0;3;2
2024-05-24;5;2024;viernes;03:00;0;0;3;3
2024-05-24;5;2024;viernes;04:00;0;0;3;4
2024-05-24;5;2024;viernes;05:00;0;0;3;5
2024-05-24;5;2024;viernes;06:00;0;0;3;6
2024-05-24;5;2024;viernes;07:00;1;0;3;7
2024-05-24;5;2024;viernes;08:00;0;0;2;8
2024-05-24;5;2024;viernes;09:00;0;0;2;9
2024-05-24;5;2024;viernes;10:00;0;0;1;10
2024-05-24;5;2024;viernes;11:00;1;0;1;11
2024-05-24;5;2024;viernes;12:00;0;0;1;12
2024-05-24;5;2024;viernes;13:00;1;0;1;13
2024-05-24;5;2024;viernes;14:00;0;0;2;14
2024-05-24;5;2024;viernes;15:00;0;0;2;15
2024-05-24;5;2024;viernes;16:00;0;0;2;16
2024-05-24;5;2024;viernes;17:00;1;0;2;17
2024-05-24;5;2024;viernes;18:00;0;0;1;18
2024-05-24;5;2024;viernes;19:00;0;1;1;19
2024-05-24;5;2024;viernes;20:00;0;0;1;20
2024-05-24;5;2024;viernes;21:00;1;0;1;21
2024-05-24;5;2024;viernes;22:00;0;0;2;22
2024-05-24;5;2024;viernes;23:00;0;0;2;23
2024-05-25;5;2024;sábado;00:00:00;0;0;3;0
2024-05-25;5;2024;sábado;01:00;0;0;3;1
2024-05-25;5;2024;sábado;02:00;0;0;3;2
2024-05-25;5;2024;sábado;03:00;0;0;3;3
2024-05-25;5;2024;sábado;04:00;0;0;3;4
2024-05-25;5;2024;sábado;05:00;0;0;3;5
2024-05-25;5;2024;sábado;06:00;1;0;3;6
2024-05-25;5;2024;sábado;07:00;0;0;3;7
2024-05-25;5;2024;sábado;08:00;0;0;3;8
2024-05-25;5;2024;sábado;09:00;1;0;3;9
2024-05-25;5;2024;sábado;10:00;1;1;3;10
2024-05-25;5;2024;sábado;11:00;2;2;3;11
2024-05-25;5;2024;sábado;12:00;1;3;3;12
2024-05-25;5;2024;sábado;13:00;1;2;3;13
2024-05-25;5;2024;sábado;14:00;0;0;3;14
2024-05-25;5;2024;sábado;15:00;0;0;3;15
2024-05-25;5;2024;sábado;16:00;0;0;3;16
2024-05-25;5;2024;sábado;17:00;0;0;3;17
2024-05-25;5;2024;sábado;18:00;1;0;3;18
2024-05-25;5;2024;sábado;19:00;0;0;3;19
2024-05-25;5;2024;sábado;20:00;0;0;3;20
2024-05-25;5;2024;sábado;21:00;0;0;3;21
2024-05-25;5;2024;sábado;22:00;1;1;3;22
2024-05-25;5;2024;sábado;23:00;0;0;3;23
2024-05-26;5;2024;domingo;00:00:00;0;0;3;0
2024-05-26;5;2024;domingo;01:00;0;0;3;1
2024-05-26;5;2024;domingo;02:00;0;0;3;2
2024-05-26;5;2024;domingo;03:00;0;0;3;3
2024-05-26;5;2024;domingo;04:00;0;0;3;4
2024-05-26;5;2024;domingo;05:00;0;0;3;5
2024-05-26;5;2024;domingo;06:00;1;0;3;6
2024-05-26;5;2024;domingo;07:00;0;0;3;7
2024-05-26;5;2024;domingo;08:00;1;1;3;8
2024-05-26;5;2024;domingo;09:00;1;0;3;9
2024-05-26;5;2024;domingo;10:00;0;0;3;10
2024-05-26;5;2024;domingo;11:00;1;0;3;11
2024-05-26;5;2024;domingo;12:00;0;0;3;12
2024-05-26;5;2024;domingo;13:00;1;0;3;13
2024-05-26;5;2024;domingo;14:00;0;0;3;14
2024-05-26;5;2024;domingo;15:00;0;0;3;15
2024-05-26;5;2024;domingo;16:00;0;0;3;16
2024-05-26;5;2024;domingo;17:00;0;0;3;17
2024-05-26;5;2024;domingo;18:00;0;0;3;18
2024-05-26;5;2024;domingo;19:00;0;0;3;19
2024-05-26;5;2024;domingo;20:00;1;0;3;20
2024-05-26;5;2024;domingo;21:00;0;0;3;21
2024-05-26;5;2024;domingo;22:00;0;0;3;22
2024-05-26;5;2024;domingo;23:00;0;0;3;23
2024-05-27;5;2024;lunes;00:00:00;0;0;3;0
2024-05-27;5;2024;lunes;01:00;0;0;3;1
2024-05-27;5;2024;lunes;02:00;0;0;3;2
2024-05-27;5;2024;lunes;03:00;0;0;3;3
2024-05-27;5;2024;lunes;04:00;0;0;3;4
2024-05-27;5;2024;lunes;05:00;0;0;3;5
2024-05-27;5;2024;lunes;06:00;1;1;3;6
2024-05-27;5;2024;lunes;07:00;0;0;3;7
2024-05-27;5;2024;lunes;08:00;0;0;2;8
2024-05-27;5;2024;lunes;09:00;1;0;2;9
2024-05-27;5;2024;lunes;10:00;0;0;1;10
2024-05-27;5;2024;lunes;11:00;1;0;1;11
2024-05-27;5;2024;lunes;12:00;1;2;1;12
2024-05-27;5;2024;lunes;13:00;2;4;1;13
2024-05-27;5;2024;lunes;14:00;0;0;2;14
2024-05-27;5;2024;lunes;15:00;0;0;2;15
2024-05-27;5;2024;lunes;16:00;0;0;2;16
2024-05-27;5;2024;lunes;17:00;0;0;2;17
2024-05-27;5;2024;lunes;18:00;1;0;1;18
2024-05-27;5;2024;lunes;19:00;0;0;1;19
2024-05-27;5;2024;lunes;20:00;0;0;1;20
2024-05-27;5;2024;lunes;21:00;1;0;1;21
2024-05-27;5;2024;lunes;22:00;0;1;2;22
2024-05-27;5;2024;lunes;23:00;0;0;2;23
2024-05-28;5;2024;martes;00:00:00;0;0;3;0
2024-05-28;5;2024;martes;01:00;0;0;3;1
2024-05-28;5;2024;martes;02:00;1;0;3;2
2024-05-28;5;2024;martes;03:00;0;0;3;3
2024-05-28;5;2024;martes;04:00;0;0;3;4
2024-05-28;5;2024;martes;05:00;0;0;3;5
2024-05-28;5;2024;martes;06:00;0;0;3;6
2024-05-28;5;2024;martes;07:00;0;0;3;7
2024-05-28;5;2024;martes;08:00;0;0;2;8
2024-05-28;5;2024;martes;09:00;1;0;2;9
2024-05-28;5;2024;martes;10:00;0;0;1;10
2024-05-28;5;2024;martes;11:00;0;0;1;11
2024-05-28;5;2024;martes;12:00;0;0;1;12
2024-05-28;5;2024;martes;13:00;1;0;1;13
2024-05-28;5;2024;martes;14:00;0;0;2;14
2024-05-28;5;2024;martes;15:00;0;0;2;15
2024-05-28;5;2024;martes;16:00;0;0;2;16
2024-05-28;5;2024;martes;17:00;0;0;2;17
2024-05-28;5;2024;martes;18:00;0;0;1;18
2024-05-28;5;2024;martes;19:00;1;0;1;19
2024-05-28;5;2024;martes;20:00;0;0;1;20
2024-05-28;5;2024;martes;21:00;1;1;1;21
2024-05-28;5;2024;martes;22:00;0;0;2;22
2024-05-28;5;2024;martes;23:00;0;0;2;23
2024-05-29;5;2024;miércoles;00:00:00;0;0;3;0
2024-05-29;5;2024;miércoles;01:00;0;0;3;1
2024-05-29;5;2024;miércoles;02:00;0;0;3;2
2024-05-29;5;2024;miércoles;03:00;0;0;3;3
2024-05-29;5;2024;miércoles;04:00;0;0;3;4
2024-05-29;5;2024;miércoles;05:00;1;0;3;5
2024-05-29;5;2024;miércoles;06:00;0;0;3;6
2024-05-29;5;2024;miércoles;07:00;0;0;3;7
2024-05-29;5;2024;miércoles;08:00;0;0;2;8
2024-05-29;5;2024;miércoles;09:00;1;0;2;9
2024-05-29;5;2024;miércoles;10:00;0;0;1;10
2024-05-29;5;2024;miércoles;11:00;1;0;1;11
2024-05-29;5;2024;miércoles;12:00;1;1;1;12
2024-05-29;5;2024;miércoles;13:00;0;0;1;13
2024-05-29;5;2024;miércoles;14:00;1;0;2;14
2024-05-29;5;2024;miércoles;15:00;0;0;2;15
2024-05-29;5;2024;miércoles;16:00;0;0;2;16
2024-05-29;5;2024;miércoles;17:00;0;0;2;17
2024-05-29;5;2024;miércoles;18:00;0;0;1;18
2024-05-29;5;2024;miércoles;19:00;0;0;1;19
2024-05-29;5;2024;miércoles;20:00;1;2;1;20
2024-05-29;5;2024;miércoles;21:00;1;0;1;21
2024-05-29;5;2024;miércoles;22:00;0;0;2;22
2024-05-29;5;2024;miércoles;23:00;0;0;2;23
2024-05-30;5;2024;jueves;00:00:00;1;0;3;0
2024-05-30;5;2024;jueves;01:00;0;0;3;1
2024-05-30;5;2024;jueves;02:00;0;0;3;2
2024-05-30;5;2024;jueves;03:00;0;0;3;3
2024-05-30;5;2024;jueves;04:00;0;0;3;4
2024-05-30;5;2024;jueves;05:00;0;1;3;5
2024-05-30;5;2024;jueves;06:00;0;0;3;6
2024-05-30;5;2024;jueves;07:00;1;0;3;7
2024-05-30;5;2024;jueves;08:00;0;0;2;8
2024-05-30;5;2024;jueves;09:00;1;0;2;9
2024-05-30;5;2024;jueves;10:00;0;0;1;10
2024-05-30;5;2024;jueves;11:00;0;0;1;11
2024-05-30;5;2024;jueves;12:00;0;0;1;12
2024-05-30;5;2024;jueves;13:00;0;0;1;13
2024-05-30;5;2024;jueves;14:00;0;0;2;14
2024-05-30;5;2024;jueves;15:00;1;0;2;15
2024-05-30;5;2024;jueves;16:00;0;0;2;16
2024-05-30;5;2024;jueves;17:00;0;0;2;17
2024-05-30;5;2024;jueves;18:00;0;0;1;18
2024-05-30;5;2024;jueves;19:00;0;0;1;19
2024-05-30;5;2024;jueves;20:00;0;0;1;20
2024-05-30;5;2024;jueves;21:00;1;0;1;21
2024-05-30;5;2024;jueves;22:00;0;0;2;22
2024-05-30;5;2024;jueves;23:00;0;0;2;23
2024-05-31;5;2024;viernes;00:00:00;0;0;3;0
2024-05-31;5;2024;viernes;01:00;0;0;3;1
2024-05-31;5;2024;viernes;02:00;0;0;3;2
2024-05-31;5;2024;viernes;03:00;1;0;3;3
2024-05-31;5;2024;viernes;04:00;0;0;3;4
2024-05-31;5;2024;viernes;05:00;0;0;3;5
2024-05-31;5;2024;viernes;06:00;0;0;3;6
2024-05-31;5;2024;viernes;07:00;0;1;3;7
2024-05-31;5;2024;viernes;08:00;1;0;2;8
2024-05-31;5;2024;viernes;09:00;0;0;2;9
2024-05-31;5;2024;viernes;10:00;0;0;1;10
2024-05-31;5;2024;viernes;11:00;1;0;1;11
2024-05-31;5;2024;viernes;12:00;1;0;1;12
2024-05-31;5;2024;viernes;13:00;0;0;1;13
2024-05-31;5;2024;viernes;14:00;0;0;2;14
2024-05-31;5;2024;viernes;15:00;0;0;2;15
2024-05-31;5;2024;viernes;16:00;1;0;2;16
2024-05-31;5;2024;viernes;17:00;0;0;2;17
2024-05-31;5;2024;viernes;18:00;0;0;1;18
2024-05-31;5;2024;viernes;19:00;0;0;1;19
2024-05-31;5;2024;viernes;20:00;1;0;1;20
2024-05-31;5;2024;viernes;21:00;0;0;1;21
2024-05-31;5;2024;viernes;22:00;0;0;2;22
2024-05-31;5;2024;viernes;23:00;0;1;2;23
2024-06-01;6;2024;sábado;00:00:00;0;0;3;0
2024-06-01;6;2024;sábado;01:00;0;0;3;1
2024-06-01;6;2024;sábado;02:00;0;0;3;2
2024-06-01;6;2024;sábado;03:00;0;0;3;3
2024-06-01;6;2024;sábado;04:00;1;0;3;4
2024-06-01;6;2024;sábado;05:00;0;0;3;5
2024-06-01;6;2024;sábado;06:00;0;0;3;6
2024-06-01;6;2024;sábado;07:00;0;0;3;7
2024-06-01;6;2024;sábado;08:00;1;0;3;8
2024-06-01;6;2024;sábado;09:00;0;0;3;9
2024-06-01;6;2024;sábado;10:00;1;0;3;10
2024-06-01;6;2024;sábado;11:00;0;0;3;11
2024-06-01;6;2024;sábado;12:00;0;0;3;12
2024-06-01;6;2024;sábado;13:00;1;0;3;13
2024-06-01;6;2024;sábado;14:00;0;0;3;14
2024-06-01;6;2024;sábado;15:00;0;0;3;15
2024-06-01;6;2024;sábado;16:00;1;1;3;16
2024-06-01;6;2024;sábado;17:00;0;0;3;17
2024-06-01;6;2024;sábado;18:00;0;0;3;18
2024-06-01;6;2024;sábado;19:00;0;0;3;19
2024-06-01;6;2024;sábado;20:00;0;0;3;20
2024-06-01;6;2024;sábado;21:00;1;0;3;21
2024-06-01;6;2024;sábado;22:00;0;0;3;22
2024-06-01;6;2024;sábado;23:00;1;0;3;23
2024-06-02;6;2024;domingo;00:00:00;0;0;3;0
2024-06-02;6;2024;domingo;01:00;0;0;3;1
2024-06-02;6;2024;domingo;02:00;0;0;3;2
2024-06-02;6;2024;domingo;03:00;0;0;3;3
2024-06-02;6;2024;domingo;04:00;0;0;3;4
2024-06-02;6;2024;domingo;05:00;0;0;3;5
2024-06-02;6;2024;domingo;06:00;0;0;3;6
2024-06-02;6;2024;domingo;07:00;1;0;3;7
2024-06-02;6;2024;domingo;08:00;0;0;3;8
2024-06-02;6;2024;domingo;09:00;0;0;3;9
2024-06-02;6;2024;domingo;10:00;1;0;3;10
2024-06-02;6;2024;domingo;11:00;0;1;3;11
2024-06-02;6;2024;domingo;12:00;1;0;3;12
2024-06-02;6;2024;domingo;13:00;0;0;3;13
2024-06-02;6;2024;domingo;14:00;0;0;3;14
2024-06-02;6;2024;domingo;15:00;0;0;3;15
2024-06-02;6;2024;domingo;16:00;0;0;3;16
2024-06-02;6;2024;domingo;17:00;1;0;3;17
2024-06-02;6;2024;domingo;18:00;0;0;3;18
2024-06-02;6;2024;domingo;19:00;0;0;3;19
2024-06-02;6;2024;domingo;20:00;0;0;3;20
2024-06-02;6;2024;domingo;21:00;0;0;3;21
2024-06-02;6;2024;domingo;22:00;0;0;3;22
2024-06-02;6;2024;domingo;23:00;1;0;3;23
2024-06-03;6;2024;lunes;00:00:00;0;0;3;0
2024-06-03;6;2024;lunes;01:00;0;0;3;1
2024-06-03;6;2024;lunes;02:00;0;0;3;2
2024-06-03;6;2024;lunes;03:00;0;0;3;3
2024-06-03;6;2024;lunes;04:00;0;0;3;4
2024-06-03;6;2024;lunes;05:00;0;0;3;5
2024-06-03;6;2024;lunes;06:00;0;0;3;6
2024-06-03;6;2024;lunes;07:00;0;0;3;7
2024-06-03;6;2024;lunes;08:00;1;0;2;8
2024-06-03;6;2024;lunes;09:00;0;0;2;9
2024-06-03;6;2024;lunes;10:00;0;0;1;10
2024-06-03;6;2024;lunes;11:00;1;0;1;11
2024-06-03;6;2024;lunes;12:00;0;1;1;12
2024-06-03;6;2024;lunes;13:00;1;0;1;13
2024-06-03;6;2024;lunes;14:00;0;1;2;14
2024-06-03;6;2024;lunes;15:00;1;0;2;15
2024-06-03;6;2024;lunes;16:00;0;0;2;16
2024-06-03;6;2024;lunes;17:00;0;0;2;17
2024-06-03;6;2024;lunes;18:00;0;0;1;18
2024-06-03;6;2024;lunes;19:00;0;0;1;19
2024-06-03;6;2024;lunes;20:00;1;0;1;20
2024-06-03;6;2024;lunes;21:00;0;0;1;21
2024-06-03;6;2024;lunes;22:00;0;0;2;22
2024-06-03;6;2024;lunes;23:00;0;0;2;23
2024-06-04;6;2024;martes;00:00:00;0;0;3;0
2024-06-04;6;2024;martes;01:00;0;0;3;1
2024-06-04;6;2024;martes;02:00;1;0;3;2
2024-06-04;6;2024;martes;03:00;0;1;3;3
2024-06-04;6;2024;martes;04:00;0;0;3;4
2024-06-04;6;2024;martes;05:00;0;0;3;5
2024-06-04;6;2024;martes;06:00;0;0;3;6
2024-06-04;6;2024;martes;07:00;0;0;3;7
2024-06-04;6;2024;martes;08:00;1;0;2;8
2024-06-04;6;2024;martes;09:00;0;0;2;9
2024-06-04;6;2024;martes;10:00;0;0;1;10
2024-06-04;6;2024;martes;11:00;1;0;1;11
2024-06-04;6;2024;martes;12:00;0;0;1;12
2024-06-04;6;2024;martes;13:00;1;1;1;13
2024-06-04;6;2024;martes;14:00;0;0;2;14
2024-06-04;6;2024;martes;15:00;0;1;2;15
2024-06-04;6;2024;martes;16:00;1;0;2;16
2024-06-04;6;2024;martes;17:00;0;0;2;17
2024-06-04;6;2024;martes;18:00;0;0;1;18
2024-06-04;6;2024;martes;19:00;0;0;1;19
2024-06-04;6;2024;martes;20:00;0;0;1;20
2024-06-04;6;2024;martes;21:00;0;0;1;21
2024-06-04;6;2024;martes;22:00;1;0;2;22
2024-06-04;6;2024;martes;23:00;0;0;2;23
2024-06-05;6;2024;miércoles;00:00:00;0;0;3;0
2024-06-05;6;2024;miércoles;01:00;0;0;3;1
2024-06-05;6;2024;miércoles;02:00;0;0;3;2
2024-06-05;6;2024;miércoles;03:00;0;1;3;3
2024-06-05;6;2024;miércoles;04:00;0;0;3;4
2024-06-05;6;2024;miércoles;05:00;0;0;3;5
2024-06-05;6;2024;miércoles;06:00;1;0;3;6
2024-06-05;6;2024;miércoles;07:00;0;0;3;7
2024-06-05;6;2024;miércoles;08:00;1;0;2;8
2024-06-05;6;2024;miércoles;09:00;0;0;2;9
2024-06-05;6;2024;miércoles;10:00;0;0;1;10
2024-06-05;6;2024;miércoles;11:00;0;0;1;11
2024-06-05;6;2024;miércoles;12:00;1;0;1;12
2024-06-05;6;2024;miércoles;13:00;0;0;1;13
2024-06-05;6;2024;miércoles;14:00;0;0;2;14
2024-06-05;6;2024;miércoles;15:00;1;0;2;15
2024-06-05;6;2024;miércoles;16:00;0;0;2;16
2024-06-05;6;2024;miércoles;17:00;0;0;2;17
2024-06-05;6;2024;miércoles;18:00;0;0;1;18
2024-06-05;6;2024;miércoles;19:00;0;1;1;19
2024-06-05;6;2024;miércoles;20:00;0;0;1;20
2024-06-05;6;2024;miércoles;21:00;0;0;1;21
2024-06-05;6;2024;miércoles;22:00;1;0;2;22
2024-06-05;6;2024;miércoles;23:00;0;0;2;23
2024-06-06;6;2024;jueves;00:00:00;0;0;3;0
2024-06-06;6;2024;jueves;01:00;0;0;3;1
2024-06-06;6;2024;jueves;02:00;1;0;3;2
2024-06-06;6;2024;jueves;03:00;0;0;3;3
2024-06-06;6;2024;jueves;04:00;0;0;3;4
2024-06-06;6;2024;jueves;05:00;0;0;3;5
2024-06-06;6;2024;jueves;06:00;0;0;3;6
2024-06-06;6;2024;jueves;07:00;1;0;3;7
2024-06-06;6;2024;jueves;08:00;0;0;2;8
2024-06-06;6;2024;jueves;09:00;1;1;2;9
2024-06-06;6;2024;jueves;10:00;0;0;1;10
2024-06-06;6;2024;jueves;11:00;0;0;1;11
2024-06-06;6;2024;jueves;12:00;1;0;1;12
2024-06-06;6;2024;jueves;13:00;0;0;1;13
2024-06-06;6;2024;jueves;14:00;0;1;2;14
2024-06-06;6;2024;jueves;15:00;0;0;2;15
2024-06-06;6;2024;jueves;16:00;0;0;2;16
2024-06-06;6;2024;jueves;17:00;1;0;2;17
2024-06-06;6;2024;jueves;18:00;0;0;1;18
2024-06-06;6;2024;jueves;19:00;0;0;1;19
2024-06-06;6;2024;jueves;20:00;0;0;1;20
2024-06-06;6;2024;jueves;21:00;1;0;1;21
2024-06-06;6;2024;jueves;22:00;0;0;2;22
2024-06-06;6;2024;jueves;23:00;1;0;2;23
2024-06-07;6;2024;viernes;00:00:00;0;0;3;0
2024-06-07;6;2024;viernes;01:00;0;0;3;1
2024-06-07;6;2024;viernes;02:00;0;0;3;2
2024-06-07;6;2024;viernes;03:00;0;0;3;3
2024-06-07;6;2024;viernes;04:00;0;0;3;4
2024-06-07;6;2024;viernes;05:00;0;0;3;5
2024-06-07;6;2024;viernes;06:00;1;1;3;6
2024-06-07;6;2024;viernes;07:00;0;0;3;7
2024-06-07;6;2024;viernes;08:00;0;0;2;8
2024-06-07;6;2024;viernes;09:00;1;0;2;9
2024-06-07;6;2024;viernes;10:00;0;0;1;10
2024-06-07;6;2024;viernes;11:00;1;1;1;11
2024-06-07;6;2024;viernes;12:00;0;0;1;12
2024-06-07;6;2024;viernes;13:00;1;0;1;13
2024-06-07;6;2024;viernes;14:00;1;0;2;14
2024-06-07;6;2024;viernes;15:00;0;0;2;15
2024-06-07;6;2024;viernes;16:00;0;0;2;16
2024-06-07;6;2024;viernes;17:00;1;0;2;17
2024-06-07;6;2024;viernes;18:00;0;0;1;18
2024-06-07;6;2024;viernes;19:00;0;0;1;19
2024-06-07;6;2024;viernes;20:00;0;0;1;20
2024-06-07;6;2024;viernes;21:00;1;0;1;21
2024-06-07;6;2024;viernes;22:00;0;0;2;22
2024-06-07;6;2024;viernes;23:00;0;0;2;23
2024-06-08;6;2024;sábado;00:00:00;0;1;3;0
2024-06-08;6;2024;sábado;01:00;0;0;3;1
2024-06-08;6;2024;sábado;02:00;1;0;3;2
2024-06-08;6;2024;sábado;03:00;0;0;3;3
2024-06-08;6;2024;sábado;04:00;0;0;3;4
2024-06-08;6;2024;sábado;05:00;0;0;3;5
2024-06-08;6;2024;sábado;06:00;0;0;3;6
2024-06-08;6;2024;sábado;07:00;0;0;3;7
2024-06-08;6;2024;sábado;08:00;1;0;3;8
2024-06-08;6;2024;sábado;09:00;0;0;3;9
2024-06-08;6;2024;sábado;10:00;1;0;3;10
2024-06-08;6;2024;sábado;11:00;0;0;3;11
2024-06-08;6;2024;sábado;12:00;0;0;3;12
2024-06-08;6;2024;sábado;13:00;1;0;3;13
2024-06-08;6;2024;sábado;14:00;0;0;3;14
2024-06-08;6;2024;sábado;15:00;0;0;3;15
2024-06-08;6;2024;sábado;16:00;0;0;3;16
2024-06-08;6;2024;sábado;17:00;0;0;3;17
2024-06-08;6;2024;sábado;18:00;0;0;3;18
2024-06-08;6;2024;sábado;19:00;1;1;3;19
2024-06-08;6;2024;sábado;20:00;0;0;3;20
2024-06-08;6;2024;sábado;21:00;0;1;3;21
2024-06-08;6;2024;sábado;22:00;1;0;3;22
2024-06-08;6;2024;sábado;23:00;0;0;3;23
2024-06-09;6;2024;domingo;00:00:00;0;0;3;0
2024-06-09;6;2024;domingo;01:00;0;0;3;1
2024-06-09;6;2024;domingo;02:00;0;0;3;2
2024-06-09;6;2024;domingo;03:00;0;0;3;3
2024-06-09;6;2024;domingo;04:00;0;0;3;4
2024-06-09;6;2024;domingo;05:00;0;0;3;5
2024-06-09;6;2024;domingo;06:00;0;0;3;6
2024-06-09;6;2024;domingo;07:00;1;0;3;7
2024-06-09;6;2024;domingo;08:00;0;0;3;8
2024-06-09;6;2024;domingo;09:00;0;0;3;9
2024-06-09;6;2024;domingo;10:00;0;1;3;10
2024-06-09;6;2024;domingo;11:00;0;0;3;11
2024-06-09;6;2024;domingo;12:00;1;0;3;12
2024-06-09;6;2024;domingo;13:00;0;0;3;13
2024-06-09;6;2024;domingo;14:00;1;0;3;14
2024-06-09;6;2024;domingo;15:00;0;0;3;15
2024-06-09;6;2024;domingo;16:00;0;0;3;16
2024-06-09;6;2024;domingo;17:00;0;0;3;17
2024-06-09;6;2024;domingo;18:00;1;0;3;18
2024-06-09;6;2024;domingo;19:00;0;0;3;19
2024-06-09;6;2024;domingo;20:00;0;0;3;20
2024-06-09;6;2024;domingo;21:00;0;0;3;21
2024-06-09;6;2024;domingo;22:00;0;0;3;22
2024-06-09;6;2024;domingo;23:00;0;0;3;23
2024-06-10;6;2024;lunes;00:00:00;0;0;3;0
2024-06-10;6;2024;lunes;01:00;1;0;3;1
2024-06-10;6;2024;lunes;02:00;0;0;3;2
2024-06-10;6;2024;lunes;03:00;0;0;3;3
2024-06-10;6;2024;lunes;04:00;0;0;3;4
2024-06-10;6;2024;lunes;05:00;0;0;3;5
2024-06-10;6;2024;lunes;06:00;0;0;3;6
2024-06-10;6;2024;lunes;07:00;0;1;3;7
2024-06-10;6;2024;lunes;08:00;1;0;2;8
2024-06-10;6;2024;lunes;09:00;0;0;2;9
2024-06-10;6;2024;lunes;10:00;1;0;1;10
2024-06-10;6;2024;lunes;11:00;1;0;1;11
2024-06-10;6;2024;lunes;12:00;1;0;1;12
2024-06-10;6;2024;lunes;13:00;0;0;1;13
2024-06-10;6;2024;lunes;14:00;1;0;2;14
2024-06-10;6;2024;lunes;15:00;0;0;2;15
2024-06-10;6;2024;lunes;16:00;0;0;2;16
2024-06-10;6;2024;lunes;17:00;1;0;2;17
2024-06-10;6;2024;lunes;18:00;0;0;1;18
2024-06-10;6;2024;lunes;19:00;0;0;1;19
2024-06-10;6;2024;lunes;20:00;0;0;1;20
2024-06-10;6;2024;lunes;21:00;1;0;1;21
2024-06-10;6;2024;lunes;22:00;0;0;2;22
2024-06-10;6;2024;lunes;23:00;0;0;2;23
2024-06-11;6;2024;martes;00:00:00;0;0;3;0
2024-06-11;6;2024;martes;01:00;0;0;3;1
2024-06-11;6;2024;martes;02:00;0;0;3;2
2024-06-11;6;2024;martes;03:00;0;1;3;3
2024-06-11;6;2024;martes;04:00;1;0;3;4
2024-06-11;6;2024;martes;05:00;0;0;3;5
2024-06-11;6;2024;martes;06:00;0;0;3;6
2024-06-11;6;2024;martes;07:00;0;0;3;7
2024-06-11;6;2024;martes;08:00;0;0;2;8
2024-06-11;6;2024;martes;09:00;0;0;2;9
2024-06-11;6;2024;martes;10:00;1;0;1;10
2024-06-11;6;2024;martes;11:00;0;0;1;11
2024-06-11;6;2024;martes;12:00;0;0;1;12
2024-06-11;6;2024;martes;13:00;1;0;1;13
2024-06-11;6;2024;martes;14:00;0;0;2;14
2024-06-11;6;2024;martes;15:00;1;0;2;15
2024-06-11;6;2024;martes;16:00;0;0;2;16
2024-06-11;6;2024;martes;17:00;0;0;2;17
2024-06-11;6;2024;martes;18:00;0;0;1;18
2024-06-11;6;2024;martes;19:00;0;0;1;19
2024-06-11;6;2024;martes;20:00;1;1;1;20
2024-06-11;6;2024;martes;21:00;1;0;1;21
2024-06-11;6;2024;martes;22:00;0;0;2;22
2024-06-11;6;2024;martes;23:00;1;0;2;23
2024-06-12;6;2024;miércoles;00:00:00;0;0;3;0
2024-06-12;6;2024;miércoles;01:00;0;0;3;1
2024-06-12;6;2024;miércoles;02:00;0;0;3;2
2024-06-12;6;2024;miércoles;03:00;0;0;3;3
2024-06-12;6;2024;miércoles;04:00;0;0;3;4
2024-06-12;6;2024;miércoles;05:00;0;0;3;5
2024-06-12;6;2024;miércoles;06:00;0;0;3;6
2024-06-12;6;2024;miércoles;07:00;1;0;3;7
2024-06-12;6;2024;miércoles;08:00;0;1;2;8
2024-06-12;6;2024;miércoles;09:00;0;0;2;9
2024-06-12;6;2024;miércoles;10:00;1;1;1;10
2024-06-12;6;2024;miércoles;11:00;0;0;1;11
2024-06-12;6;2024;miércoles;12:00;1;0;1;12
2024-06-12;6;2024;miércoles;13:00;0;0;1;13
2024-06-12;6;2024;miércoles;14:00;1;1;2;14
2024-06-12;6;2024;miércoles;15:00;0;0;2;15
2024-06-12;6;2024;miércoles;16:00;0;0;2;16
2024-06-12;6;2024;miércoles;17:00;0;0;2;17
2024-06-12;6;2024;miércoles;18:00;1;0;1;18
2024-06-12;6;2024;miércoles;19:00;0;0;1;19
2024-06-12;6;2024;miércoles;20:00;0;1;1;20
2024-06-12;6;2024;miércoles;21:00;1;0;1;21
2024-06-12;6;2024;miércoles;22:00;0;0;2;22
2024-06-12;6;2024;miércoles;23:00;0;0;2;23
2024-06-13;6;2024;jueves;00:00:00;0;0;3;0
2024-06-13;6;2024;jueves;01:00;0;0;3;1
2024-06-13;6;2024;jueves;02:00;0;0;3;2
2024-06-13;6;2024;jueves;03:00;0;0;3;3
2024-06-13;6;2024;jueves;04:00;0;0;3;4
2024-06-13;6;2024;jueves;05:00;1;0;3;5
2024-06-13;6;2024;jueves;06:00;0;0;3;6
2024-06-13;6;2024;jueves;07:00;0;0;3;7
2024-06-13;6;2024;jueves;08:00;1;0;2;8
2024-06-13;6;2024;jueves;09:00;0;0;2;9
2024-06-13;6;2024;jueves;10:00;0;0;1;10
2024-06-13;6;2024;jueves;11:00;0;0;1;11
2024-06-13;6;2024;jueves;12:00;0;0;1;12
2024-06-13;6;2024;jueves;13:00;0;0;1;13
2024-06-13;6;2024;jueves;14:00;0;0;2;14
2024-06-13;6;2024;jueves;15:00;0;0;2;15
2024-06-13;6;2024;jueves;16:00;1;0;2;16
2024-06-13;6;2024;jueves;17:00;0;0;2;17
2024-06-13;6;2024;jueves;18:00;0;1;1;18
2024-06-13;6;2024;jueves;19:00;0;0;1;19
2024-06-13;6;2024;jueves;20:00;0;0;1;20
2024-06-13;6;2024;jueves;21:00;0;0;1;21
2024-06-13;6;2024;jueves;22:00;0;0;2;22
2024-06-13;6;2024;jueves;23:00;0;0;2;23
2024-06-14;6;2024;viernes;00:00:00;1;0;3;0
2024-06-14;6;2024;viernes;01:00;0;0;3;1
2024-06-14;6;2024;viernes;02:00;0;0;3;2
2024-06-14;6;2024;viernes;03:00;0;0;3;3
2024-06-14;6;2024;viernes;04:00;0;0;3;4
2024-06-14;6;2024;viernes;05:00;0;0;3;5
2024-06-14;6;2024;viernes;06:00;0;0;3;6
2024-06-14;6;2024;viernes;07:00;0;0;3;7
2024-06-14;6;2024;viernes;08:00;1;0;2;8
2024-06-14;6;2024;viernes;09:00;0;0;2;9
2024-06-14;6;2024;viernes;10:00;1;0;1;10
2024-06-14;6;2024;viernes;11:00;0;0;1;11
2024-06-14;6;2024;viernes;12:00;0;0;1;12
2024-06-14;6;2024;viernes;13:00;1;0;1;13
2024-06-14;6;2024;viernes;14:00;0;1;2;14
2024-06-14;6;2024;viernes;15:00;0;0;2;15
2024-06-14;6;2024;viernes;16:00;1;0;2;16
2024-06-14;6;2024;viernes;17:00;0;0;2;17
2024-06-14;6;2024;viernes;18:00;0;0;1;18
2024-06-14;6;2024;viernes;19:00;0;0;1;19
2024-06-14;6;2024;viernes;20:00;1;0;1;20
2024-06-14;6;2024;viernes;21:00;0;0;1;21
2024-06-14;6;2024;viernes;22:00;1;0;2;22
2024-06-14;6;2024;viernes;23:00;0;0;2;23
2024-06-15;6;2024;sábado;00:00:00;0;0;3;0
2024-06-15;6;2024;sábado;01:00;0;0;3;1
2024-06-15;6;2024;sábado;02:00;0;0;3;2
2024-06-15;6;2024;sábado;03:00;0;0;3;3
2024-06-15;6;2024;sábado;04:00;0;0;3;4
2024-06-15;6;2024;sábado;05:00;0;0;3;5
2024-06-15;6;2024;sábado;06:00;0;1;3;6
2024-06-15;6;2024;sábado;07:00;1;0;3;7
2024-06-15;6;2024;sábado;08:00;0;0;3;8
2024-06-15;6;2024;sábado;09:00;0;0;3;9
2024-06-15;6;2024;sábado;10:00;1;0;3;10
2024-06-15;6;2024;sábado;11:00;1;0;3;11
2024-06-15;6;2024;sábado;12:00;0;1;3;12
2024-06-15;6;2024;sábado;13:00;1;0;3;13
2024-06-15;6;2024;sábado;14:00;0;0;3;14
2024-06-15;6;2024;sábado;15:00;0;0;3;15
2024-06-15;6;2024;sábado;16:00;0;1;3;16
2024-06-15;6;2024;sábado;17:00;0;0;3;17
2024-06-15;6;2024;sábado;18:00;0;0;3;18
2024-06-15;6;2024;sábado;19:00;1;0;3;19
2024-06-15;6;2024;sábado;20:00;0;0;3;20
2024-06-15;6;2024;sábado;21:00;0;0;3;21
2024-06-15;6;2024;sábado;22:00;1;0;3;22
2024-06-15;6;2024;sábado;23:00;0;0;3;23
2024-06-16;6;2024;domingo;00:00:00;0;0;3;0
2024-06-16;6;2024;domingo;01:00;0;0;3;1
2024-06-16;6;2024;domingo;02:00;0;0;3;2
2024-06-16;6;2024;domingo;03:00;0;0;3;3
2024-06-16;6;2024;domingo;04:00;0;0;3;4
2024-06-16;6;2024;domingo;05:00;1;0;3;5
2024-06-16;6;2024;domingo;06:00;0;0;3;6
2024-06-16;6;2024;domingo;07:00;0;0;3;7
2024-06-16;6;2024;domingo;08:00;0;0;3;8
2024-06-16;6;2024;domingo;09:00;1;0;3;9
2024-06-16;6;2024;domingo;10:00;0;1;3;10
2024-06-16;6;2024;domingo;11:00;0;0;3;11
2024-06-16;6;2024;domingo;12:00;1;0;3;12
2024-06-16;6;2024;domingo;13:00;0;0;3;13
2024-06-16;6;2024;domingo;14:00;1;0;3;14
2024-06-16;6;2024;domingo;15:00;0;0;3;15
2024-06-16;6;2024;domingo;16:00;0;1;3;16
2024-06-16;6;2024;domingo;17:00;0;0;3;17
2024-06-16;6;2024;domingo;18:00;1;0;3;18
2024-06-16;6;2024;domingo;19:00;0;0;3;19
2024-06-16;6;2024;domingo;20:00;0;0;3;20
2024-06-16;6;2024;domingo;21:00;0;0;3;21
2024-06-16;6;2024;domingo;22:00;0;0;3;22
2024-06-16;6;2024;domingo;23:00;1;0;3;23
2024-06-17;6;2024;lunes;00:00:00;0;0;3;0
2024-06-17;6;2024;lunes;01:00;0;0;3;1
2024-06-17;6;2024;lunes;02:00;0;0;3;2
2024-06-17;6;2024;lunes;03:00;0;0;3;3
2024-06-17;6;2024;lunes;04:00;0;0;3;4
2024-06-17;6;2024;lunes;05:00;0;0;3;5
2024-06-17;6;2024;lunes;06:00;0;0;3;6
2024-06-17;6;2024;lunes;07:00;1;0;3;7
2024-06-17;6;2024;lunes;08:00;0;0;2;8
2024-06-17;6;2024;lunes;09:00;1;0;2;9
2024-06-17;6;2024;lunes;10:00;0;1;1;10
2024-06-17;6;2024;lunes;11:00;0;0;1;11
2024-06-17;6;2024;lunes;12:00;1;0;1;12
2024-06-17;6;2024;lunes;13:00;1;0;1;13
2024-06-17;6;2024;lunes;14:00;1;0;2;14
2024-06-17;6;2024;lunes;15:00;0;0;2;15
2024-06-17;6;2024;lunes;16:00;0;0;2;16
2024-06-17;6;2024;lunes;17:00;1;0;2;17
2024-06-17;6;2024;lunes;18:00;0;0;1;18
2024-06-17;6;2024;lunes;19:00;0;0;1;19
2024-06-17;6;2024;lunes;20:00;0;0;1;20
2024-06-17;6;2024;lunes;21:00;1;1;1;21
2024-06-17;6;2024;lunes;22:00;1;0;2;22
2024-06-17;6;2024;lunes;23:00;0;0;2;23
2024-06-18;6;2024;martes;00:00:00;0;0;3;0
2024-06-18;6;2024;martes;01:00;0;0;3;1
2024-06-18;6;2024;martes;02:00;0;0;3;2
2024-06-18;6;2024;martes;03:00;0;0;3;3
2024-06-18;6;2024;martes;04:00;0;0;3;4
2024-06-18;6;2024;martes;05:00;0;0;3;5
2024-06-18;6;2024;martes;06:00;1;0;3;6
2024-06-18;6;2024;martes;07:00;0;0;3;7
2024-06-18;6;2024;martes;08:00;0;0;2;8
2024-06-18;6;2024;martes;09:00;0;1;2;9
2024-06-18;6;2024;martes;10:00;0;0;1;10
2024-06-18;6;2024;martes;11:00;1;0;1;11
2024-06-18;6;2024;martes;12:00;0;1;1;12
2024-06-18;6;2024;martes;13:00;1;0;1;13
2024-06-18;6;2024;martes;14:00;0;0;2;14
2024-06-18;6;2024;martes;15:00;0;0;2;15
2024-06-18;6;2024;martes;16:00;0;0;2;16
2024-06-18;6;2024;martes;17:00;0;0;2;17
2024-06-18;6;2024;martes;18:00;0;0;1;18
2024-06-18;6;2024;martes;19:00;1;0;1;19
2024-06-18;6;2024;martes;20:00;0;0;1;20
2024-06-18;6;2024;martes;21:00;0;1;1;21
2024-06-18;6;2024;martes;22:00;1;0;2;22
2024-06-18;6;2024;martes;23:00;0;0;2;23
2024-06-19;6;2024;miércoles;00:00:00;0;0;3;0
2024-06-19;6;2024;miércoles;01:00;0;0;3;1
2024-06-19;6;2024;miércoles;02:00;0;1;3;2
2024-06-19;6;2024;miércoles;03:00;0;0;3;3
2024-06-19;6;2024;miércoles;04:00;1;0;3;4
2024-06-19;6;2024;miércoles;05:00;0;0;3;5
2024-06-19;6;2024;miércoles;06:00;0;0;3;6
2024-06-19;6;2024;miércoles;07:00;0;0;3;7
2024-06-19;6;2024;miércoles;08:00;1;0;2;8
2024-06-19;6;2024;miércoles;09:00;0;0;2;9
2024-06-19;6;2024;miércoles;10:00;0;0;1;10
2024-06-19;6;2024;miércoles;11:00;0;0;1;11
2024-06-19;6;2024;miércoles;12:00;0;0;1;12
2024-06-19;6;2024;miércoles;13:00;1;0;1;13
2024-06-19;6;2024;miércoles;14:00;0;0;2;14
2024-06-19;6;2024;miércoles;15:00;0;0;2;15
2024-06-19;6;2024;miércoles;16:00;0;0;2;16
2024-06-19;6;2024;miércoles;17:00;0;0;2;17
2024-06-19;6;2024;miércoles;18:00;0;0;1;18
2024-06-19;6;2024;miércoles;19:00;0;0;1;19
2024-06-19;6;2024;miércoles;20:00;0;0;1;20
2024-06-19;6;2024;miércoles;21:00;1;0;1;21
2024-06-19;6;2024;miércoles;22:00;0;1;2;22
2024-06-19;6;2024;miércoles;23:00;0;0;2;23
2024-06-20;6;2024;jueves;00:00:00;0;0;3;0
2024-06-20;6;2024;jueves;01:00;0;0;3;1
2024-06-20;6;2024;jueves;02:00;0;0;3;2
2024-06-20;6;2024;jueves;03:00;0;0;3;3
2024-06-20;6;2024;jueves;04:00;0;0;3;4
2024-06-20;6;2024;jueves;05:00;0;0;3;5
2024-06-20;6;2024;jueves;06:00;1;0;3;6
2024-06-20;6;2024;jueves;07:00;0;0;3;7
2024-06-20;6;2024;jueves;08:00;1;0;2;8
2024-06-20;6;2024;jueves;09:00;0;0;2;9
2024-06-20;6;2024;jueves;10:00;0;0;1;10
2024-06-20;6;2024;jueves;11:00;0;0;1;11
2024-06-20;6;2024;jueves;12:00;0;0;1;12
2024-06-20;6;2024;jueves;13:00;1;0;1;13
2024-06-20;6;2024;jueves;14:00;0;0;2;14
2024-06-20;6;2024;jueves;15:00;0;0;2;15
2024-06-20;6;2024;jueves;16:00;0;0;2;16
2024-06-20;6;2024;jueves;17:00;0;0;2;17
2024-06-20;6;2024;jueves;18:00;1;0;1;18
2024-06-20;6;2024;jueves;19:00;1;0;1;19
2024-06-20;6;2024;jueves;20:00;0;0;1;20
2024-06-20;6;2024;jueves;21:00;0;0;1;21
2024-06-20;6;2024;jueves;22:00;1;1;2;22
2024-06-20;6;2024;jueves;23:00;0;0;2;23
2024-06-21;6;2024;viernes;00:00:00;0;0;3;0
2024-06-21;6;2024;viernes;01:00;0;0;3;1
2024-06-21;6;2024;viernes;02:00;0;0;3;2
2024-06-21;6;2024;viernes;03:00;0;0;3;3
2024-06-21;6;2024;viernes;04:00;0;0;3;4
2024-06-21;6;2024;viernes;05:00;0;0;3;5
2024-06-21;6;2024;viernes;06:00;0;0;3;6
2024-06-21;6;2024;viernes;07:00;0;0;3;7
2024-06-21;6;2024;viernes;08:00;0;0;2;8
2024-06-21;6;2024;viernes;09:00;1;0;2;9
2024-06-21;6;2024;viernes;10:00;0;0;1;10
2024-06-21;6;2024;viernes;11:00;0;0;1;11
2024-06-21;6;2024;viernes;12:00;1;1;1;12
2024-06-21;6;2024;viernes;13:00;0;0;1;13
2024-06-21;6;2024;viernes;14:00;0;0;2;14
2024-06-21;6;2024;viernes;15:00;0;0;2;15
2024-06-21;6;2024;viernes;16:00;0;0;2;16
2024-06-21;6;2024;viernes;17:00;0;0;2;17
2024-06-21;6;2024;viernes;18:00;0;0;1;18
2024-06-21;6;2024;viernes;19:00;0;0;1;19
2024-06-21;6;2024;viernes;20:00;1;0;1;20
2024-06-21;6;2024;viernes;21:00;0;0;1;21
2024-06-21;6;2024;viernes;22:00;0;0;2;22
2024-06-21;6;2024;viernes;23:00;0;0;2;23
2024-06-22;6;2024;sábado;00:00:00;0;0;3;0
2024-06-22;6;2024;sábado;01:00;0;0;3;1
2024-06-22;6;2024;sábado;02:00;0;0;3;2
2024-06-22;6;2024;sábado;03:00;1;0;3;3
2024-06-22;6;2024;sábado;04:00;0;0;3;4
2024-06-22;6;2024;sábado;05:00;0;0;3;5
2024-06-22;6;2024;sábado;06:00;0;0;3;6
2024-06-22;6;2024;sábado;07:00;0;0;3;7
2024-06-22;6;2024;sábado;08:00;0;0;3;8
2024-06-22;6;2024;sábado;09:00;1;1;3;9
2024-06-22;6;2024;sábado;10:00;0;0;3;10
2024-06-22;6;2024;sábado;11:00;0;1;3;11
2024-06-22;6;2024;sábado;12:00;1;0;3;12
2024-06-22;6;2024;sábado;13:00;0;0;3;13
2024-06-22;6;2024;sábado;14:00;0;0;3;14
2024-06-22;6;2024;sábado;15:00;1;0;3;15
2024-06-22;6;2024;sábado;16:00;0;0;3;16
2024-06-22;6;2024;sábado;17:00;0;0;3;17
2024-06-22;6;2024;sábado;18:00;0;0;3;18
2024-06-22;6;2024;sábado;19:00;0;0;3;19
2024-06-22;6;2024;sábado;20:00;0;0;3;20
2024-06-22;6;2024;sábado;21:00;1;0;3;21
2024-06-22;6;2024;sábado;22:00;0;0;3;22
2024-06-22;6;2024;sábado;23:00;0;0;3;23
2024-06-23;6;2024;domingo;00:00:00;1;0;3;0
2024-06-23;6;2024;domingo;01:00;0;1;3;1
2024-06-23;6;2024;domingo;02:00;0;0;3;2
2024-06-23;6;2024;domingo;03:00;0;0;3;3
2024-06-23;6;2024;domingo;04:00;0;0;3;4
2024-06-23;6;2024;domingo;05:00;0;0;3;5
2024-06-23;6;2024;domingo;06:00;0;0;3;6
2024-06-23;6;2024;domingo;07:00;0;0;3;7
2024-06-23;6;2024;domingo;08:00;1;0;3;8
2024-06-23;6;2024;domingo;09:00;0;0;3;9
2024-06-23;6;2024;domingo;10:00;0;0;3;10
2024-06-23;6;2024;domingo;11:00;0;0;3;11
2024-06-23;6;2024;domingo;12:00;1;0;3;12
2024-06-23;6;2024;domingo;13:00;0;1;3;13
2024-06-23;6;2024;domingo;14:00;1;0;3;14
2024-06-23;6;2024;domingo;15:00;0;0;3;15
2024-06-23;6;2024;domingo;16:00;0;0;3;16
2024-06-23;6;2024;domingo;17:00;0;0;3;17
2024-06-23;6;2024;domingo;18:00;1;0;3;18
2024-06-23;6;2024;domingo;19:00;0;0;3;19
2024-06-23;6;2024;domingo;20:00;0;0;3;20
2024-06-23;6;2024;domingo;21:00;1;0;3;21
2024-06-23;6;2024;domingo;22:00;0;1;3;22
2024-06-23;6;2024;domingo;23:00;0;0;3;23
2024-06-24;6;2024;lunes;00:00:00;1;0;3;0
2024-06-24;6;2024;lunes;01:00;0;0;3;1
2024-06-24;6;2024;lunes;02:00;0;0;3;2
2024-06-24;6;2024;lunes;03:00;0;0;3;3
2024-06-24;6;2024;lunes;04:00;0;0;3;4
2024-06-24;6;2024;lunes;05:00;0;0;3;5
2024-06-24;6;2024;lunes;06:00;0;0;3;6
2024-06-24;6;2024;lunes;07:00;1;1;3;7
2024-06-24;6;2024;lunes;08:00;0;0;2;8
2024-06-24;6;2024;lunes;09:00;0;0;2;9
2024-06-24;6;2024;lunes;10:00;1;0;1;10
2024-06-24;6;2024;lunes;11:00;0;0;1;11
2024-06-24;6;2024;lunes;12:00;0;0;1;12
2024-06-24;6;2024;lunes;13:00;0;0;1;13
2024-06-24;6;2024;lunes;14:00;0;0;2;14
2024-06-24;6;2024;lunes;15:00;0;0;2;15
2024-06-24;6;2024;lunes;16:00;1;0;2;16
2024-06-24;6;2024;lunes;17:00;0;0;2;17
2024-06-24;6;2024;lunes;18:00;0;0;1;18
2024-06-24;6;2024;lunes;19:00;0;0;1;19
2024-06-24;6;2024;lunes;20:00;0;0;1;20
2024-06-24;6;2024;lunes;21:00;0;0;1;21
2024-06-24;6;2024;lunes;22:00;1;0;2;22
2024-06-24;6;2024;lunes;23:00;0;0;2;23
2024-06-25;6;2024;martes;00:00:00;0;0;3;0
2024-06-25;6;2024;martes;01:00;0;0;3;1
2024-06-25;6;2024;martes;02:00;0;1;3;2
2024-06-25;6;2024;martes;03:00;0;0;3;3
2024-06-25;6;2024;martes;04:00;0;0;3;4
2024-06-25;6;2024;martes;05:00;0;0;3;5
2024-06-25;6;2024;martes;06:00;1;0;3;6
2024-06-25;6;2024;martes;07:00;0;0;3;7
2024-06-25;6;2024;martes;08:00;0;0;2;8
2024-06-25;6;2024;martes;09:00;0;0;2;9
2024-06-25;6;2024;martes;10:00;1;0;1;10
2024-06-25;6;2024;martes;11:00;0;1;1;11
2024-06-25;6;2024;martes;12:00;0;0;1;12
2024-06-25;6;2024;martes;13:00;1;0;1;13
2024-06-25;6;2024;martes;14:00;0;0;2;14
2024-06-25;6;2024;martes;15:00;0;0;2;15
2024-06-25;6;2024;martes;16:00;1;0;2;16
2024-06-25;6;2024;martes;17:00;0;1;2;17
2024-06-25;6;2024;martes;18:00;0;0;1;18
2024-06-25;6;2024;martes;19:00;0;0;1;19
2024-06-25;6;2024;martes;20:00;0;0;1;20
2024-06-25;6;2024;martes;21:00;0;0;1;21
2024-06-25;6;2024;martes;22:00;1;0;2;22
2024-06-25;6;2024;martes;23:00;0;0;2;23
2024-06-26;6;2024;miércoles;00:00:00;0;0;3;0
2024-06-26;6;2024;miércoles;01:00;0;0;3;1
2024-06-26;6;2024;miércoles;02:00;0.504;0;3;2
2024-06-26;6;2024;miércoles;03:00;0.496;0;3;3
2024-06-26;6;2024;miércoles;04:00;0;0;3;4
2024-06-26;6;2024;miércoles;05:00;0;0;3;5
2024-06-26;6;2024;miércoles;06:00;0;0;3;6
2024-06-26;6;2024;miércoles;07:00;0;0;3;7
2024-06-26;6;2024;miércoles;08:00;1;0;2;8
2024-06-26;6;2024;miércoles;09:00;0;0;2;9
2024-06-26;6;2024;miércoles;10:00;0;0;1;10
2024-06-26;6;2024;miércoles;11:00;0;0;1;11
2024-06-26;6;2024;miércoles;12:00;1;1;1;12
2024-06-26;6;2024;miércoles;13:00;0;0;1;13
2024-06-26;6;2024;miércoles;14:00;0;0;2;14
2024-06-26;6;2024;miércoles;15:00;1;0;2;15
2024-06-26;6;2024;miércoles;16:00;0;0;2;16
2024-06-26;6;2024;miércoles;17:00;0;0;2;17
2024-06-26;6;2024;miércoles;18:00;0;0;1;18
2024-06-26;6;2024;miércoles;19:00;1;0;1;19
2024-06-26;6;2024;miércoles;20:00;0;0;1;20
2024-06-26;6;2024;miércoles;21:00;0;0;1;21
2024-06-26;6;2024;miércoles;22:00;0;0;2;22
2024-06-26;6;2024;miércoles;23:00;1;0;2;23
2024-06-27;6;2024;jueves;00:00:00;0;0;3;0
2024-06-27;6;2024;jueves;01:00;0;0;3;1
2024-06-27;6;2024;jueves;02:00;0;0;3;2
2024-06-27;6;2024;jueves;03:00;0;0;3;3
2024-06-27;6;2024;jueves;04:00;0;0;3;4
2024-06-27;6;2024;jueves;05:00;0;0;3;5
2024-06-27;6;2024;jueves;06:00;1;0;3;6
2024-06-27;6;2024;jueves;07:00;0;1;3;7
2024-06-27;6;2024;jueves;08:00;0;0;2;8
2024-06-27;6;2024;jueves;09:00;0;0;2;9
2024-06-27;6;2024;jueves;10:00;0;0;1;10
2024-06-27;6;2024;jueves;11:00;1;0;1;11
2024-06-27;6;2024;jueves;12:00;1;0;1;12
2024-06-27;6;2024;jueves;13:00;0;0;1;13
2024-06-27;6;2024;jueves;14:00;1;1;2;14
2024-06-27;6;2024;jueves;15:00;0;0;2;15
2024-06-27;6;2024;jueves;16:00;0;0;2;16
2024-06-27;6;2024;jueves;17:00;1;0;2;17
2024-06-27;6;2024;jueves;18:00;0;0;1;18
2024-06-27;6;2024;jueves;19:00;0;0;1;19
2024-06-27;6;2024;jueves;20:00;1;0;1;20
2024-06-27;6;2024;jueves;21:00;0;0;1;21
2024-06-27;6;2024;jueves;22:00;0;0;2;22
2024-06-27;6;2024;jueves;23:00;0;0;2;23
2024-06-28;6;2024;viernes;00:00:00;0;0;3;0
2024-06-28;6;2024;viernes;01:00;0;0;3;1
2024-06-28;6;2024;viernes;02:00;0;0;3;2
2024-06-28;6;2024;viernes;03:00;1;0;3;3
2024-06-28;6;2024;viernes;04:00;0;0;3;4
2024-06-28;6;2024;viernes;05:00;0;0;3;5
2024-06-28;6;2024;viernes;06:00;0;0;3;6
2024-06-28;6;2024;viernes;07:00;0;0;3;7
2024-06-28;6;2024;viernes;08:00;0;0;2;8
2024-06-28;6;2024;viernes;09:00;0;1;2;9
2024-06-28;6;2024;viernes;10:00;1;0;1;10
2024-06-28;6;2024;viernes;11:00;0;0;1;11
2024-06-28;6;2024;viernes;12:00;0;0;1;12
2024-06-28;6;2024;viernes;13:00;1;0;1;13
2024-06-28;6;2024;viernes;14:00;0;0;2;14
2024-06-28;6;2024;viernes;15:00;0;0;2;15
2024-06-28;6;2024;viernes;16:00;0;0;2;16
2024-06-28;6;2024;viernes;17:00;1;0;2;17
2024-06-28;6;2024;viernes;18:00;0;0;1;18
2024-06-28;6;2024;viernes;19:00;0;1;1;19
2024-06-28;6;2024;viernes;20:00;0;0;1;20
2024-06-28;6;2024;viernes;21:00;1;0;1;21
2024-06-28;6;2024;viernes;22:00;0;1;2;22
2024-06-28;6;2024;viernes;23:00;0;0;2;23
2024-06-29;6;2024;sábado;00:00:00;0;0;3;0
2024-06-29;6;2024;sábado;01:00;0;0;3;1
2024-06-29;6;2024;sábado;02:00;0;0;3;2
2024-06-29;6;2024;sábado;03:00;1;0;3;3
2024-06-29;6;2024;sábado;04:00;0;0;3;4
2024-06-29;6;2024;sábado;05:00;0;0;3;5
2024-06-29;6;2024;sábado;06:00;0;0;3;6
2024-06-29;6;2024;sábado;07:00;0;0;3;7
2024-06-29;6;2024;sábado;08:00;1;0;3;8
2024-06-29;6;2024;sábado;09:00;0;0;3;9
2024-06-29;6;2024;sábado;10:00;0;0;3;10
2024-06-29;6;2024;sábado;11:00;1;0;3;11
2024-06-29;6;2024;sábado;12:00;0;0;3;12
2024-06-29;6;2024;sábado;13:00;1;0;3;13
2024-06-29;6;2024;sábado;14:00;0;0;3;14
2024-06-29;6;2024;sábado;15:00;0;0;3;15
2024-06-29;6;2024;sábado;16:00;0;0;3;16
2024-06-29;6;2024;sábado;17:00;1;0;3;17
2024-06-29;6;2024;sábado;18:00;0;0;3;18
2024-06-29;6;2024;sábado;19:00;0;1;3;19
2024-06-29;6;2024;sábado;20:00;0;0;3;20
2024-06-29;6;2024;sábado;21:00;1;0;3;21
2024-06-29;6;2024;sábado;22:00;0;0;3;22
2024-06-29;6;2024;sábado;23:00;1;0;3;23
2024-06-30;6;2024;domingo;00:00:00;0;0;3;0
2024-06-30;6;2024;domingo;01:00;0;0;3;1
2024-06-30;6;2024;domingo;02:00;0;0;3;2
2024-06-30;6;2024;domingo;03:00;0;0;3;3
2024-06-30;6;2024;domingo;04:00;0;0;3;4
2024-06-30;6;2024;domingo;05:00;0;0;3;5
2024-06-30;6;2024;domingo;06:00;1;0;3;6
2024-06-30;6;2024;domingo;07:00;0;0;3;7
2024-06-30;6;2024;domingo;08:00;0;0;3;8
2024-06-30;6;2024;domingo;09:00;1;0;3;9
2024-06-30;6;2024;domingo;10:00;1;0;3;10
2024-06-30;6;2024;domingo;11:00;0;0;3;11
2024-06-30;6;2024;domingo;12:00;1;0;3;12
2024-06-30;6;2024;domingo;13:00;1;0;3;13
2024-06-30;6;2024;domingo;14:00;0;0;3;14
2024-06-30;6;2024;domingo;15:00;1;0;3;15
2024-06-30;6;2024;domingo;16:00;0;0;3;16
2024-06-30;6;2024;domingo;17:00;0;0;3;17
2024-06-30;6;2024;domingo;18:00;1;1;3;18
2024-06-30;6;2024;domingo;19:00;0;0;3;19
2024-06-30;6;2024;domingo;20:00;0;0;3;20
2024-06-30;6;2024;domingo;21:00;1;0;3;21
2024-06-30;6;2024;domingo;22:00;0;0;3;22
2024-06-30;6;2024;domingo;23:00;0;0;3;23
2024-07-01;7;2024;lunes;00:00:00;0;0;3;0
2024-07-01;7;2024;lunes;01:00;0;0;3;1
2024-07-01;7;2024;lunes;02:00;0;0;3;2
2024-07-01;7;2024;lunes;03:00;1;0;3;3
2024-07-01;7;2024;lunes;04:00;0;0;3;4
2024-07-01;7;2024;lunes;05:00;0;0;3;5
2024-07-01;7;2024;lunes;06:00;0;0;3;6
2024-07-01;7;2024;lunes;07:00;0;0;3;7
2024-07-01;7;2024;lunes;08:00;1;0;2;8
2024-07-01;7;2024;lunes;09:00;1;1;2;9
2024-07-01;7;2024;lunes;10:00;1;0;1;10
2024-07-01;7;2024;lunes;11:00;0;1;1;11
2024-07-01;7;2024;lunes;12:00;0.422;0.211;1;12
2024-07-01;7;2024;lunes;13:00;0.414;0.207;1;13
2024-07-01;7;2024;lunes;14:00;0;0;2;14
2024-07-01;7;2024;lunes;15:00;0;0;2;15
2024-07-01;7;2024;lunes;16:00;1;0;2;16
2024-07-01;7;2024;lunes;17:00;0;0;2;17
2024-07-01;7;2024;lunes;18:00;0;0;1;18
2024-07-01;7;2024;lunes;19:00;1;0;1;19
2024-07-01;7;2024;lunes;20:00;0;0;1;20
2024-07-01;7;2024;lunes;21:00;0;0;1;21
2024-07-01;7;2024;lunes;22:00;1;0;2;22
2024-07-01;7;2024;lunes;23:00;0;0;2;23
2024-07-02;7;2024;martes;00:00:00;0;0;3;0
2024-07-02;7;2024;martes;01:00;0;0;3;1
2024-07-02;7;2024;martes;02:00;0;0;3;2
2024-07-02;7;2024;martes;03:00;0;1;3;3
2024-07-02;7;2024;martes;04:00;0;0;3;4
2024-07-02;7;2024;martes;05:00;0;0;3;5
2024-07-02;7;2024;martes;06:00;0;0;3;6
2024-07-02;7;2024;martes;07:00;1;0;3;7
2024-07-02;7;2024;martes;08:00;0;0;2;8
2024-07-02;7;2024;martes;09:00;0;0;2;9
2024-07-02;7;2024;martes;10:00;0;0;1;10
2024-07-02;7;2024;martes;11:00;1;0;1;11
2024-07-02;7;2024;martes;12:00;0;0;1;12
2024-07-02;7;2024;martes;13:00;1;0;1;13
2024-07-02;7;2024;martes;14:00;0;0;2;14
2024-07-02;7;2024;martes;15:00;0;0;2;15
2024-07-02;7;2024;martes;16:00;0;0;2;16
2024-07-02;7;2024;martes;17:00;0;0;2;17
2024-07-02;7;2024;martes;18:00;0;0;1;18
2024-07-02;7;2024;martes;19:00;0;0;1;19
2024-07-02;7;2024;martes;20:00;1;1;1;20
2024-07-02;7;2024;martes;21:00;0;0;1;21
2024-07-02;7;2024;martes;22:00;0;0;2;22
2024-07-02;7;2024;martes;23:00;1;0;2;23
2024-07-03;7;2024;miércoles;00:00:00;0;0;3;0
2024-07-03;7;2024;miércoles;01:00;0;0;3;1
2024-07-03;7;2024;miércoles;02:00;0;0;3;2
2024-07-03;7;2024;miércoles;03:00;0;0;3;3
2024-07-03;7;2024;miércoles;04:00;0;0;3;4
2024-07-03;7;2024;miércoles;05:00;0;0;3;5
2024-07-03;7;2024;miércoles;06:00;0;0;3;6
2024-07-03;7;2024;miércoles;07:00;1;0;3;7
2024-07-03;7;2024;miércoles;08:00;2;1;2;8
2024-07-03;7;2024;miércoles;09:00;0;0;2;9
2024-07-03;7;2024;miércoles;10:00;1;0;1;10
2024-07-03;7;2024;miércoles;11:00;1;0;1;11
2024-07-03;7;2024;miércoles;12:00;0;0;1;12
2024-07-03;7;2024;miércoles;13:00;0;0;1;13
2024-07-03;7;2024;miércoles;14:00;1;0;2;14
2024-07-03;7;2024;miércoles;15:00;0;0;2;15
2024-07-03;7;2024;miércoles;16:00;0;0;2;16
2024-07-03;7;2024;miércoles;17:00;1;0;2;17
2024-07-03;7;2024;miércoles;18:00;0;0;1;18
2024-07-03;7;2024;miércoles;19:00;0;0;1;19
2024-07-03;7;2024;miércoles;20:00;0;0;1;20
2024-07-03;7;2024;miércoles;21:00;0;1;1;21
2024-07-03;7;2024;miércoles;22:00;0;0;2;22
2024-07-03;7;2024;miércoles;23:00;1;0;2;23
2024-07-04;7;2024;jueves;00:00:00;0;0;3;0
2024-07-04;7;2024;jueves;01:00;0;0;3;1
2024-07-04;7;2024;jueves;02:00;0;0;3;2
2024-07-04;7;2024;jueves;03:00;0;0;3;3
2024-07-04;7;2024;jueves;04:00;0;0;3;4
2024-07-04;7;2024;jueves;05:00;0;0;3;5
2024-07-04;7;2024;jueves;06:00;0;0;3;6
2024-07-04;7;2024;jueves;07:00;1;0;3;7
2024-07-04;7;2024;jueves;08:00;0;0;2;8
2024-07-04;7;2024;jueves;09:00;1;0;2;9
2024-07-04;7;2024;jueves;10:00;0;0;1;10
2024-07-04;7;2024;jueves;11:00;0;0;1;11
2024-07-04;7;2024;jueves;12:00;0;0;1;12
2024-07-04;7;2024;jueves;13:00;1;1;1;13
2024-07-04;7;2024;jueves;14:00;0;0;2;14
2024-07-04;7;2024;jueves;15:00;0;0;2;15
2024-07-04;7;2024;jueves;16:00;0;0;2;16
2024-07-04;7;2024;jueves;17:00;0;0;2;17
2024-07-04;7;2024;jueves;18:00;1;0;1;18
2024-07-04;7;2024;jueves;19:00;1;0;1;19
2024-07-04;7;2024;jueves;20:00;0;0;1;20
2024-07-04;7;2024;jueves;21:00;1;0;1;21
2024-07-04;7;2024;jueves;22:00;0;0;2;22
2024-07-04;7;2024;jueves;23:00;0;0;2;23
2024-07-05;7;2024;viernes;00:00:00;0;0;3;0
2024-07-05;7;2024;viernes;01:00;1;0;3;1
2024-07-05;7;2024;viernes;02:00;0;0;3;2
2024-07-05;7;2024;viernes;03:00;0;0;3;3
2024-07-05;7;2024;viernes;04:00;0;0;3;4
2024-07-05;7;2024;viernes;05:00;0;0;3;5
2024-07-05;7;2024;viernes;06:00;0;0;3;6
2024-07-05;7;2024;viernes;07:00;1;1;3;7
2024-07-05;7;2024;viernes;08:00;0;0;2;8
2024-07-05;7;2024;viernes;09:00;1;0;2;9
2024-07-05;7;2024;viernes;10:00;0;0;1;10
2024-07-05;7;2024;viernes;11:00;0;0;1;11
2024-07-05;7;2024;viernes;12:00;1;0;1;12
2024-07-05;7;2024;viernes;13:00;0;0;1;13
2024-07-05;7;2024;viernes;14:00;0;0;2;14
2024-07-05;7;2024;viernes;15:00;0;0;2;15
2024-07-05;7;2024;viernes;16:00;0;0;2;16
2024-07-05;7;2024;viernes;17:00;1;0;2;17
2024-07-05;7;2024;viernes;18:00;0;0;1;18
2024-07-05;7;2024;viernes;19:00;0;0;1;19
2024-07-05;7;2024;viernes;20:00;0;0;1;20
2024-07-05;7;2024;viernes;21:00;0;1;1;21
2024-07-05;7;2024;viernes;22:00;0;0;2;22
2024-07-05;7;2024;viernes;23:00;1;0;2;23
2024-07-06;7;2024;sábado;00:00:00;0;0;3;0
2024-07-06;7;2024;sábado;01:00;0;0;3;1
2024-07-06;7;2024;sábado;02:00;0.297;0.084;3;2
2024-07-06;7;2024;sábado;03:00;0.287;0.082;3;3
2024-07-06;7;2024;sábado;04:00;1;0;3;4
2024-07-06;7;2024;sábado;05:00;0;0;3;5
2024-07-06;7;2024;sábado;06:00;0;0;3;6
2024-07-06;7;2024;sábado;07:00;0;0;3;7
2024-07-06;7;2024;sábado;08:00;0;0;3;8
2024-07-06;7;2024;sábado;09:00;1;0;3;9
2024-07-06;7;2024;sábado;10:00;0;0;3;10
2024-07-06;7;2024;sábado;11:00;1;1;3;11
2024-07-06;7;2024;sábado;12:00;0;0;3;12
2024-07-06;7;2024;sábado;13:00;1;0;3;13
2024-07-06;7;2024;sábado;14:00;1;0;3;14
2024-07-06;7;2024;sábado;15:00;0;0;3;15
2024-07-06;7;2024;sábado;16:00;0;0;3;16
2024-07-06;7;2024;sábado;17:00;0;0;3;17
2024-07-06;7;2024;sábado;18:00;0;0;3;18
2024-07-06;7;2024;sábado;19:00;2;3;3;19
2024-07-06;7;2024;sábado;20:00;1;3;3;20
2024-07-06;7;2024;sábado;21:00;0;0;3;21
2024-07-06;7;2024;sábado;22:00;0;0;3;22
2024-07-06;7;2024;sábado;23:00;0;0;3;23
2024-07-07;7;2024;domingo;00:00:00;0;0;3;0
2024-07-07;7;2024;domingo;01:00;0;0;3;1
2024-07-07;7;2024;domingo;02:00;0;0;3;2
2024-07-07;7;2024;domingo;03:00;0;0;3;3
2024-07-07;7;2024;domingo;04:00;1;0;3;4
2024-07-07;7;2024;domingo;05:00;0;0;3;5
2024-07-07;7;2024;domingo;06:00;0;0;3;6
2024-07-07;7;2024;domingo;07:00;0;0;3;7
2024-07-07;7;2024;domingo;08:00;0;1;3;8
2024-07-07;7;2024;domingo;09:00;1;0;3;9
2024-07-07;7;2024;domingo;10:00;0;0;3;10
2024-07-07;7;2024;domingo;11:00;1;1;3;11
2024-07-07;7;2024;domingo;12:00;1;0;3;12
2024-07-07;7;2024;domingo;13:00;1;0;3;13
2024-07-07;7;2024;domingo;14:00;0;0;3;14
2024-07-07;7;2024;domingo;15:00;0;1;3;15
2024-07-07;7;2024;domingo;16:00;0;0;3;16
2024-07-07;7;2024;domingo;17:00;0;0;3;17
2024-07-07;7;2024;domingo;18:00;0;0;3;18
2024-07-07;7;2024;domingo;19:00;1;0;3;19
2024-07-07;7;2024;domingo;20:00;0;0;3;20
2024-07-07;7;2024;domingo;21:00;1;0;3;21
2024-07-07;7;2024;domingo;22:00;1;0;3;22
2024-07-07;7;2024;domingo;23:00;1;0;3;23
2024-07-08;7;2024;lunes;00:00:00;0;0;3;0
2024-07-08;7;2024;lunes;01:00;1;0;3;1
2024-07-08;7;2024;lunes;02:00;0;0;3;2
2024-07-08;7;2024;lunes;03:00;0;0;3;3
2024-07-08;7;2024;lunes;04:00;0;0;3;4
2024-07-08;7;2024;lunes;05:00;0;0;3;5
2024-07-08;7;2024;lunes;06:00;0;0;3;6
2024-07-08;7;2024;lunes;07:00;0;1;3;7
2024-07-08;7;2024;lunes;08:00;1;0;2;8
2024-07-08;7;2024;lunes;09:00;0;0;2;9
2024-07-08;7;2024;lunes;10:00;1;1;1;10
2024-07-08;7;2024;lunes;11:00;0;0;1;11
2024-07-08;7;2024;lunes;12:00;1;0;1;12
2024-07-08;7;2024;lunes;13:00;0;0;1;13
2024-07-08;7;2024;lunes;14:00;0;0;2;14
2024-07-08;7;2024;lunes;15:00;1;1;2;15
2024-07-08;7;2024;lunes;16:00;0;0;2;16
2024-07-08;7;2024;lunes;17:00;0;0;2;17
2024-07-08;7;2024;lunes;18:00;1;0;1;18
2024-07-08;7;2024;lunes;19:00;0;0;1;19
2024-07-08;7;2024;lunes;20:00;0;1;1;20
2024-07-08;7;2024;lunes;21:00;1;0;1;21
2024-07-08;7;2024;lunes;22:00;1;0;2;22
2024-07-08;7;2024;lunes;23:00;0;0;2;23
2024-07-09;7;2024;martes;00:00:00;0;0;3;0
2024-07-09;7;2024;martes;01:00;0;0;3;1
2024-07-09;7;2024;martes;02:00;1;0;3;2
2024-07-09;7;2024;martes;03:00;0;0;3;3
2024-07-09;7;2024;martes;04:00;0;0;3;4
2024-07-09;7;2024;martes;05:00;0;0;3;5
2024-07-09;7;2024;martes;06:00;0;0;3;6
2024-07-09;7;2024;martes;07:00;0;0;3;7
2024-07-09;7;2024;martes;08:00;1;0;2;8
2024-07-09;7;2024;martes;09:00;0;1;2;9
2024-07-09;7;2024;martes;10:00;1;0;1;10
2024-07-09;7;2024;martes;11:00;0;0;1;11
2024-07-09;7;2024;martes;12:00;0;0;1;12
2024-07-09;7;2024;martes;13:00;1;0;1;13
2024-07-09;7;2024;martes;14:00;0;0;2;14
2024-07-09;7;2024;martes;15:00;0;0;2;15
2024-07-09;7;2024;martes;16:00;1;0;2;16
2024-07-09;7;2024;martes;17:00;0;0;2;17
2024-07-09;7;2024;martes;18:00;0;0;1;18
2024-07-09;7;2024;martes;19:00;1;1;1;19
2024-07-09;7;2024;martes;20:00;0;0;1;20
2024-07-09;7;2024;martes;21:00;0;0;1;21
2024-07-09;7;2024;martes;22:00;1;0;2;22
2024-07-09;7;2024;martes;23:00;0;0;2;23
2024-07-10;7;2024;miércoles;00:00:00;0;0;3;0
2024-07-10;7;2024;miércoles;01:00;0;0;3;1
2024-07-10;7;2024;miércoles;02:00;0;0;3;2
2024-07-10;7;2024;miércoles;03:00;0;0;3;3
2024-07-10;7;2024;miércoles;04:00;1;0;3;4
2024-07-10;7;2024;miércoles;05:00;0;0;3;5
2024-07-10;7;2024;miércoles;06:00;0;0;3;6
2024-07-10;7;2024;miércoles;07:00;0;0;3;7
2024-07-10;7;2024;miércoles;08:00;1;0;2;8
2024-07-10;7;2024;miércoles;09:00;0;0;2;9
2024-07-10;7;2024;miércoles;10:00;0;0;1;10
2024-07-10;7;2024;miércoles;11:00;0;0;1;11
2024-07-10;7;2024;miércoles;12:00;0;0;1;12
2024-07-10;7;2024;miércoles;13:00;1;0;1;13
2024-07-10;7;2024;miércoles;14:00;0;0;2;14
2024-07-10;7;2024;miércoles;15:00;0;0;2;15
2024-07-10;7;2024;miércoles;16:00;1;1;2;16
2024-07-10;7;2024;miércoles;17:00;0;0;2;17
2024-07-10;7;2024;miércoles;18:00;0;0;1;18
2024-07-10;7;2024;miércoles;19:00;0;0;1;19
2024-07-10;7;2024;miércoles;20:00;0;0;1;20
2024-07-10;7;2024;miércoles;21:00;0;0;1;21
2024-07-10;7;2024;miércoles;22:00;1;0;2;22
2024-07-10;7;2024;miércoles;23:00;1;0;2;23
2024-07-11;7;2024;jueves;00:00:00;0;0;3;0
2024-07-11;7;2024;jueves;01:00;0;0;3;1
2024-07-11;7;2024;jueves;02:00;0;0;3;2
2024-07-11;7;2024;jueves;03:00;0;0;3;3
2024-07-11;7;2024;jueves;04:00;1;0;3;4
2024-07-11;7;2024;jueves;05:00;0;0;3;5
2024-07-11;7;2024;jueves;06:00;0;0;3;6
2024-07-11;7;2024;jueves;07:00;0;0.096;3;7
2024-07-11;7;2024;jueves;08:00;0;0.102;2;8
2024-07-11;7;2024;jueves;09:00;1;0.182;2;9
2024-07-11;7;2024;jueves;10:00;0;0.199;1;10
2024-07-11;7;2024;jueves;11:00;1;0.209;1;11
2024-07-11;7;2024;jueves;12:00;0;0.215;1;12
2024-07-11;7;2024;jueves;13:00;1;0.212;1;13
2024-07-11;7;2024;jueves;14:00;0.452;0.125;2;14
2024-07-11;7;2024;jueves;15:00;0.424;0.117;2;15
2024-07-11;7;2024;jueves;16:00;0;0.115;2;16
2024-07-11;7;2024;jueves;17:00;0;0.114;2;17
2024-07-11;7;2024;jueves;18:00;0;0.171;1;18
2024-07-11;7;2024;jueves;19:00;0.328;0.164;1;19
2024-07-11;7;2024;jueves;20:00;0.309;0.155;1;20
2024-07-11;7;2024;jueves;21:00;0.298;0.149;1;21
2024-07-11;7;2024;jueves;22:00;0.351;0.097;2;22
2024-07-11;7;2024;jueves;23:00;0.316;0.087;2;23
2024-07-12;7;2024;viernes;00:00:00;0.329;0.093;3;0
2024-07-12;7;2024;viernes;01:00;0.305;0.087;3;1
2024-07-12;7;2024;viernes;02:00;0.291;0.083;3;2
2024-07-12;7;2024;viernes;03:00;0.284;0.081;3;3
2024-07-12;7;2024;viernes;04:00;0.282;0.08;3;4
2024-07-12;7;2024;viernes;05:00;0.289;0.082;3;5
2024-07-12;7;2024;viernes;06:00;0.308;0.087;3;6
2024-07-12;7;2024;viernes;07:00;0.335;0.095;3;7
2024-07-12;7;2024;viernes;08:00;0.364;0.1;2;8
2024-07-12;7;2024;viernes;09:00;0.359;0.18;2;9
2024-07-12;7;2024;viernes;10:00;0.393;0.197;1;10
2024-07-12;7;2024;viernes;11:00;0.413;0.207;1;11
2024-07-12;7;2024;viernes;12:00;0.427;0.214;1;12
2024-07-12;7;2024;viernes;13:00;0.422;0.211;1;13
2024-07-12;7;2024;viernes;14:00;0.447;0.123;2;14
2024-07-12;7;2024;viernes;15:00;0.411;0.113;2;15
2024-07-12;7;2024;viernes;16:00;0.397;0.11;2;16
2024-07-12;7;2024;viernes;17:00;0.393;0.108;2;17
2024-07-12;7;2024;viernes;18:00;0.329;0.165;1;18
2024-07-12;7;2024;viernes;19:00;0.324;0.162;1;19
2024-07-12;7;2024;viernes;20:00;0.315;0.158;1;20
2024-07-12;7;2024;viernes;21:00;0.31;0.155;1;21
2024-07-12;7;2024;viernes;22:00;0.372;0.103;2;22
2024-07-12;7;2024;viernes;23:00;0.339;0.094;2;23
2024-07-13;7;2024;sábado;00:00:00;0.349;0.099;3;0
2024-07-13;7;2024;sábado;01:00;0.316;0.09;3;1
2024-07-13;7;2024;sábado;02:00;0.297;0.084;3;2
2024-07-13;7;2024;sábado;03:00;0.287;0.082;3;3
2024-07-13;7;2024;sábado;04:00;0.282;0.08;3;4
2024-07-13;7;2024;sábado;05:00;0.284;0.081;3;5
2024-07-13;7;2024;sábado;06:00;0.283;0.08;3;6
2024-07-13;7;2024;sábado;07:00;0.264;0.075;3;7
2024-07-13;7;2024;sábado;08:00;0.294;0.084;3;8
2024-07-13;7;2024;sábado;09:00;0.339;0.096;3;9
2024-07-13;7;2024;sábado;10:00;0.388;0.11;3;10
2024-07-13;7;2024;sábado;11:00;0.41;0.117;3;11
2024-07-13;7;2024;sábado;12:00;0.427;0.121;3;12
2024-07-13;7;2024;sábado;13:00;0.428;0.121;3;13
2024-07-13;7;2024;sábado;14:00;0.405;0.115;3;14
2024-07-13;7;2024;sábado;15:00;0.39;0.111;3;15
2024-07-13;7;2024;sábado;16:00;0.372;0.105;3;16
2024-07-13;7;2024;sábado;17:00;0.363;0.103;3;17
2024-07-13;7;2024;sábado;18:00;0.363;0.103;3;18
2024-07-13;7;2024;sábado;19:00;0.376;0.107;3;19
2024-07-13;7;2024;sábado;20:00;0.389;0.111;3;20
2024-07-13;7;2024;sábado;21:00;0.403;0.114;3;21
2024-07-13;7;2024;sábado;22:00;0.423;0.12;3;22
2024-07-13;7;2024;sábado;23:00;0.389;0.111;3;23
2024-07-14;7;2024;domingo;00:00:00;0.352;0.1;3;0
2024-07-14;7;2024;domingo;01:00;0.316;0.09;3;1
2024-07-14;7;2024;domingo;02:00;0.296;0.084;3;2
2024-07-14;7;2024;domingo;03:00;0.285;0.081;3;3
2024-07-14;7;2024;domingo;04:00;0.279;0.079;3;4
2024-07-14;7;2024;domingo;05:00;0.278;0.079;3;5
2024-07-14;7;2024;domingo;06:00;0.271;0.077;3;6
2024-07-14;7;2024;domingo;07:00;0.241;0.068;3;7
2024-07-14;7;2024;domingo;08:00;0.257;0.073;3;8
2024-07-14;7;2024;domingo;09:00;0.284;0.081;3;9
2024-07-14;7;2024;domingo;10:00;0.313;0.089;3;10
2024-07-14;7;2024;domingo;11:00;0.336;0.095;3;11
2024-07-14;7;2024;domingo;12:00;0.356;0.101;3;12
2024-07-14;7;2024;domingo;13:00;0.366;0.104;3;13
2024-07-14;7;2024;domingo;14:00;0.364;0.103;3;14
2024-07-14;7;2024;domingo;15:00;0.354;0.101;3;15
2024-07-14;7;2024;domingo;16:00;0.336;0.095;3;16
2024-07-14;7;2024;domingo;17:00;0.321;0.091;3;17
2024-07-14;7;2024;domingo;18:00;0.319;0.091;3;18
2024-07-14;7;2024;domingo;19:00;0.329;0.094;3;19
2024-07-14;7;2024;domingo;20:00;0.34;0.097;3;20
2024-07-14;7;2024;domingo;21:00;0.359;0.102;3;21
2024-07-14;7;2024;domingo;22:00;0.383;0.109;3;22
2024-07-14;7;2024;domingo;23:00;0.351;0.1;3;23
2024-07-15;7;2024;lunes;00:00:00;0.318;0.09;3;0
2024-07-15;7;2024;lunes;01:00;0.295;0.084;3;1
2024-07-15;7;2024;lunes;02:00;0.284;0.08;3;2
2024-07-15;7;2024;lunes;03:00;0.278;0.079;3;3
2024-07-15;7;2024;lunes;04:00;0.276;0.078;3;4
2024-07-15;7;2024;lunes;05:00;0.283;0.08;3;5
2024-07-15;7;2024;lunes;06:00;0.302;0.086;3;6
2024-07-15;7;2024;lunes;07:00;0.33;0.094;3;7
2024-07-15;7;2024;lunes;08:00;0.364;0.101;2;8
2024-07-15;7;2024;lunes;09:00;0.361;0.181;2;9
2024-07-15;7;2024;lunes;10:00;0.395;0.198;1;10
2024-07-15;7;2024;lunes;11:00;0.411;0.206;1;11
2024-07-15;7;2024;lunes;12:00;0.422;0.211;1;12
2024-07-15;7;2024;lunes;13:00;0.414;0.207;1;13
2024-07-15;7;2024;lunes;14:00;0.439;0.121;2;14
2024-07-15;7;2024;lunes;15:00;0.411;0.113;2;15
2024-07-15;7;2024;lunes;16:00;0.405;0.112;2;16
2024-07-15;7;2024;lunes;17:00;0.403;0.111;2;17
2024-07-15;7;2024;lunes;18:00;0.334;0.167;1;18
2024-07-15;7;2024;lunes;19:00;0.319;0.16;1;19
2024-07-15;7;2024;lunes;20:00;0.297;0.149;1;20
2024-07-15;7;2024;lunes;21:00;0.284;0.142;1;21
2024-07-15;7;2024;lunes;22:00;0.337;0.093;2;22
2024-07-15;7;2024;lunes;23:00;0.305;0.084;2;23
2024-07-16;7;2024;martes;00:00:00;0.324;0.092;3;0
2024-07-16;7;2024;martes;01:00;0.302;0.086;3;1
2024-07-16;7;2024;martes;02:00;0.29;0.082;3;2
2024-07-16;7;2024;martes;03:00;0.284;0.081;3;3
2024-07-16;7;2024;martes;04:00;0.282;0.08;3;4
2024-07-16;7;2024;martes;05:00;0.289;0.082;3;5
2024-07-16;7;2024;martes;06:00;0.309;0.088;3;6
2024-07-16;7;2024;martes;07:00;0.337;0.096;3;7
2024-07-16;7;2024;martes;08:00;0.368;0.102;2;8
2024-07-16;7;2024;martes;09:00;0.364;0.182;2;9
2024-07-16;7;2024;martes;10:00;0.398;0.199;1;10
2024-07-16;7;2024;martes;11:00;0.416;0.209;1;11
2024-07-16;7;2024;martes;12:00;0.429;0.215;1;12
2024-07-16;7;2024;martes;13:00;0.424;0.212;1;13
2024-07-16;7;2024;martes;14:00;0.452;0.125;2;14
2024-07-16;7;2024;martes;15:00;0.424;0.117;2;15
2024-07-16;7;2024;martes;16:00;0.415;0.115;2;16
2024-07-16;7;2024;martes;17:00;0.412;0.114;2;17
2024-07-16;7;2024;martes;18:00;0.341;0.171;1;18
2024-07-16;7;2024;martes;19:00;0.328;0.164;1;19
2024-07-16;7;2024;martes;20:00;0;0.155;1;20
2024-07-16;7;2024;martes;21:00;1;0.149;1;21
2024-07-16;7;2024;martes;22:00;1;0.097;2;22
2024-07-16;7;2024;martes;23:00;2;0.087;2;23
2024-07-17;7;2024;miércoles;00:00:00;0;0.092;3;0
2024-07-17;7;2024;miércoles;01:00;0;0;3;1
2024-07-17;7;2024;miércoles;02:00;1;0;3;2
2024-07-17;7;2024;miércoles;03:00;0;0;3;3
2024-07-17;7;2024;miércoles;04:00;0;1;3;4
2024-07-17;7;2024;miércoles;05:00;0;0;3;5
2024-07-17;7;2024;miércoles;06:00;1;0;3;6
2024-07-17;7;2024;miércoles;07:00;0;0;3;7
2024-07-17;7;2024;miércoles;08:00;1;0;2;8
2024-07-17;7;2024;miércoles;09:00;0;0;2;9
2024-07-17;7;2024;miércoles;10:00;1;0;1;10
2024-07-17;7;2024;miércoles;11:00;0;0;1;11
2024-07-17;7;2024;miércoles;12:00;0;0;1;12
2024-07-17;7;2024;miércoles;13:00;1;1;1;13
2024-07-17;7;2024;miércoles;14:00;0;0;2;14
2024-07-17;7;2024;miércoles;15:00;1;0;2;15
2024-07-17;7;2024;miércoles;16:00;0;0;2;16
2024-07-17;7;2024;miércoles;17:00;0;0;2;17
2024-07-17;7;2024;miércoles;18:00;1;0;1;18
2024-07-17;7;2024;miércoles;19:00;0;0;1;19
2024-07-17;7;2024;miércoles;20:00;1;0;1;20
2024-07-17;7;2024;miércoles;21:00;0;0;1;21
2024-07-17;7;2024;miércoles;22:00;1;0;2;22
2024-07-17;7;2024;miércoles;23:00;0;0;2;23
2024-07-18;7;2024;jueves;00:00:00;0;0;3;0
2024-07-18;7;2024;jueves;01:00;0;0;3;1
2024-07-18;7;2024;jueves;02:00;0;0;3;2
2024-07-18;7;2024;jueves;03:00;0;0;3;3
2024-07-18;7;2024;jueves;04:00;1;0;3;4
2024-07-18;7;2024;jueves;05:00;0;0;3;5
2024-07-18;7;2024;jueves;06:00;0;0;3;6
2024-07-18;7;2024;jueves;07:00;0;1;3;7
2024-07-18;7;2024;jueves;08:00;1;0;2;8
2024-07-18;7;2024;jueves;09:00;0;0;2;9
2024-07-18;7;2024;jueves;10:00;0;0;1;10
2024-07-18;7;2024;jueves;11:00;1;0;1;11
2024-07-18;7;2024;jueves;12:00;0;0;1;12
2024-07-18;7;2024;jueves;13:00;1;0;1;13
2024-07-18;7;2024;jueves;14:00;0;0;2;14
2024-07-18;7;2024;jueves;15:00;1;0;2;15
2024-07-18;7;2024;jueves;16:00;0;0;2;16
2024-07-18;7;2024;jueves;17:00;0;0;2;17
2024-07-18;7;2024;jueves;18:00;1;0;1;18
2024-07-18;7;2024;jueves;19:00;0;0;1;19
2024-07-18;7;2024;jueves;20:00;1;1;1;20
2024-07-18;7;2024;jueves;21:00;1;0;1;21
2024-07-18;7;2024;jueves;22:00;1;0;2;22
2024-07-18;7;2024;jueves;23:00;0;1;2;23
2024-07-19;7;2024;viernes;00:00:00;1;0;3;0
2024-07-19;7;2024;viernes;01:00;0;0;3;1
2024-07-19;7;2024;viernes;02:00;0;0;3;2
2024-07-19;7;2024;viernes;03:00;0;0;3;3
2024-07-19;7;2024;viernes;04:00;0;0;3;4
2024-07-19;7;2024;viernes;05:00;1;0;3;5
2024-07-19;7;2024;viernes;06:00;0;0;3;6
2024-07-19;7;2024;viernes;07:00;0;0;3;7
2024-07-19;7;2024;viernes;08:00;0;0;2;8
2024-07-19;7;2024;viernes;09:00;0;0;2;9
2024-07-19;7;2024;viernes;10:00;1;0;1;10
2024-07-19;7;2024;viernes;11:00;0;1;1;11
2024-07-19;7;2024;viernes;12:00;1;0;1;12
2024-07-19;7;2024;viernes;13:00;1;0;1;13
2024-07-19;7;2024;viernes;14:00;0;1;2;14
2024-07-19;7;2024;viernes;15:00;1;0;2;15
2024-07-19;7;2024;viernes;16:00;0;0;2;16
2024-07-19;7;2024;viernes;17:00;1;0;2;17
2024-07-19;7;2024;viernes;18:00;0;1;1;18
2024-07-19;7;2024;viernes;19:00;1;0;1;19
2024-07-19;7;2024;viernes;20:00;0;0;1;20
2024-07-19;7;2024;viernes;21:00;1;0;1;21
2024-07-19;7;2024;viernes;22:00;0;0;2;22
2024-07-19;7;2024;viernes;23:00;0;0;2;23
2024-07-20;7;2024;sábado;00:00:00;1;0;3;0
2024-07-20;7;2024;sábado;01:00;0;0;3;1
2024-07-20;7;2024;sábado;02:00;0;0;3;2
2024-07-20;7;2024;sábado;03:00;0;0;3;3
2024-07-20;7;2024;sábado;04:00;0;0;3;4
2024-07-20;7;2024;sábado;05:00;0;0;3;5
2024-07-20;7;2024;sábado;06:00;0;0;3;6
2024-07-20;7;2024;sábado;07:00;1;1;3;7
2024-07-20;7;2024;sábado;08:00;0;0;3;8
2024-07-20;7;2024;sábado;09:00;0;0;3;9
2024-07-20;7;2024;sábado;10:00;1;0;3;10
2024-07-20;7;2024;sábado;11:00;1;1;3;11
2024-07-20;7;2024;sábado;12:00;0;0;3;12
2024-07-20;7;2024;sábado;13:00;1;1;3;13
2024-07-20;7;2024;sábado;14:00;1;0;3;14
2024-07-20;7;2024;sábado;15:00;0;0;3;15
2024-07-20;7;2024;sábado;16:00;0;0;3;16
2024-07-20;7;2024;sábado;17:00;0;0;3;17
2024-07-20;7;2024;sábado;18:00;1;0;3;18
2024-07-20;7;2024;sábado;19:00;0;0;3;19
2024-07-20;7;2024;sábado;20:00;0;0;3;20
2024-07-20;7;2024;sábado;21:00;0;0;3;21
2024-07-20;7;2024;sábado;22:00;1;0;3;22
2024-07-20;7;2024;sábado;23:00;0;0;3;23
2024-07-21;7;2024;domingo;00:00:00;0;0;3;0
2024-07-21;7;2024;domingo;01:00;0;0;3;1
2024-07-21;7;2024;domingo;02:00;0;0;3;2
2024-07-21;7;2024;domingo;03:00;0;0;3;3
2024-07-21;7;2024;domingo;04:00;1;0;3;4
2024-07-21;7;2024;domingo;05:00;0;0;3;5
2024-07-21;7;2024;domingo;06:00;0;0;3;6
2024-07-21;7;2024;domingo;07:00;0;1;3;7
2024-07-21;7;2024;domingo;08:00;1;0;3;8
2024-07-21;7;2024;domingo;09:00;0;0;3;9
2024-07-21;7;2024;domingo;10:00;0;0;3;10
2024-07-21;7;2024;domingo;11:00;1;0;3;11
2024-07-21;7;2024;domingo;12:00;0;0;3;12
2024-07-21;7;2024;domingo;13:00;1;0;3;13
2024-07-21;7;2024;domingo;14:00;0;0;3;14
2024-07-21;7;2024;domingo;15:00;1;1;3;15
2024-07-21;7;2024;domingo;16:00;0;0;3;16
2024-07-21;7;2024;domingo;17:00;0;0;3;17
2024-07-21;7;2024;domingo;18:00;0;0;3;18
2024-07-21;7;2024;domingo;19:00;0;0;3;19
2024-07-21;7;2024;domingo;20:00;1;0;3;20
2024-07-21;7;2024;domingo;21:00;0;0;3;21
2024-07-21;7;2024;domingo;22:00;0;0;3;22
2024-07-21;7;2024;domingo;23:00;0;0;3;23
2024-07-22;7;2024;lunes;00:00:00;0;0;3;0
2024-07-22;7;2024;lunes;01:00;1;0;3;1
2024-07-22;7;2024;lunes;02:00;0;0;3;2
2024-07-22;7;2024;lunes;03:00;0;0;3;3
2024-07-22;7;2024;lunes;04:00;0;0;3;4
2024-07-22;7;2024;lunes;05:00;0;0;3;5
2024-07-22;7;2024;lunes;06:00;0;0;3;6
2024-07-22;7;2024;lunes;07:00;0;0;3;7
2024-07-22;7;2024;lunes;08:00;1;0;2;8
2024-07-22;7;2024;lunes;09:00;0;1;2;9
2024-07-22;7;2024;lunes;10:00;1;0;1;10
2024-07-22;7;2024;lunes;11:00;0;0;1;11
2024-07-22;7;2024;lunes;12:00;1;0;1;12
2024-07-22;7;2024;lunes;13:00;0;0;1;13
2024-07-22;7;2024;lunes;14:00;1;0;2;14
2024-07-22;7;2024;lunes;15:00;0;0;2;15
2024-07-22;7;2024;lunes;16:00;0;0;2;16
2024-07-22;7;2024;lunes;17:00;1;0;2;17
2024-07-22;7;2024;lunes;18:00;0;0;1;18
2024-07-22;7;2024;lunes;19:00;1;1;1;19
2024-07-22;7;2024;lunes;20:00;0;0;1;20
2024-07-22;7;2024;lunes;21:00;1;1;1;21
2024-07-22;7;2024;lunes;22:00;0;0;2;22
2024-07-22;7;2024;lunes;23:00;0;0;2;23
2024-07-23;7;2024;martes;00:00:00;1;0;3;0
2024-07-23;7;2024;martes;01:00;0;0;3;1
2024-07-23;7;2024;martes;02:00;0;0;3;2
2024-07-23;7;2024;martes;03:00;0;0;3;3
2024-07-23;7;2024;martes;04:00;1;0;3;4
2024-07-23;7;2024;martes;05:00;0;0;3;5
2024-07-23;7;2024;martes;06:00;0;0;3;6
2024-07-23;7;2024;martes;07:00;0;0;3;7
2024-07-23;7;2024;martes;08:00;1;0;2;8
2024-07-23;7;2024;martes;09:00;0;0;2;9
2024-07-23;7;2024;martes;10:00;0;0;1;10
2024-07-23;7;2024;martes;11:00;1;0;1;11
2024-07-23;7;2024;martes;12:00;0;1;1;12
2024-07-23;7;2024;martes;13:00;0;0;1;13
2024-07-23;7;2024;martes;14:00;1;0;2;14
2024-07-23;7;2024;martes;15:00;0;0;2;15
2024-07-23;7;2024;martes;16:00;0;0;2;16
2024-07-23;7;2024;martes;17:00;1;0;2;17
2024-07-23;7;2024;martes;18:00;0;0;1;18
2024-07-23;7;2024;martes;19:00;1;0;1;19
2024-07-23;7;2024;martes;20:00;0;0;1;20
2024-07-23;7;2024;martes;21:00;0;0;1;21
2024-07-23;7;2024;martes;22:00;0;0;2;22
2024-07-23;7;2024;martes;23:00;1;0;2;23
2024-07-24;7;2024;miércoles;00:00:00;0;0;3;0
2024-07-24;7;2024;miércoles;01:00;0;0;3;1
2024-07-24;7;2024;miércoles;02:00;0;0;3;2
2024-07-24;7;2024;miércoles;03:00;0;1;3;3
2024-07-24;7;2024;miércoles;04:00;0;0;3;4
2024-07-24;7;2024;miércoles;05:00;0;0;3;5
2024-07-24;7;2024;miércoles;06:00;1;0;3;6
2024-07-24;7;2024;miércoles;07:00;0;0;3;7
2024-07-24;7;2024;miércoles;08:00;0;0;2;8
2024-07-24;7;2024;miércoles;09:00;1;0;2;9
2024-07-24;7;2024;miércoles;10:00;0;0;1;10
2024-07-24;7;2024;miércoles;11:00;0;0;1;11
2024-07-24;7;2024;miércoles;12:00;0;0;1;12
2024-07-24;7;2024;miércoles;13:00;1;0;1;13
2024-07-24;7;2024;miércoles;14:00;1;1;2;14
2024-07-24;7;2024;miércoles;15:00;0;0;2;15
2024-07-24;7;2024;miércoles;16:00;0;0;2;16
2024-07-24;7;2024;miércoles;17:00;1;0;2;17
2024-07-24;7;2024;miércoles;18:00;0;0;1;18
2024-07-24;7;2024;miércoles;19:00;1;0;1;19
2024-07-24;7;2024;miércoles;20:00;0;0;1;20
2024-07-24;7;2024;miércoles;21:00;0;0;1;21
2024-07-24;7;2024;miércoles;22:00;0;1;2;22
2024-07-24;7;2024;miércoles;23:00;1;0;2;23
2024-07-25;7;2024;jueves;00:00:00;0;0;3;0
2024-07-25;7;2024;jueves;01:00;0;0;3;1
2024-07-25;7;2024;jueves;02:00;0;0;3;2
2024-07-25;7;2024;jueves;03:00;0;0;3;3
2024-07-25;7;2024;jueves;04:00;1;0;3;4
2024-07-25;7;2024;jueves;05:00;0;0;3;5
2024-07-25;7;2024;jueves;06:00;0;0;3;6
2024-07-25;7;2024;jueves;07:00;1;0;3;7
2024-07-25;7;2024;jueves;08:00;1;0;2;8
2024-07-25;7;2024;jueves;09:00;0;0;2;9
2024-07-25;7;2024;jueves;10:00;0;0;1;10
2024-07-25;7;2024;jueves;11:00;0;1;1;11
2024-07-25;7;2024;jueves;12:00;1;0;1;12
2024-07-25;7;2024;jueves;13:00;1;0;1;13
2024-07-25;7;2024;jueves;14:00;0;0;2;14
2024-07-25;7;2024;jueves;15:00;0;0;2;15
2024-07-25;7;2024;jueves;16:00;0;0;2;16
2024-07-25;7;2024;jueves;17:00;1;0;2;17
2024-07-25;7;2024;jueves;18:00;0;0;1;18
2024-07-25;7;2024;jueves;19:00;0;0;1;19
2024-07-25;7;2024;jueves;20:00;1;0;1;20
2024-07-25;7;2024;jueves;21:00;0;0;1;21
2024-07-25;7;2024;jueves;22:00;1;0;2;22
2024-07-25;7;2024;jueves;23:00;0;1;2;23
2024-07-26;7;2024;viernes;00:00:00;0;0;3;0
2024-07-26;7;2024;viernes;01:00;0;0;3;1
2024-07-26;7;2024;viernes;02:00;0;0;3;2
2024-07-26;7;2024;viernes;03:00;0;0;3;3
2024-07-26;7;2024;viernes;04:00;1;0;3;4
2024-07-26;7;2024;viernes;05:00;0;0;3;5
2024-07-26;7;2024;viernes;06:00;0;0;3;6
2024-07-26;7;2024;viernes;07:00;0;0;3;7
2024-07-26;7;2024;viernes;08:00;0;0;2;8
2024-07-26;7;2024;viernes;09:00;1;0;2;9
2024-07-26;7;2024;viernes;10:00;0;0;1;10
2024-07-26;7;2024;viernes;11:00;0;0;1;11
2024-07-26;7;2024;viernes;12:00;0;0;1;12
2024-07-26;7;2024;viernes;13:00;0;0;1;13
2024-07-26;7;2024;viernes;14:00;1;1;2;14
2024-07-26;7;2024;viernes;15:00;1;0;2;15
2024-07-26;7;2024;viernes;16:00;0;0;2;16
2024-07-26;7;2024;viernes;17:00;0;1;2;17
2024-07-26;7;2024;viernes;18:00;1;0;1;18
2024-07-26;7;2024;viernes;19:00;0;0;1;19
2024-07-26;7;2024;viernes;20:00;0;0;1;20
2024-07-26;7;2024;viernes;21:00;0;0;1;21
2024-07-26;7;2024;viernes;22:00;1;0;2;22
2024-07-26;7;2024;viernes;23:00;0;0;2;23
2024-07-27;7;2024;sábado;00:00:00;0;0;3;0
2024-07-27;7;2024;sábado;01:00;0;0;3;1
2024-07-27;7;2024;sábado;02:00;0;0;3;2
2024-07-27;7;2024;sábado;03:00;0;0;3;3
2024-07-27;7;2024;sábado;04:00;0;0;3;4
2024-07-27;7;2024;sábado;05:00;1;1;3;5
2024-07-27;7;2024;sábado;06:00;0;0;3;6
2024-07-27;7;2024;sábado;07:00;0;0;3;7
2024-07-27;7;2024;sábado;08:00;0;0;3;8
2024-07-27;7;2024;sábado;09:00;1;0;3;9
2024-07-27;7;2024;sábado;10:00;1;0;3;10
2024-07-27;7;2024;sábado;11:00;0;1;3;11
2024-07-27;7;2024;sábado;12:00;0;0;3;12
2024-07-27;7;2024;sábado;13:00;1;1;3;13
2024-07-27;7;2024;sábado;14:00;1;0;3;14
2024-07-27;7;2024;sábado;15:00;0;0;3;15
2024-07-27;7;2024;sábado;16:00;0;0;3;16
2024-07-27;7;2024;sábado;17:00;1;0;3;17
2024-07-27;7;2024;sábado;18:00;0;0;3;18
2024-07-27;7;2024;sábado;19:00;0;0;3;19
2024-07-27;7;2024;sábado;20:00;1;0;3;20
2024-07-27;7;2024;sábado;21:00;0;0;3;21
2024-07-27;7;2024;sábado;22:00;0;0;3;22
2024-07-27;7;2024;sábado;23:00;1;0;3;23
2024-07-28;7;2024;domingo;00:00:00;0;0;3;0
2024-07-28;7;2024;domingo;01:00;0;0;3;1
2024-07-28;7;2024;domingo;02:00;0;0;3;2
2024-07-28;7;2024;domingo;03:00;0;0;3;3
2024-07-28;7;2024;domingo;04:00;0;0;3;4
2024-07-28;7;2024;domingo;05:00;0;1;3;5
2024-07-28;7;2024;domingo;06:00;0;0;3;6
2024-07-28;7;2024;domingo;07:00;1;0;3;7
2024-07-28;7;2024;domingo;08:00;0;0;3;8
2024-07-28;7;2024;domingo;09:00;0;0;3;9
2024-07-28;7;2024;domingo;10:00;1;0;3;10
2024-07-28;7;2024;domingo;11:00;0;1;3;11
2024-07-28;7;2024;domingo;12:00;1;0;3;12
2024-07-28;7;2024;domingo;13:00;1;0;3;13
2024-07-28;7;2024;domingo;14:00;0;1;3;14
2024-07-28;7;2024;domingo;15:00;1;0;3;15
2024-07-28;7;2024;domingo;16:00;0;0;3;16
2024-07-28;7;2024;domingo;17:00;0;0;3;17
2024-07-28;7;2024;domingo;18:00;1;0;3;18
2024-07-28;7;2024;domingo;19:00;0;0;3;19
2024-07-28;7;2024;domingo;20:00;1;0;3;20
2024-07-28;7;2024;domingo;21:00;0;0;3;21
2024-07-28;7;2024;domingo;22:00;0;0;3;22
2024-07-28;7;2024;domingo;23:00;0;0;3;23
2024-07-29;7;2024;lunes;00:00:00;0;0;3;0
2024-07-29;7;2024;lunes;01:00;0;0;3;1
2024-07-29;7;2024;lunes;02:00;1;0;3;2
2024-07-29;7;2024;lunes;03:00;0;0;3;3
2024-07-29;7;2024;lunes;04:00;0;0;3;4
2024-07-29;7;2024;lunes;05:00;0;0;3;5
2024-07-29;7;2024;lunes;06:00;0;0;3;6
2024-07-29;7;2024;lunes;07:00;0;0;3;7
2024-07-29;7;2024;lunes;08:00;1;1;2;8
2024-07-29;7;2024;lunes;09:00;1;0;2;9
2024-07-29;7;2024;lunes;10:00;1;1;1;10
2024-07-29;7;2024;lunes;11:00;0;0;1;11
2024-07-29;7;2024;lunes;12:00;0;0;1;12
2024-07-29;7;2024;lunes;13:00;1;0;1;13
2024-07-29;7;2024;lunes;14:00;1;0;2;14
2024-07-29;7;2024;lunes;15:00;0;0;2;15
2024-07-29;7;2024;lunes;16:00;0;0;2;16
2024-07-29;7;2024;lunes;17:00;1;0;2;17
2024-07-29;7;2024;lunes;18:00;1;0;1;18
2024-07-29;7;2024;lunes;19:00;1;0;1;19
2024-07-29;7;2024;lunes;20:00;0;1;1;20
2024-07-29;7;2024;lunes;21:00;0;0;1;21
2024-07-29;7;2024;lunes;22:00;1;0;2;22
2024-07-29;7;2024;lunes;23:00;0;0;2;23
2024-07-30;7;2024;martes;00:00:00;0;0;3;0
2024-07-30;7;2024;martes;01:00;0;0;3;1
2024-07-30;7;2024;martes;02:00;0;0;3;2
2024-07-30;7;2024;martes;03:00;1;0;3;3
2024-07-30;7;2024;martes;04:00;0;0;3;4
2024-07-30;7;2024;martes;05:00;0;0;3;5
2024-07-30;7;2024;martes;06:00;0;0;3;6
2024-07-30;7;2024;martes;07:00;1;1;3;7
2024-07-30;7;2024;martes;08:00;0;0;2;8
2024-07-30;7;2024;martes;09:00;1;0;2;9
2024-07-30;7;2024;martes;10:00;1;1;1;10
2024-07-30;7;2024;martes;11:00;0;0;1;11
2024-07-30;7;2024;martes;12:00;1;0;1;12
2024-07-30;7;2024;martes;13:00;1;0;1;13
2024-07-30;7;2024;martes;14:00;1;1;2;14
2024-07-30;7;2024;martes;15:00;0;0;2;15
2024-07-30;7;2024;martes;16:00;0;0;2;16
2024-07-30;7;2024;martes;17:00;1;0;2;17
2024-07-30;7;2024;martes;18:00;0;0;1;18
2024-07-30;7;2024;martes;19:00;0;0;1;19
2024-07-30;7;2024;martes;20:00;1;0;1;20
2024-07-30;7;2024;martes;21:00;0;0;1;21
2024-07-30;7;2024;martes;22:00;1;0;2;22
2024-07-30;7;2024;martes;23:00;0;0;2;23
2024-07-31;7;2024;miércoles;00:00:00;0;0;3;0
2024-07-31;7;2024;miércoles;01:00;0;0;3;1
2024-07-31;7;2024;miércoles;02:00;0;0;3;2
2024-07-31;7;2024;miércoles;03:00;1;0;3;3
2024-07-31;7;2024;miércoles;04:00;0;1;3;4
2024-07-31;7;2024;miércoles;05:00;0;0;3;5
2024-07-31;7;2024;miércoles;06:00;0;0;3;6
2024-07-31;7;2024;miércoles;07:00;0;0;3;7
2024-07-31;7;2024;miércoles;08:00;1;0;2;8
2024-07-31;7;2024;miércoles;09:00;0;0;2;9
2024-07-31;7;2024;miércoles;10:00;0;0;1;10
2024-07-31;7;2024;miércoles;11:00;1;0;1;11
2024-07-31;7;2024;miércoles;12:00;0;0;1;12
2024-07-31;7;2024;miércoles;13:00;1;0;1;13
2024-07-31;7;2024;miércoles;14:00;1;1;2;14
2024-07-31;7;2024;miércoles;15:00;0;0;2;15
2024-07-31;7;2024;miércoles;16:00;1;0;2;16
2024-07-31;7;2024;miércoles;17:00;0;0;2;17
2024-07-31;7;2024;miércoles;18:00;0;0;1;18
2024-07-31;7;2024;miércoles;19:00;0;0;1;19
2024-07-31;7;2024;miércoles;20:00;1;1;1;20
2024-07-31;7;2024;miércoles;21:00;0;0;1;21
2024-07-31;7;2024;miércoles;22:00;0;0;2;22
2024-07-31;7;2024;miércoles;23:00;0;0;2;23
2024-08-01;8;2024;jueves;00:00:00;0;0;3;0
2024-08-01;8;2024;jueves;01:00;1;0;3;1
2024-08-01;8;2024;jueves;02:00;0;0;3;2
2024-08-01;8;2024;jueves;03:00;0;0;3;3
2024-08-01;8;2024;jueves;04:00;0;0;3;4
2024-08-01;8;2024;jueves;05:00;1;0;3;5
2024-08-01;8;2024;jueves;06:00;0;0;3;6
2024-08-01;8;2024;jueves;07:00;0;0;3;7
2024-08-01;8;2024;jueves;08:00;1;0;2;8
2024-08-01;8;2024;jueves;09:00;1;1;2;9
2024-08-01;8;2024;jueves;10:00;0;0;1;10
2024-08-01;8;2024;jueves;11:00;0;0;1;11
2024-08-01;8;2024;jueves;12:00;1;0;1;12
2024-08-01;8;2024;jueves;13:00;1;0;1;13
2024-08-01;8;2024;jueves;14:00;0;0;2;14
2024-08-01;8;2024;jueves;15:00;0;1;2;15
2024-08-01;8;2024;jueves;16:00;1;0;2;16
2024-08-01;8;2024;jueves;17:00;0;0;2;17
2024-08-01;8;2024;jueves;18:00;1;0;1;18
2024-08-01;8;2024;jueves;19:00;0;0;1;19
2024-08-01;8;2024;jueves;20:00;1;0;1;20
2024-08-01;8;2024;jueves;21:00;0;0;1;21
2024-08-01;8;2024;jueves;22:00;0;0;2;22
2024-08-01;8;2024;jueves;23:00;0;0;2;23
2024-08-02;8;2024;viernes;00:00:00;0;0;3;0
2024-08-02;8;2024;viernes;01:00;1;0;3;1
2024-08-02;8;2024;viernes;02:00;0;0;3;2
2024-08-02;8;2024;viernes;03:00;0;1;3;3
2024-08-02;8;2024;viernes;04:00;0;0;3;4
2024-08-02;8;2024;viernes;05:00;1;0;3;5
2024-08-02;8;2024;viernes;06:00;0;0;3;6
2024-08-02;8;2024;viernes;07:00;0;0;3;7
2024-08-02;8;2024;viernes;08:00;1;0;2;8
2024-08-02;8;2024;viernes;09:00;0;0;2;9
2024-08-02;8;2024;viernes;10:00;1;0;1;10
2024-08-02;8;2024;viernes;11:00;0;0;1;11
2024-08-02;8;2024;viernes;12:00;1;1;1;12
2024-08-02;8;2024;viernes;13:00;0;0;1;13
2024-08-02;8;2024;viernes;14:00;0;0;2;14
2024-08-02;8;2024;viernes;15:00;1;0;2;15
2024-08-02;8;2024;viernes;16:00;0;0;2;16
2024-08-02;8;2024;viernes;17:00;0;0;2;17
2024-08-02;8;2024;viernes;18:00;1;0;1;18
2024-08-02;8;2024;viernes;19:00;0;0;1;19
2024-08-02;8;2024;viernes;20:00;0;1;1;20
2024-08-02;8;2024;viernes;21:00;0;0;1;21
2024-08-02;8;2024;viernes;22:00;0;0;2;22
2024-08-02;8;2024;viernes;23:00;1;0;2;23
2024-08-03;8;2024;sábado;00:00:00;0;0;3;0
2024-08-03;8;2024;sábado;01:00;0;0;3;1
2024-08-03;8;2024;sábado;02:00;0;0;3;2
2024-08-03;8;2024;sábado;03:00;0;0;3;3
2024-08-03;8;2024;sábado;04:00;0;0;3;4
2024-08-03;8;2024;sábado;05:00;1;0;3;5
2024-08-03;8;2024;sábado;06:00;0;0;3;6
2024-08-03;8;2024;sábado;07:00;0.418;0;3;7
2024-08-03;8;2024;sábado;08:00;0.434;0;3;8
2024-08-03;8;2024;sábado;09:00;0;1;3;9
2024-08-03;8;2024;sábado;10:00;0;0;3;10
2024-08-03;8;2024;sábado;11:00;0;0;3;11
2024-08-03;8;2024;sábado;12:00;1;0;3;12
2024-08-03;8;2024;sábado;13:00;1;0;3;13
2024-08-03;8;2024;sábado;14:00;1;0;3;14
2024-08-03;8;2024;sábado;15:00;0;0;3;15
2024-08-03;8;2024;sábado;16:00;0;0;3;16
2024-08-03;8;2024;sábado;17:00;0;0;3;17
2024-08-03;8;2024;sábado;18:00;1;0;3;18
2024-08-03;8;2024;sábado;19:00;0;0;3;19
2024-08-03;8;2024;sábado;20:00;0;1;3;20
2024-08-03;8;2024;sábado;21:00;0;0;3;21
2024-08-03;8;2024;sábado;22:00;1;0;3;22
2024-08-03;8;2024;sábado;23:00;0;0;3;23
2024-08-04;8;2024;domingo;00:00:00;0;0;3;0
2024-08-04;8;2024;domingo;01:00;0;0;3;1
2024-08-04;8;2024;domingo;02:00;0;0;3;2
2024-08-04;8;2024;domingo;03:00;1;0;3;3
2024-08-04;8;2024;domingo;04:00;0;0;3;4
2024-08-04;8;2024;domingo;05:00;0;0;3;5
2024-08-04;8;2024;domingo;06:00;0;0;3;6
2024-08-04;8;2024;domingo;07:00;0;0;3;7
2024-08-04;8;2024;domingo;08:00;1;0;3;8
2024-08-04;8;2024;domingo;09:00;0;0;3;9
2024-08-04;8;2024;domingo;10:00;1;0;3;10
2024-08-04;8;2024;domingo;11:00;0;1;3;11
2024-08-04;8;2024;domingo;12:00;1;0;3;12
2024-08-04;8;2024;domingo;13:00;0;0;3;13
2024-08-04;8;2024;domingo;14:00;1;0;3;14
2024-08-04;8;2024;domingo;15:00;0;0;3;15
2024-08-04;8;2024;domingo;16:00;1;0;3;16
2024-08-04;8;2024;domingo;17:00;0;0;3;17
2024-08-04;8;2024;domingo;18:00;0;0;3;18
2024-08-04;8;2024;domingo;19:00;0;0;3;19
2024-08-04;8;2024;domingo;20:00;1;0;3;20
2024-08-04;8;2024;domingo;21:00;0;1;3;21
2024-08-04;8;2024;domingo;22:00;0;0;3;22
2024-08-04;8;2024;domingo;23:00;1;0;3;23
2024-08-05;8;2024;lunes;00:00:00;0;0;3;0
2024-08-05;8;2024;lunes;01:00;0;0;3;1
2024-08-05;8;2024;lunes;02:00;0;0;3;2
2024-08-05;8;2024;lunes;03:00;0;0;3;3
2024-08-05;8;2024;lunes;04:00;0;0;3;4
2024-08-05;8;2024;lunes;05:00;0;0;3;5
2024-08-05;8;2024;lunes;06:00;1;0;3;6
2024-08-05;8;2024;lunes;07:00;0;0;3;7
2024-08-05;8;2024;lunes;08:00;1;0;2;8
2024-08-05;8;2024;lunes;09:00;0;0;2;9
2024-08-05;8;2024;lunes;10:00;1;1;1;10
2024-08-05;8;2024;lunes;11:00;0;0;1;11
2024-08-05;8;2024;lunes;12:00;0;0;1;12
2024-08-05;8;2024;lunes;13:00;1;0;1;13
2024-08-05;8;2024;lunes;14:00;0;0;2;14
2024-08-05;8;2024;lunes;15:00;0;0;2;15
2024-08-05;8;2024;lunes;16:00;0;0;2;16
2024-08-05;8;2024;lunes;17:00;1;0;2;17
2024-08-05;8;2024;lunes;18:00;0;0;1;18
2024-08-05;8;2024;lunes;19:00;0;0;1;19
2024-08-05;8;2024;lunes;20:00;1;0;1;20
2024-08-05;8;2024;lunes;21:00;0;0;1;21
2024-08-05;8;2024;lunes;22:00;0;1;2;22
2024-08-05;8;2024;lunes;23:00;0;0;2;23
2024-08-06;8;2024;martes;00:00:00;0;0;3;0
2024-08-06;8;2024;martes;01:00;1;0;3;1
2024-08-06;8;2024;martes;02:00;0;0;3;2
2024-08-06;8;2024;martes;03:00;0;0;3;3
2024-08-06;8;2024;martes;04:00;0;0;3;4
2024-08-06;8;2024;martes;05:00;0;0;3;5
2024-08-06;8;2024;martes;06:00;1;0;3;6
2024-08-06;8;2024;martes;07:00;0;0;3;7
2024-08-06;8;2024;martes;08:00;1;0;2;8
2024-08-06;8;2024;martes;09:00;0;1;2;9
2024-08-06;8;2024;martes;10:00;1;0;1;10
2024-08-06;8;2024;martes;11:00;0;1;1;11
2024-08-06;8;2024;martes;12:00;1;0;1;12
2024-08-06;8;2024;martes;13:00;1;0;1;13
2024-08-06;8;2024;martes;14:00;0;0;2;14
2024-08-06;8;2024;martes;15:00;0;0;2;15
2024-08-06;8;2024;martes;16:00;1;0;2;16
2024-08-06;8;2024;martes;17:00;0;0;2;17
2024-08-06;8;2024;martes;18:00;1;0;1;18
2024-08-06;8;2024;martes;19:00;0;0;1;19
2024-08-06;8;2024;martes;20:00;0;0;1;20
2024-08-06;8;2024;martes;21:00;0;0;1;21
2024-08-06;8;2024;martes;22:00;1;1;2;22
2024-08-06;8;2024;martes;23:00;0;0;2;23
2024-08-07;8;2024;miércoles;00:00:00;0;0;3;0
2024-08-07;8;2024;miércoles;01:00;0;0;3;1
2024-08-07;8;2024;miércoles;02:00;0;0;3;2
2024-08-07;8;2024;miércoles;03:00;1;0;3;3
2024-08-07;8;2024;miércoles;04:00;0;0;3;4
2024-08-07;8;2024;miércoles;05:00;0;0;3;5
2024-08-07;8;2024;miércoles;06:00;0;0;3;6
2024-08-07;8;2024;miércoles;07:00;1;0;3;7
2024-08-07;8;2024;miércoles;08:00;1;0;2;8
2024-08-07;8;2024;miércoles;09:00;0;0;2;9
2024-08-07;8;2024;miércoles;10:00;0;0;1;10
2024-08-07;8;2024;miércoles;11:00;0;0;1;11
2024-08-07;8;2024;miércoles;12:00;0;1;1;12
2024-08-07;8;2024;miércoles;13:00;1;0;1;13
2024-08-07;8;2024;miércoles;14:00;0;0;2;14
2024-08-07;8;2024;miércoles;15:00;0;0;2;15
2024-08-07;8;2024;miércoles;16:00;0;0;2;16
2024-08-07;8;2024;miércoles;17:00;1;0;2;17
2024-08-07;8;2024;miércoles;18:00;1;0;1;18
2024-08-07;8;2024;miércoles;19:00;0;0;1;19
2024-08-07;8;2024;miércoles;20:00;0;0;1;20
2024-08-07;8;2024;miércoles;21:00;0;0;1;21
2024-08-07;8;2024;miércoles;22:00;1;1;2;22
2024-08-07;8;2024;miércoles;23:00;0;0;2;23
2024-08-08;8;2024;jueves;00:00:00;1;0;3;0
2024-08-08;8;2024;jueves;01:00;0;0;3;1
2024-08-08;8;2024;jueves;02:00;0;0;3;2
2024-08-08;8;2024;jueves;03:00;0;0;3;3
2024-08-08;8;2024;jueves;04:00;0;0;3;4
2024-08-08;8;2024;jueves;05:00;0;0;3;5
2024-08-08;8;2024;jueves;06:00;1;0;3;6
2024-08-08;8;2024;jueves;07:00;0;0;3;7
2024-08-08;8;2024;jueves;08:00;1;0;2;8
2024-08-08;8;2024;jueves;09:00;0;1;2;9
2024-08-08;8;2024;jueves;10:00;1;0;1;10
2024-08-08;8;2024;jueves;11:00;1;0;1;11
2024-08-08;8;2024;jueves;12:00;1;1;1;12
2024-08-08;8;2024;jueves;13:00;0;0;1;13
2024-08-08;8;2024;jueves;14:00;1;0;2;14
2024-08-08;8;2024;jueves;15:00;0;0;2;15
2024-08-08;8;2024;jueves;16:00;1;0;2;16
2024-08-08;8;2024;jueves;17:00;1;0;2;17
2024-08-08;8;2024;jueves;18:00;0;0;1;18
2024-08-08;8;2024;jueves;19:00;1;1;1;19
2024-08-08;8;2024;jueves;20:00;0;0;1;20
2024-08-08;8;2024;jueves;21:00;1;0;1;21
2024-08-08;8;2024;jueves;22:00;1;0;2;22
2024-08-08;8;2024;jueves;23:00;0;0;2;23
2024-08-09;8;2024;viernes;00:00:00;1;0;3;0
2024-08-09;8;2024;viernes;01:00;0;0;3;1
2024-08-09;8;2024;viernes;02:00;0;0;3;2
2024-08-09;8;2024;viernes;03:00;0;1;3;3
2024-08-09;8;2024;viernes;04:00;0;0;3;4
2024-08-09;8;2024;viernes;05:00;1;0;3;5
2024-08-09;8;2024;viernes;06:00;0;0;3;6
2024-08-09;8;2024;viernes;07:00;0;0;3;7
2024-08-09;8;2024;viernes;08:00;1;0;2;8
2024-08-09;8;2024;viernes;09:00;1;0;2;9
2024-08-09;8;2024;viernes;10:00;0;0;1;10
2024-08-09;8;2024;viernes;11:00;0;1;1;11
2024-08-09;8;2024;viernes;12:00;1;0;1;12
2024-08-09;8;2024;viernes;13:00;0;0;1;13
2024-08-09;8;2024;viernes;14:00;1;0;2;14
2024-08-09;8;2024;viernes;15:00;1;1;2;15
2024-08-09;8;2024;viernes;16:00;0;0;2;16
2024-08-09;8;2024;viernes;17:00;1;0;2;17
2024-08-09;8;2024;viernes;18:00;1;1;1;18
2024-08-09;8;2024;viernes;19:00;1;0;1;19
2024-08-09;8;2024;viernes;20:00;0;0;1;20
2024-08-09;8;2024;viernes;21:00;1;1;1;21
2024-08-09;8;2024;viernes;22:00;0;0;2;22
2024-08-09;8;2024;viernes;23:00;0;0;2;23
2024-08-10;8;2024;sábado;00:00:00;1;0;3;0
2024-08-10;8;2024;sábado;01:00;0;0;3;1
2024-08-10;8;2024;sábado;02:00;0;0;3;2
2024-08-10;8;2024;sábado;03:00;0;0;3;3
2024-08-10;8;2024;sábado;04:00;0;0;3;4
2024-08-10;8;2024;sábado;05:00;0;0;3;5
2024-08-10;8;2024;sábado;06:00;1;0;3;6
2024-08-10;8;2024;sábado;07:00;0;0;3;7
2024-08-10;8;2024;sábado;08:00;0;0;3;8
2024-08-10;8;2024;sábado;09:00;1;0;3;9
2024-08-10;8;2024;sábado;10:00;0;1;3;10
2024-08-10;8;2024;sábado;11:00;1;0;3;11
2024-08-10;8;2024;sábado;12:00;0;0;3;12
2024-08-10;8;2024;sábado;13:00;1;0;3;13
2024-08-10;8;2024;sábado;14:00;0;0;3;14
2024-08-10;8;2024;sábado;15:00;0;0;3;15
2024-08-10;8;2024;sábado;16:00;1;0;3;16
2024-08-10;8;2024;sábado;17:00;0;0;3;17
2024-08-10;8;2024;sábado;18:00;1;0;3;18
2024-08-10;8;2024;sábado;19:00;0;0;3;19
2024-08-10;8;2024;sábado;20:00;0;1;3;20
2024-08-10;8;2024;sábado;21:00;1;0;3;21
2024-08-10;8;2024;sábado;22:00;0;1;3;22
2024-08-10;8;2024;sábado;23:00;0.606;0;3;23
2024-08-11;8;2024;domingo;00:00:00;0.542;0;3;0
2024-08-11;8;2024;domingo;01:00;0;0;3;1
2024-08-11;8;2024;domingo;02:00;0;0;3;2
2024-08-11;8;2024;domingo;03:00;0;0;3;3
2024-08-11;8;2024;domingo;04:00;1;0;3;4
2024-08-11;8;2024;domingo;05:00;0;0;3;5
2024-08-11;8;2024;domingo;06:00;0;0;3;6
2024-08-11;8;2024;domingo;07:00;0;0;3;7
2024-08-11;8;2024;domingo;08:00;1;0;3;8
2024-08-11;8;2024;domingo;09:00;0;1;3;9
2024-08-11;8;2024;domingo;10:00;0;0;3;10
2024-08-11;8;2024;domingo;11:00;1;0;3;11
2024-08-11;8;2024;domingo;12:00;0;0;3;12
2024-08-11;8;2024;domingo;13:00;1;0;3;13
2024-08-11;8;2024;domingo;14:00;0;0;3;14
2024-08-11;8;2024;domingo;15:00;0;0;3;15
2024-08-11;8;2024;domingo;16:00;0;0;3;16
2024-08-11;8;2024;domingo;17:00;1;0;3;17
2024-08-11;8;2024;domingo;18:00;1;0;3;18
2024-08-11;8;2024;domingo;19:00;0;0;3;19
2024-08-11;8;2024;domingo;20:00;0;0;3;20
2024-08-11;8;2024;domingo;21:00;0;0;3;21
2024-08-11;8;2024;domingo;22:00;1;0;3;22
2024-08-11;8;2024;domingo;23:00;0;0;3;23
2024-08-12;8;2024;lunes;00:00:00;0;1;3;0
2024-08-12;8;2024;lunes;01:00;0;0;3;1
2024-08-12;8;2024;lunes;02:00;0;0;3;2
2024-08-12;8;2024;lunes;03:00;1;0;3;3
2024-08-12;8;2024;lunes;04:00;0;0;3;4
2024-08-12;8;2024;lunes;05:00;0;0;3;5
2024-08-12;8;2024;lunes;06:00;0;0;3;6
2024-08-12;8;2024;lunes;07:00;1;0;3;7
2024-08-12;8;2024;lunes;08:00;0;0;2;8
2024-08-12;8;2024;lunes;09:00;1;0;2;9
2024-08-12;8;2024;lunes;10:00;0;0;1;10
2024-08-12;8;2024;lunes;11:00;0;0;1;11
2024-08-12;8;2024;lunes;12:00;0;0;1;12
2024-08-12;8;2024;lunes;13:00;0;1;1;13
2024-08-12;8;2024;lunes;14:00;2;0;2;14
2024-08-12;8;2024;lunes;15:00;0;0;2;15
2024-08-12;8;2024;lunes;16:00;0;0;2;16
2024-08-12;8;2024;lunes;17:00;1;0;2;17
2024-08-12;8;2024;lunes;18:00;0;0;1;18
2024-08-12;8;2024;lunes;19:00;0;0;1;19
2024-08-12;8;2024;lunes;20:00;0;0;1;20
2024-08-12;8;2024;lunes;21:00;1;0;1;21
2024-08-12;8;2024;lunes;22:00;0;0;2;22
2024-08-12;8;2024;lunes;23:00;0;0;2;23
2024-08-13;8;2024;martes;00:00:00;0;0;3;0
2024-08-13;8;2024;martes;01:00;0;0;3;1
2024-08-13;8;2024;martes;02:00;1;1;3;2
2024-08-13;8;2024;martes;03:00;0;0;3;3
2024-08-13;8;2024;martes;04:00;0;0;3;4
2024-08-13;8;2024;martes;05:00;0;0;3;5
2024-08-13;8;2024;martes;06:00;0;0;3;6
2024-08-13;8;2024;martes;07:00;1;0;3;7
2024-08-13;8;2024;martes;08:00;0;0;2;8
2024-08-13;8;2024;martes;09:00;1;0;2;9
2024-08-13;8;2024;martes;10:00;0;0;1;10
2024-08-13;8;2024;martes;11:00;0;0;1;11
2024-08-13;8;2024;martes;12:00;2;0;1;12
2024-08-13;8;2024;martes;13:00;0;1;1;13
2024-08-13;8;2024;martes;14:00;1;0;2;14
2024-08-13;8;2024;martes;15:00;0;0;2;15
2024-08-13;8;2024;martes;16:00;0;0;2;16
2024-08-13;8;2024;martes;17:00;0;0;2;17
2024-08-13;8;2024;martes;18:00;1;0;1;18
2024-08-13;8;2024;martes;19:00;0;0;1;19
2024-08-13;8;2024;martes;20:00;0;0;1;20
2024-08-13;8;2024;martes;21:00;0;1;1;21
2024-08-13;8;2024;martes;22:00;0;0;2;22
2024-08-13;8;2024;martes;23:00;1;0;2;23
2024-08-14;8;2024;miércoles;00:00:00;0;0;3;0
2024-08-14;8;2024;miércoles;01:00;0;0;3;1
2024-08-14;8;2024;miércoles;02:00;0;0;3;2
2024-08-14;8;2024;miércoles;03:00;0;0;3;3
2024-08-14;8;2024;miércoles;04:00;0;0;3;4
2024-08-14;8;2024;miércoles;05:00;1;0;3;5
2024-08-14;8;2024;miércoles;06:00;0;0;3;6
2024-08-14;8;2024;miércoles;07:00;0;0;3;7
2024-08-14;8;2024;miércoles;08:00;1;0;2;8
2024-08-14;8;2024;miércoles;09:00;1;1;2;9
2024-08-14;8;2024;miércoles;10:00;0;0;1;10
2024-08-14;8;2024;miércoles;11:00;0;0;1;11
2024-08-14;8;2024;miércoles;12:00;1;0;1;12
2024-08-14;8;2024;miércoles;13:00;0;0;1;13
2024-08-14;8;2024;miércoles;14:00;1;0;2;14
2024-08-14;8;2024;miércoles;15:00;0;0;2;15
2024-08-14;8;2024;miércoles;16:00;0;0;2;16
2024-08-14;8;2024;miércoles;17:00;0;0;2;17
2024-08-14;8;2024;miércoles;18:00;1;0;1;18
2024-08-14;8;2024;miércoles;19:00;0;0;1;19
2024-08-14;8;2024;miércoles;20:00;0;1;1;20
2024-08-14;8;2024;miércoles;21:00;1;0;1;21
2024-08-14;8;2024;miércoles;22:00;0;0;2;22
2024-08-14;8;2024;miércoles;23:00;0;0;2;23
2024-08-15;8;2024;jueves;00:00:00;0;0;3;0
2024-08-15;8;2024;jueves;01:00;0;0;3;1
2024-08-15;8;2024;jueves;02:00;0;0;3;2
2024-08-15;8;2024;jueves;03:00;1;0;3;3
2024-08-15;8;2024;jueves;04:00;0;0;3;4
2024-08-15;8;2024;jueves;05:00;0;0;3;5
2024-08-15;8;2024;jueves;06:00;0;0;3;6
2024-08-15;8;2024;jueves;07:00;0;0;3;7
2024-08-15;8;2024;jueves;08:00;1;0;3;8
2024-08-15;8;2024;jueves;09:00;1;0;3;9
2024-08-15;8;2024;jueves;10:00;0;0;3;10
2024-08-15;8;2024;jueves;11:00;0;1;3;11
2024-08-15;8;2024;jueves;12:00;1;0;3;12
2024-08-15;8;2024;jueves;13:00;0;0;3;13
2024-08-15;8;2024;jueves;14:00;1;0;3;14
2024-08-15;8;2024;jueves;15:00;0;0;3;15
2024-08-15;8;2024;jueves;16:00;0;0;3;16
2024-08-15;8;2024;jueves;17:00;1;0;3;17
2024-08-15;8;2024;jueves;18:00;0;0;3;18
2024-08-15;8;2024;jueves;19:00;0;0;3;19
2024-08-15;8;2024;jueves;20:00;0;0;3;20
2024-08-15;8;2024;jueves;21:00;0;0;3;21
2024-08-15;8;2024;jueves;22:00;0;0;3;22
2024-08-15;8;2024;jueves;23:00;1;0;3;23
2024-08-16;8;2024;viernes;00:00:00;0;1;3;0
2024-08-16;8;2024;viernes;01:00;0;0;3;1
2024-08-16;8;2024;viernes;02:00;0;0;3;2
2024-08-16;8;2024;viernes;03:00;0;0;3;3
2024-08-16;8;2024;viernes;04:00;0;0;3;4
2024-08-16;8;2024;viernes;05:00;1;0;3;5
2024-08-16;8;2024;viernes;06:00;0;0;3;6
2024-08-16;8;2024;viernes;07:00;0;0;3;7
2024-08-16;8;2024;viernes;08:00;0;0;2;8
2024-08-16;8;2024;viernes;09:00;1;0;2;9
2024-08-16;8;2024;viernes;10:00;1;0;1;10
2024-08-16;8;2024;viernes;11:00;1;0;1;11
2024-08-16;8;2024;viernes;12:00;0;1;1;12
2024-08-16;8;2024;viernes;13:00;0;0;1;13
2024-08-16;8;2024;viernes;14:00;0;0;2;14
2024-08-16;8;2024;viernes;15:00;1;0;2;15
2024-08-16;8;2024;viernes;16:00;0;0;2;16
2024-08-16;8;2024;viernes;17:00;0;0;2;17
2024-08-16;8;2024;viernes;18:00;0;0;1;18
2024-08-16;8;2024;viernes;19:00;1;0;1;19
2024-08-16;8;2024;viernes;20:00;0;0;1;20
2024-08-16;8;2024;viernes;21:00;0;0;1;21
2024-08-16;8;2024;viernes;22:00;0;0;2;22
2024-08-16;8;2024;viernes;23:00;0;0;2;23
2024-08-17;8;2024;sábado;00:00:00;0;0;3;0
2024-08-17;8;2024;sábado;01:00;1;0;3;1
2024-08-17;8;2024;sábado;02:00;0;0;3;2
2024-08-17;8;2024;sábado;03:00;0;1;3;3
2024-08-17;8;2024;sábado;04:00;0;0;3;4
2024-08-17;8;2024;sábado;05:00;0;0;3;5
2024-08-17;8;2024;sábado;06:00;0;0;3;6
2024-08-17;8;2024;sábado;07:00;1;0;3;7
2024-08-17;8;2024;sábado;08:00;0;0;3;8
2024-08-17;8;2024;sábado;09:00;1;0;3;9
2024-08-17;8;2024;sábado;10:00;0;0;3;10
2024-08-17;8;2024;sábado;11:00;1;0;3;11
2024-08-17;8;2024;sábado;12:00;0;0;3;12
2024-08-17;8;2024;sábado;13:00;1;1;3;13
2024-08-17;8;2024;sábado;14:00;0;0;3;14
2024-08-17;8;2024;sábado;15:00;0;0;3;15
2024-08-17;8;2024;sábado;16:00;0;0;3;16
2024-08-17;8;2024;sábado;17:00;1;0;3;17
2024-08-17;8;2024;sábado;18:00;0;0;3;18
2024-08-17;8;2024;sábado;19:00;0;0;3;19
2024-08-17;8;2024;sábado;20:00;1;0;3;20
2024-08-17;8;2024;sábado;21:00;0;0;3;21
2024-08-17;8;2024;sábado;22:00;0;0;3;22
2024-08-17;8;2024;sábado;23:00;0;1;3;23
2024-08-18;8;2024;domingo;00:00:00;1;0;3;0
2024-08-18;8;2024;domingo;01:00;0;0;3;1
2024-08-18;8;2024;domingo;02:00;0;0;3;2
2024-08-18;8;2024;domingo;03:00;0;0;3;3
2024-08-18;8;2024;domingo;04:00;0;0;3;4
2024-08-18;8;2024;domingo;05:00;0;0;3;5
2024-08-18;8;2024;domingo;06:00;0;0;3;6
2024-08-18;8;2024;domingo;07:00;1;0;3;7
2024-08-18;8;2024;domingo;08:00;0;0;3;8
2024-08-18;8;2024;domingo;09:00;1;0;3;9
2024-08-18;8;2024;domingo;10:00;0;0;3;10
2024-08-18;8;2024;domingo;11:00;1;1;3;11
2024-08-18;8;2024;domingo;12:00;0;0;3;12
2024-08-18;8;2024;domingo;13:00;0;0;3;13
2024-08-18;8;2024;domingo;14:00;1;1;3;14
2024-08-18;8;2024;domingo;15:00;1;0;3;15
2024-08-18;8;2024;domingo;16:00;0;0;3;16
2024-08-18;8;2024;domingo;17:00;0;0;3;17
2024-08-18;8;2024;domingo;18:00;0;0;3;18
2024-08-18;8;2024;domingo;19:00;1;0;3;19
2024-08-18;8;2024;domingo;20:00;1;0;3;20
2024-08-18;8;2024;domingo;21:00;0;0;3;21
2024-08-18;8;2024;domingo;22:00;1;0;3;22
2024-08-18;8;2024;domingo;23:00;0;0;3;23
2024-08-19;8;2024;lunes;00:00:00;0;0;3;0
2024-08-19;8;2024;lunes;01:00;0;0;3;1
2024-08-19;8;2024;lunes;02:00;0;0;3;2
2024-08-19;8;2024;lunes;03:00;0;0;3;3
2024-08-19;8;2024;lunes;04:00;1;1;3;4
2024-08-19;8;2024;lunes;05:00;0;0;3;5
2024-08-19;8;2024;lunes;06:00;0;0;3;6
2024-08-19;8;2024;lunes;07:00;0;0;3;7
2024-08-19;8;2024;lunes;08:00;1;0;2;8
2024-08-19;8;2024;lunes;09:00;0;0;2;9
2024-08-19;8;2024;lunes;10:00;2;0;1;10
2024-08-19;8;2024;lunes;11:00;0;1;1;11
2024-08-19;8;2024;lunes;12:00;1;0;1;12
2024-08-19;8;2024;lunes;13:00;0;0;1;13
2024-08-19;8;2024;lunes;14:00;1;0;2;14
2024-08-19;8;2024;lunes;15:00;0;1;2;15
2024-08-19;8;2024;lunes;16:00;1;0;2;16
2024-08-19;8;2024;lunes;17:00;0;0;2;17
2024-08-19;8;2024;lunes;18:00;1;0;1;18
2024-08-19;8;2024;lunes;19:00;0;1;1;19
2024-08-19;8;2024;lunes;20:00;1;0;1;20
2024-08-19;8;2024;lunes;21:00;0;0;1;21
2024-08-19;8;2024;lunes;22:00;0;0;2;22
2024-08-19;8;2024;lunes;23:00;1;0;2;23
2024-08-20;8;2024;martes;00:00:00;0;0;3;0
2024-08-20;8;2024;martes;01:00;0;0;3;1
2024-08-20;8;2024;martes;02:00;0;0;3;2
2024-08-20;8;2024;martes;03:00;0;0;3;3
2024-08-20;8;2024;martes;04:00;1;0;3;4
2024-08-20;8;2024;martes;05:00;0;0;3;5
2024-08-20;8;2024;martes;06:00;0;0;3;6
2024-08-20;8;2024;martes;07:00;0;0;3;7
2024-08-20;8;2024;martes;08:00;2;1;2;8
2024-08-20;8;2024;martes;09:00;0;0;2;9
2024-08-20;8;2024;martes;10:00;1;0;1;10
2024-08-20;8;2024;martes;11:00;1;0;1;11
2024-08-20;8;2024;martes;12:00;1;1;1;12
2024-08-20;8;2024;martes;13:00;0;0;1;13
2024-08-20;8;2024;martes;14:00;1;0;2;14
2024-08-20;8;2024;martes;15:00;0;0;2;15
2024-08-20;8;2024;martes;16:00;0;0;2;16
2024-08-20;8;2024;martes;17:00;1;0;2;17
2024-08-20;8;2024;martes;18:00;1;0;1;18
2024-08-20;8;2024;martes;19:00;0;0;1;19
2024-08-20;8;2024;martes;20:00;0;0;1;20
2024-08-20;8;2024;martes;21:00;0;0;1;21
2024-08-20;8;2024;martes;22:00;1;0;2;22
2024-08-20;8;2024;martes;23:00;0;1;2;23
2024-08-21;8;2024;miércoles;00:00:00;0;0;3;0
2024-08-21;8;2024;miércoles;01:00;1;0;3;1
2024-08-21;8;2024;miércoles;02:00;0;0;3;2
2024-08-21;8;2024;miércoles;03:00;0;0;3;3
2024-08-21;8;2024;miércoles;04:00;0;0;3;4
2024-08-21;8;2024;miércoles;05:00;0;0;3;5
2024-08-21;8;2024;miércoles;06:00;0;0;3;6
2024-08-21;8;2024;miércoles;07:00;1;0;3;7
2024-08-21;8;2024;miércoles;08:00;0;0;2;8
2024-08-21;8;2024;miércoles;09:00;1;1;2;9
2024-08-21;8;2024;miércoles;10:00;0;0;1;10
2024-08-21;8;2024;miércoles;11:00;0;0;1;11
2024-08-21;8;2024;miércoles;12:00;0;0;1;12
2024-08-21;8;2024;miércoles;13:00;1;0;1;13
2024-08-21;8;2024;miércoles;14:00;0;0;2;14
2024-08-21;8;2024;miércoles;15:00;1;1;2;15
2024-08-21;8;2024;miércoles;16:00;0;0;2;16
2024-08-21;8;2024;miércoles;17:00;0;0;2;17
2024-08-21;8;2024;miércoles;18:00;0;0;1;18
2024-08-21;8;2024;miércoles;19:00;1;0;1;19
2024-08-21;8;2024;miércoles;20:00;0;0;1;20
2024-08-21;8;2024;miércoles;21:00;0;0;1;21
2024-08-21;8;2024;miércoles;22:00;0;0;2;22
2024-08-21;8;2024;miércoles;23:00;1;0;2;23
2024-08-22;8;2024;jueves;00:00:00;0;0;3;0
2024-08-22;8;2024;jueves;01:00;0;0;3;1
2024-08-22;8;2024;jueves;02:00;0;0;3;2
2024-08-22;8;2024;jueves;03:00;1;0;3;3
2024-08-22;8;2024;jueves;04:00;0;0;3;4
2024-08-22;8;2024;jueves;05:00;0;0;3;5
2024-08-22;8;2024;jueves;06:00;0;0;3;6
2024-08-22;8;2024;jueves;07:00;0;1;3;7
2024-08-22;8;2024;jueves;08:00;1;0;2;8
2024-08-22;8;2024;jueves;09:00;1;0;2;9
2024-08-22;8;2024;jueves;10:00;1;0;1;10
2024-08-22;8;2024;jueves;11:00;0;0;1;11
2024-08-22;8;2024;jueves;12:00;0;0;1;12
2024-08-22;8;2024;jueves;13:00;2;1;1;13
2024-08-22;8;2024;jueves;14:00;1;0;2;14
2024-08-22;8;2024;jueves;15:00;0;0;2;15
2024-08-22;8;2024;jueves;16:00;0;0;2;16
2024-08-22;8;2024;jueves;17:00;1;0;2;17
2024-08-22;8;2024;jueves;18:00;1;0;1;18
2024-08-22;8;2024;jueves;19:00;0;0;1;19
2024-08-22;8;2024;jueves;20:00;0;0;1;20
2024-08-22;8;2024;jueves;21:00;1;0;1;21
2024-08-22;8;2024;jueves;22:00;0;0;2;22
2024-08-22;8;2024;jueves;23:00;0;0;2;23
2024-08-23;8;2024;viernes;00:00:00;1;1;3;0
2024-08-23;8;2024;viernes;01:00;0;0;3;1
2024-08-23;8;2024;viernes;02:00;0;0;3;2
2024-08-23;8;2024;viernes;03:00;0;0;3;3
2024-08-23;8;2024;viernes;04:00;0;0;3;4
2024-08-23;8;2024;viernes;05:00;1;0;3;5
2024-08-23;8;2024;viernes;06:00;0;0;3;6
2024-08-23;8;2024;viernes;07:00;0;0;3;7
2024-08-23;8;2024;viernes;08:00;1;0;2;8
2024-08-23;8;2024;viernes;09:00;0;0;2;9
2024-08-23;8;2024;viernes;10:00;1;0;1;10
2024-08-23;8;2024;viernes;11:00;1;1;1;11
2024-08-23;8;2024;viernes;12:00;1;0;1;12
2024-08-23;8;2024;viernes;13:00;0;1;1;13
2024-08-23;8;2024;viernes;14:00;1;0;2;14
2024-08-23;8;2024;viernes;15:00;0;0;2;15
2024-08-23;8;2024;viernes;16:00;1;0;2;16
2024-08-23;8;2024;viernes;17:00;0;0;2;17
2024-08-23;8;2024;viernes;18:00;1;0;1;18
2024-08-23;8;2024;viernes;19:00;0;0;1;19
2024-08-23;8;2024;viernes;20:00;0;0;1;20
2024-08-23;8;2024;viernes;21:00;0;0;1;21
2024-08-23;8;2024;viernes;22:00;1;0;2;22
2024-08-23;8;2024;viernes;23:00;0;0;2;23
2024-08-24;8;2024;sábado;00:00:00;0;0;3;0
2024-08-24;8;2024;sábado;01:00;0;0;3;1
2024-08-24;8;2024;sábado;02:00;0;0;3;2
2024-08-24;8;2024;sábado;03:00;0;1;3;3
2024-08-24;8;2024;sábado;04:00;1;0;3;4
2024-08-24;8;2024;sábado;05:00;0;0;3;5
2024-08-24;8;2024;sábado;06:00;0;0;3;6
2024-08-24;8;2024;sábado;07:00;0;0;3;7
2024-08-24;8;2024;sábado;08:00;1;0;3;8
2024-08-24;8;2024;sábado;09:00;0;0;3;9
2024-08-24;8;2024;sábado;10:00;1;0;3;10
2024-08-24;8;2024;sábado;11:00;0;1;3;11
2024-08-24;8;2024;sábado;12:00;1;0;3;12
2024-08-24;8;2024;sábado;13:00;0;0;3;13
2024-08-24;8;2024;sábado;14:00;1;0;3;14
2024-08-24;8;2024;sábado;15:00;0;0;3;15
2024-08-24;8;2024;sábado;16:00;0;0;3;16
2024-08-24;8;2024;sábado;17:00;1;0;3;17
2024-08-24;8;2024;sábado;18:00;0;0;3;18
2024-08-24;8;2024;sábado;19:00;0;0;3;19
2024-08-24;8;2024;sábado;20:00;1;0;3;20
2024-08-24;8;2024;sábado;21:00;0;0;3;21
2024-08-24;8;2024;sábado;22:00;0;1;3;22
2024-08-24;8;2024;sábado;23:00;0;0;3;23
2024-08-25;8;2024;domingo;00:00:00;0;0;3;0
2024-08-25;8;2024;domingo;01:00;1;0;3;1
2024-08-25;8;2024;domingo;02:00;0;0;3;2
2024-08-25;8;2024;domingo;03:00;0;0;3;3
2024-08-25;8;2024;domingo;04:00;0;0;3;4
2024-08-25;8;2024;domingo;05:00;1;0;3;5
2024-08-25;8;2024;domingo;06:00;0;0;3;6
2024-08-25;8;2024;domingo;07:00;0;0;3;7
2024-08-25;8;2024;domingo;08:00;0;0;3;8
2024-08-25;8;2024;domingo;09:00;0;0;3;9
2024-08-25;8;2024;domingo;10:00;1;0;3;10
2024-08-25;8;2024;domingo;11:00;0;0;3;11
2024-08-25;8;2024;domingo;12:00;1;1;3;12
2024-08-25;8;2024;domingo;13:00;3;0;3;13
2024-08-25;8;2024;domingo;14:00;0;0;3;14
2024-08-25;8;2024;domingo;15:00;1;1;3;15
2024-08-25;8;2024;domingo;16:00;0;0;3;16
2024-08-25;8;2024;domingo;17:00;1;0;3;17
2024-08-25;8;2024;domingo;18:00;0;0;3;18
2024-08-25;8;2024;domingo;19:00;0;0;3;19
2024-08-25;8;2024;domingo;20:00;1;0;3;20
2024-08-25;8;2024;domingo;21:00;1;0;3;21
2024-08-25;8;2024;domingo;22:00;0;0;3;22
2024-08-25;8;2024;domingo;23:00;0;0;3;23
2024-08-26;8;2024;lunes;00:00:00;1;0;3;0
2024-08-26;8;2024;lunes;01:00;0;0;3;1
2024-08-26;8;2024;lunes;02:00;0;1;3;2
2024-08-26;8;2024;lunes;03:00;0;0;3;3
2024-08-26;8;2024;lunes;04:00;1;0;3;4
2024-08-26;8;2024;lunes;05:00;0;0;3;5
2024-08-26;8;2024;lunes;06:00;0;0;3;6
2024-08-26;8;2024;lunes;07:00;1;0;3;7
2024-08-26;8;2024;lunes;08:00;0;0;2;8
2024-08-26;8;2024;lunes;09:00;1;0;2;9
2024-08-26;8;2024;lunes;10:00;0;0;1;10
2024-08-26;8;2024;lunes;11:00;2;1;1;11
2024-08-26;8;2024;lunes;12:00;1;0;1;12
2024-08-26;8;2024;lunes;13:00;0;0;1;13
2024-08-26;8;2024;lunes;14:00;0;0;2;14
2024-08-26;8;2024;lunes;15:00;1;1;2;15
2024-08-26;8;2024;lunes;16:00;0;0;2;16
2024-08-26;8;2024;lunes;17:00;1;0;2;17
2024-08-26;8;2024;lunes;18:00;0;0;1;18
2024-08-26;8;2024;lunes;19:00;0;1;1;19
2024-08-26;8;2024;lunes;20:00;1;0;1;20
2024-08-26;8;2024;lunes;21:00;0;0;1;21
2024-08-26;8;2024;lunes;22:00;1;0;2;22
2024-08-26;8;2024;lunes;23:00;0;0;2;23
2024-08-27;8;2024;martes;00:00:00;0;0;3;0
2024-08-27;8;2024;martes;01:00;1;0;3;1
2024-08-27;8;2024;martes;02:00;0;0;3;2
2024-08-27;8;2024;martes;03:00;0;0;3;3
2024-08-27;8;2024;martes;04:00;0;0;3;4
2024-08-27;8;2024;martes;05:00;1;0;3;5
2024-08-27;8;2024;martes;06:00;0;0;3;6
2024-08-27;8;2024;martes;07:00;0;0;3;7
2024-08-27;8;2024;martes;08:00;1;0;2;8
2024-08-27;8;2024;martes;09:00;0;1;2;9
2024-08-27;8;2024;martes;10:00;1;0;1;10
2024-08-27;8;2024;martes;11:00;0;0;1;11
2024-08-27;8;2024;martes;12:00;1;0;1;12
2024-08-27;8;2024;martes;13:00;1;0;1;13
2024-08-27;8;2024;martes;14:00;0;0;2;14
2024-08-27;8;2024;martes;15:00;1;0;2;15
2024-08-27;8;2024;martes;16:00;0;0;2;16
2024-08-27;8;2024;martes;17:00;1;0;2;17
2024-08-27;8;2024;martes;18:00;0;1;1;18
2024-08-27;8;2024;martes;19:00;1;0;1;19
2024-08-27;8;2024;martes;20:00;0;0;1;20
2024-08-27;8;2024;martes;21:00;1;0;1;21
2024-08-27;8;2024;martes;22:00;0;0;2;22
2024-08-27;8;2024;martes;23:00;0;0;2;23
2024-08-28;8;2024;miércoles;00:00:00;0;0;3;0
2024-08-28;8;2024;miércoles;01:00;0;0;3;1
2024-08-28;8;2024;miércoles;02:00;1;0;3;2
2024-08-28;8;2024;miércoles;03:00;0;0;3;3
2024-08-28;8;2024;miércoles;04:00;0;0;3;4
2024-08-28;8;2024;miércoles;05:00;0;0;3;5
2024-08-28;8;2024;miércoles;06:00;0;0;3;6
2024-08-28;8;2024;miércoles;07:00;1;0;3;7
2024-08-28;8;2024;miércoles;08:00;0;0;2;8
2024-08-28;8;2024;miércoles;09:00;0;0;2;9
2024-08-28;8;2024;miércoles;10:00;1;0;1;10
2024-08-28;8;2024;miércoles;11:00;0;0;1;11
2024-08-28;8;2024;miércoles;12:00;0;1;1;12
2024-08-28;8;2024;miércoles;13:00;1;0;1;13
2024-08-28;8;2024;miércoles;14:00;1;0;2;14
2024-08-28;8;2024;miércoles;15:00;0;0;2;15
2024-08-28;8;2024;miércoles;16:00;0;0;2;16
2024-08-28;8;2024;miércoles;17:00;1;1;2;17
2024-08-28;8;2024;miércoles;18:00;0;0;1;18
2024-08-28;8;2024;miércoles;19:00;0;0;1;19
2024-08-28;8;2024;miércoles;20:00;0;0;1;20
2024-08-28;8;2024;miércoles;21:00;0;0;1;21
2024-08-28;8;2024;miércoles;22:00;1;0;2;22
2024-08-28;8;2024;miércoles;23:00;0;0;2;23
2024-08-29;8;2024;jueves;00:00:00;0;0;3;0
2024-08-29;8;2024;jueves;01:00;0;0;3;1
2024-08-29;8;2024;jueves;02:00;1;0;3;2
2024-08-29;8;2024;jueves;03:00;0;0;3;3
2024-08-29;8;2024;jueves;04:00;0;0;3;4
2024-08-29;8;2024;jueves;05:00;0;0;3;5
2024-08-29;8;2024;jueves;06:00;0;0;3;6
2024-08-29;8;2024;jueves;07:00;1;0;3;7
2024-08-29;8;2024;jueves;08:00;0;0;2;8
2024-08-29;8;2024;jueves;09:00;1;1;2;9
2024-08-29;8;2024;jueves;10:00;0;0;1;10
2024-08-29;8;2024;jueves;11:00;0.494;0;1;11
2024-08-29;8;2024;jueves;12:00;0.506;0;1;12
2024-08-29;8;2024;jueves;13:00;0;0;1;13
2024-08-29;8;2024;jueves;14:00;1;0;2;14
2024-08-29;8;2024;jueves;15:00;0;0;2;15
2024-08-29;8;2024;jueves;16:00;0;0;2;16
2024-08-29;8;2024;jueves;17:00;1;0;2;17
2024-08-29;8;2024;jueves;18:00;0;0;1;18
2024-08-29;8;2024;jueves;19:00;0;0;1;19
2024-08-29;8;2024;jueves;20:00;0;1;1;20
2024-08-29;8;2024;jueves;21:00;1;0;1;21
2024-08-29;8;2024;jueves;22:00;0;0;2;22
2024-08-29;8;2024;jueves;23:00;0;0;2;23
2024-08-30;8;2024;viernes;00:00:00;0;0;3;0
2024-08-30;8;2024;viernes;01:00;0;0;3;1
2024-08-30;8;2024;viernes;02:00;1;0;3;2
2024-08-30;8;2024;viernes;03:00;0;0;3;3
2024-08-30;8;2024;viernes;04:00;0;0;3;4
2024-08-30;8;2024;viernes;05:00;0;0;3;5
2024-08-30;8;2024;viernes;06:00;0;0;3;6
2024-08-30;8;2024;viernes;07:00;0;0;3;7
2024-08-30;8;2024;viernes;08:00;1;1;2;8
2024-08-30;8;2024;viernes;09:00;1;0;2;9
2024-08-30;8;2024;viernes;10:00;0;1;1;10
2024-08-30;8;2024;viernes;11:00;1;0;1;11
2024-08-30;8;2024;viernes;12:00;1;0;1;12
2024-08-30;8;2024;viernes;13:00;1;0;1;13
2024-08-30;8;2024;viernes;14:00;0;0;2;14
2024-08-30;8;2024;viernes;15:00;0;0;2;15
2024-08-30;8;2024;viernes;16:00;0;0;2;16
2024-08-30;8;2024;viernes;17:00;0;0;2;17
2024-08-30;8;2024;viernes;18:00;1;0;1;18
2024-08-30;8;2024;viernes;19:00;0;0;1;19
2024-08-30;8;2024;viernes;20:00;0;1;1;20
2024-08-30;8;2024;viernes;21:00;0;0;1;21
2024-08-30;8;2024;viernes;22:00;1;0;2;22
2024-08-30;8;2024;viernes;23:00;0;0;2;23
2024-08-31;8;2024;sábado;00:00:00;0;0;3;0
2024-08-31;8;2024;sábado;01:00;0;0;3;1
2024-08-31;8;2024;sábado;02:00;0;0;3;2
2024-08-31;8;2024;sábado;03:00;0;0;3;3
2024-08-31;8;2024;sábado;04:00;0;0;3;4
2024-08-31;8;2024;sábado;05:00;1;0;3;5
2024-08-31;8;2024;sábado;06:00;0;0;3;6
2024-08-31;8;2024;sábado;07:00;0;0;3;7
2024-08-31;8;2024;sábado;08:00;0;0;3;8
2024-08-31;8;2024;sábado;09:00;1;0;3;9
2024-08-31;8;2024;sábado;10:00;0;0;3;10
2024-08-31;8;2024;sábado;11:00;0;0;3;11
2024-08-31;8;2024;sábado;12:00;1;1;3;12
2024-08-31;8;2024;sábado;13:00;1;0;3;13
2024-08-31;8;2024;sábado;14:00;0;0;3;14
2024-08-31;8;2024;sábado;15:00;0;0;3;15
2024-08-31;8;2024;sábado;16:00;0;0;3;16
2024-08-31;8;2024;sábado;17:00;1;0;3;17
2024-08-31;8;2024;sábado;18:00;1;0;3;18
2024-08-31;8;2024;sábado;19:00;0;0;3;19
2024-08-31;8;2024;sábado;20:00;0;0;3;20
2024-08-31;8;2024;sábado;21:00;0;0;3;21
2024-08-31;8;2024;sábado;22:00;1;0;3;22
2024-08-31;8;2024;sábado;23:00;0;0;3;23
2024-09-01;9;2024;domingo;00:00:00;0;0;3;0
2024-09-01;9;2024;domingo;01:00;0;0;3;1
2024-09-01;9;2024;domingo;02:00;0;0;3;2
2024-09-01;9;2024;domingo;03:00;0;0;3;3
2024-09-01;9;2024;domingo;04:00;1;0;3;4
2024-09-01;9;2024;domingo;05:00;0;0;3;5
2024-09-01;9;2024;domingo;06:00;0;0;3;6
2024-09-01;9;2024;domingo;07:00;0;1;3;7
2024-09-01;9;2024;domingo;08:00;0;0;3;8
2024-09-01;9;2024;domingo;09:00;1;0;3;9
2024-09-01;9;2024;domingo;10:00;0;0;3;10
2024-09-01;9;2024;domingo;11:00;0;0;3;11
2024-09-01;9;2024;domingo;12:00;0;0;3;12
2024-09-01;9;2024;domingo;13:00;1;0;3;13
2024-09-01;9;2024;domingo;14:00;1;0;3;14
2024-09-01;9;2024;domingo;15:00;1;0;3;15
2024-09-01;9;2024;domingo;16:00;0;0;3;16
2024-09-01;9;2024;domingo;17:00;1;1;3;17
2024-09-01;9;2024;domingo;18:00;1;0;3;18
2024-09-01;9;2024;domingo;19:00;0;0;3;19
2024-09-01;9;2024;domingo;20:00;1;0;3;20
2024-09-01;9;2024;domingo;21:00;0;0;3;21
2024-09-01;9;2024;domingo;22:00;0;0;3;22
2024-09-01;9;2024;domingo;23:00;0;0;3;23
2024-09-02;9;2024;lunes;00:00:00;1;0;3;0
2024-09-02;9;2024;lunes;01:00;0;0;3;1
2024-09-02;9;2024;lunes;02:00;0;0;3;2
2024-09-02;9;2024;lunes;03:00;0;0;3;3
2024-09-02;9;2024;lunes;04:00;0;0;3;4
2024-09-02;9;2024;lunes;05:00;1;0;3;5
2024-09-02;9;2024;lunes;06:00;0;0;3;6
2024-09-02;9;2024;lunes;07:00;0;0;3;7
2024-09-02;9;2024;lunes;08:00;1;0;2;8
2024-09-02;9;2024;lunes;09:00;0;1;2;9
2024-09-02;9;2024;lunes;10:00;0;0;1;10
2024-09-02;9;2024;lunes;11:00;1;0;1;11
2024-09-02;9;2024;lunes;12:00;0;0;1;12
2024-09-02;9;2024;lunes;13:00;1;0;1;13
2024-09-02;9;2024;lunes;14:00;0;0;2;14
2024-09-02;9;2024;lunes;15:00;1;1;2;15
2024-09-02;9;2024;lunes;16:00;0;0;2;16
2024-09-02;9;2024;lunes;17:00;0;0;2;17
2024-09-02;9;2024;lunes;18:00;0;0;1;18
2024-09-02;9;2024;lunes;19:00;1;0;1;19
2024-09-02;9;2024;lunes;20:00;0;0;1;20
2024-09-02;9;2024;lunes;21:00;1;0;1;21
2024-09-02;9;2024;lunes;22:00;0;0;2;22
2024-09-02;9;2024;lunes;23:00;0;0;2;23
2024-09-03;9;2024;martes;00:00:00;0;1;3;0
2024-09-03;9;2024;martes;01:00;1;0;3;1
2024-09-03;9;2024;martes;02:00;0;0;3;2
2024-09-03;9;2024;martes;03:00;0;0;3;3
2024-09-03;9;2024;martes;04:00;0;0;3;4
2024-09-03;9;2024;martes;05:00;0;0;3;5
2024-09-03;9;2024;martes;06:00;1;0;3;6
2024-09-03;9;2024;martes;07:00;0;0;3;7
2024-09-03;9;2024;martes;08:00;1;0;2;8
2024-09-03;9;2024;martes;09:00;0;0;2;9
2024-09-03;9;2024;martes;10:00;1;0;1;10
2024-09-03;9;2024;martes;11:00;0;0;1;11
2024-09-03;9;2024;martes;12:00;0;0;1;12
2024-09-03;9;2024;martes;13:00;0;0;1;13
2024-09-03;9;2024;martes;14:00;0;0;2;14
2024-09-03;9;2024;martes;15:00;1;0;2;15
2024-09-03;9;2024;martes;16:00;0;0;2;16
2024-09-03;9;2024;martes;17:00;0;0;2;17
2024-09-03;9;2024;martes;18:00;0;0;1;18
2024-09-03;9;2024;martes;19:00;1;1;1;19
2024-09-03;9;2024;martes;20:00;0;0;1;20
2024-09-03;9;2024;martes;21:00;0;0;1;21
2024-09-03;9;2024;martes;22:00;0;0;2;22
2024-09-03;9;2024;martes;23:00;1;0;2;23
2024-09-04;9;2024;miércoles;00:00:00;0;0;3;0
2024-09-04;9;2024;miércoles;01:00;0;0;3;1
2024-09-04;9;2024;miércoles;02:00;0;0;3;2
2024-09-04;9;2024;miércoles;03:00;0;0;3;3
2024-09-04;9;2024;miércoles;04:00;0;0;3;4
2024-09-04;9;2024;miércoles;05:00;0;0;3;5
2024-09-04;9;2024;miércoles;06:00;0;0;3;6
2024-09-04;9;2024;miércoles;07:00;0;0;3;7
2024-09-04;9;2024;miércoles;08:00;1;0;2;8
2024-09-04;9;2024;miércoles;09:00;1;0;2;9
2024-09-04;9;2024;miércoles;10:00;0;0;1;10
2024-09-04;9;2024;miércoles;11:00;0;0;1;11
2024-09-04;9;2024;miércoles;12:00;1;1;1;12
2024-09-04;9;2024;miércoles;13:00;1;0;1;13
2024-09-04;9;2024;miércoles;14:00;0;0;2;14
2024-09-04;9;2024;miércoles;15:00;1;1;2;15
2024-09-04;9;2024;miércoles;16:00;0;0;2;16
2024-09-04;9;2024;miércoles;17:00;1;0;2;17
2024-09-04;9;2024;miércoles;18:00;0;1;1;18
2024-09-04;9;2024;miércoles;19:00;0;0;1;19
2024-09-04;9;2024;miércoles;20:00;1;0;1;20
2024-09-04;9;2024;miércoles;21:00;0;0;1;21
2024-09-04;9;2024;miércoles;22:00;0;0;2;22
2024-09-04;9;2024;miércoles;23:00;1;0;2;23
2024-09-05;9;2024;jueves;00:00:00;0;0;3;0
2024-09-05;9;2024;jueves;01:00;0;0;3;1
2024-09-05;9;2024;jueves;02:00;0;1;3;2
2024-09-05;9;2024;jueves;03:00;0;0;3;3
2024-09-05;9;2024;jueves;04:00;1;0;3;4
2024-09-05;9;2024;jueves;05:00;0;0;3;5
2024-09-05;9;2024;jueves;06:00;0;0;3;6
2024-09-05;9;2024;jueves;07:00;0;0;3;7
2024-09-05;9;2024;jueves;08:00;1;0;2;8
2024-09-05;9;2024;jueves;09:00;1;1;2;9
2024-09-05;9;2024;jueves;10:00;0;0;1;10
2024-09-05;9;2024;jueves;11:00;1;0;1;11
2024-09-05;9;2024;jueves;12:00;0;0;1;12
2024-09-05;9;2024;jueves;13:00;1;0;1;13
2024-09-05;9;2024;jueves;14:00;0;1;2;14
2024-09-05;9;2024;jueves;15:00;0;0;2;15
2024-09-05;9;2024;jueves;16:00;0;0;2;16
2024-09-05;9;2024;jueves;17:00;1;0;2;17
2024-09-05;9;2024;jueves;18:00;0;0;1;18
2024-09-05;9;2024;jueves;19:00;0;0;1;19
2024-09-05;9;2024;jueves;20:00;0;0;1;20
2024-09-05;9;2024;jueves;21:00;0;0;1;21
2024-09-05;9;2024;jueves;22:00;1;0;2;22
2024-09-05;9;2024;jueves;23:00;0;1;2;23
2024-09-06;9;2024;viernes;00:00:00;0;0;3;0
2024-09-06;9;2024;viernes;01:00;0;0;3;1
2024-09-06;9;2024;viernes;02:00;0;0;3;2
2024-09-06;9;2024;viernes;03:00;1;0;3;3
2024-09-06;9;2024;viernes;04:00;0;0;3;4
2024-09-06;9;2024;viernes;05:00;0;0;3;5
2024-09-06;9;2024;viernes;06:00;0;0;3;6
2024-09-06;9;2024;viernes;07:00;0;1;3;7
2024-09-06;9;2024;viernes;08:00;1;0;2;8
2024-09-06;9;2024;viernes;09:00;0;0;2;9
2024-09-06;9;2024;viernes;10:00;1;0;1;10
2024-09-06;9;2024;viernes;11:00;0;0;1;11
2024-09-06;9;2024;viernes;12:00;0;0;1;12
2024-09-06;9;2024;viernes;13:00;1;1;1;13
2024-09-06;9;2024;viernes;14:00;0;0;2;14
2024-09-06;9;2024;viernes;15:00;1;1;2;15
2024-09-06;9;2024;viernes;16:00;0;0;2;16
2024-09-06;9;2024;viernes;17:00;0;0;2;17
2024-09-06;9;2024;viernes;18:00;1;0;1;18
2024-09-06;9;2024;viernes;19:00;0;0;1;19
2024-09-06;9;2024;viernes;20:00;0;1;1;20
2024-09-06;9;2024;viernes;21:00;1;0;1;21
2024-09-06;9;2024;viernes;22:00;0;0;2;22
2024-09-06;9;2024;viernes;23:00;0;0;2;23
2024-09-07;9;2024;sábado;00:00:00;0;0;3;0
2024-09-07;9;2024;sábado;01:00;0;0;3;1
2024-09-07;9;2024;sábado;02:00;1;0;3;2
2024-09-07;9;2024;sábado;03:00;0;0;3;3
2024-09-07;9;2024;sábado;04:00;0;1;3;4
2024-09-07;9;2024;sábado;05:00;0;0;3;5
2024-09-07;9;2024;sábado;06:00;0;0;3;6
2024-09-07;9;2024;sábado;07:00;0;0;3;7
2024-09-07;9;2024;sábado;08:00;1;0;3;8
2024-09-07;9;2024;sábado;09:00;0;0;3;9
2024-09-07;9;2024;sábado;10:00;0;0;3;10
2024-09-07;9;2024;sábado;11:00;0;0;3;11
2024-09-07;9;2024;sábado;12:00;0;0;3;12
2024-09-07;9;2024;sábado;13:00;1;1;3;13
2024-09-07;9;2024;sábado;14:00;0;0;3;14
2024-09-07;9;2024;sábado;15:00;0;0;3;15
2024-09-07;9;2024;sábado;16:00;1;0;3;16
2024-09-07;9;2024;sábado;17:00;0;0;3;17
2024-09-07;9;2024;sábado;18:00;0;0;3;18
2024-09-07;9;2024;sábado;19:00;0;0;3;19
2024-09-07;9;2024;sábado;20:00;1;0;3;20
2024-09-07;9;2024;sábado;21:00;0;0;3;21
2024-09-07;9;2024;sábado;22:00;0;0;3;22
2024-09-07;9;2024;sábado;23:00;0;1;3;23
2024-09-08;9;2024;domingo;00:00:00;1;0;3;0
2024-09-08;9;2024;domingo;01:00;0;0;3;1
2024-09-08;9;2024;domingo;02:00;0;0;3;2
2024-09-08;9;2024;domingo;03:00;0;0;3;3
2024-09-08;9;2024;domingo;04:00;0;0;3;4
2024-09-08;9;2024;domingo;05:00;0;0;3;5
2024-09-08;9;2024;domingo;06:00;0;0;3;6
2024-09-08;9;2024;domingo;07:00;1;1;3;7
2024-09-08;9;2024;domingo;08:00;0;0;3;8
2024-09-08;9;2024;domingo;09:00;0;0;3;9
2024-09-08;9;2024;domingo;10:00;0;0;3;10
2024-09-08;9;2024;domingo;11:00;0;0;3;11
2024-09-08;9;2024;domingo;12:00;1;0;3;12
2024-09-08;9;2024;domingo;13:00;0;0;3;13
2024-09-08;9;2024;domingo;14:00;0;0;3;14
2024-09-08;9;2024;domingo;15:00;1;1;3;15
2024-09-08;9;2024;domingo;16:00;0;0;3;16
2024-09-08;9;2024;domingo;17:00;0;0;3;17
2024-09-08;9;2024;domingo;18:00;0;0;3;18
2024-09-08;9;2024;domingo;19:00;1;0;3;19
2024-09-08;9;2024;domingo;20:00;0;0;3;20
2024-09-08;9;2024;domingo;21:00;0;0;3;21
2024-09-08;9;2024;domingo;22:00;0;0;3;22
2024-09-08;9;2024;domingo;23:00;0;0;3;23
2024-09-09;9;2024;lunes;00:00:00;0;0;3;0
2024-09-09;9;2024;lunes;01:00;1;0;3;1
2024-09-09;9;2024;lunes;02:00;0;1;3;2
2024-09-09;9;2024;lunes;03:00;0;0;3;3
2024-09-09;9;2024;lunes;04:00;0;0;3;4
2024-09-09;9;2024;lunes;05:00;0;0;3;5
2024-09-09;9;2024;lunes;06:00;0;0;3;6
2024-09-09;9;2024;lunes;07:00;1;0;3;7
2024-09-09;9;2024;lunes;08:00;0;0;2;8
2024-09-09;9;2024;lunes;09:00;1;1;2;9
2024-09-09;9;2024;lunes;10:00;1;0;1;10
2024-09-09;9;2024;lunes;11:00;0;0;1;11
2024-09-09;9;2024;lunes;12:00;1;0;1;12
2024-09-09;9;2024;lunes;13:00;0;0;1;13
2024-09-09;9;2024;lunes;14:00;0;1;2;14
2024-09-09;9;2024;lunes;15:00;1;0;2;15
2024-09-09;9;2024;lunes;16:00;0;0;2;16
2024-09-09;9;2024;lunes;17:00;0;0;2;17
2024-09-09;9;2024;lunes;18:00;0;0;1;18
2024-09-09;9;2024;lunes;19:00;0;0;1;19
2024-09-09;9;2024;lunes;20:00;1;0;1;20
2024-09-09;9;2024;lunes;21:00;0;0;1;21
2024-09-09;9;2024;lunes;22:00;0;0;2;22
2024-09-09;9;2024;lunes;23:00;0;0;2;23
2024-09-10;9;2024;martes;00:00:00;0;1;3;0
2024-09-10;9;2024;martes;01:00;0;0;3;1
2024-09-10;9;2024;martes;02:00;1;0;3;2
2024-09-10;9;2024;martes;03:00;0;0;3;3
2024-09-10;9;2024;martes;04:00;0;0;3;4
2024-09-10;9;2024;martes;05:00;0;0;3;5
2024-09-10;9;2024;martes;06:00;0;0;3;6
2024-09-10;9;2024;martes;07:00;0;0;3;7
2024-09-10;9;2024;martes;08:00;1;1;2;8
2024-09-10;9;2024;martes;09:00;0;0;2;9
2024-09-10;9;2024;martes;10:00;1;0;1;10
2024-09-10;9;2024;martes;11:00;0;0;1;11
2024-09-10;9;2024;martes;12:00;1;0;1;12
2024-09-10;9;2024;martes;13:00;0;1;1;13
2024-09-10;9;2024;martes;14:00;0;0;2;14
2024-09-10;9;2024;martes;15:00;1;0;2;15
2024-09-10;9;2024;martes;16:00;0;0;2;16
2024-09-10;9;2024;martes;17:00;0;0;2;17
2024-09-10;9;2024;martes;18:00;0;0;1;18
2024-09-10;9;2024;martes;19:00;0;0;1;19
2024-09-10;9;2024;martes;20:00;0;0;1;20
2024-09-10;9;2024;martes;21:00;0;0;1;21
2024-09-10;9;2024;martes;22:00;1;0;2;22
2024-09-10;9;2024;martes;23:00;0;0;2;23
2024-09-11;9;2024;miércoles;00:00:00;0;0;3;0
2024-09-11;9;2024;miércoles;01:00;0;1;3;1
2024-09-11;9;2024;miércoles;02:00;0;0;3;2
2024-09-11;9;2024;miércoles;03:00;0;0;3;3
2024-09-11;9;2024;miércoles;04:00;0;0;3;4
2024-09-11;9;2024;miércoles;05:00;1;0;3;5
2024-09-11;9;2024;miércoles;06:00;0;0;3;6
2024-09-11;9;2024;miércoles;07:00;0;0;3;7
2024-09-11;9;2024;miércoles;08:00;1;0;2;8
2024-09-11;9;2024;miércoles;09:00;0;1;2;9
2024-09-11;9;2024;miércoles;10:00;1;0;1;10
2024-09-11;9;2024;miércoles;11:00;1;0;1;11
2024-09-11;9;2024;miércoles;12:00;0;0;1;12
2024-09-11;9;2024;miércoles;13:00;1;0;1;13
2024-09-11;9;2024;miércoles;14:00;0;0;2;14
2024-09-11;9;2024;miércoles;15:00;0;0;2;15
2024-09-11;9;2024;miércoles;16:00;0;1;2;16
2024-09-11;9;2024;miércoles;17:00;1;0;2;17
2024-09-11;9;2024;miércoles;18:00;0;0;1;18
2024-09-11;9;2024;miércoles;19:00;0;0;1;19
2024-09-11;9;2024;miércoles;20:00;0;0;1;20
2024-09-11;9;2024;miércoles;21:00;0;0;1;21
2024-09-11;9;2024;miércoles;22:00;1;0;2;22
2024-09-11;9;2024;miércoles;23:00;0;0;2;23
2024-09-12;9;2024;jueves;00:00:00;0;0;3;0
2024-09-12;9;2024;jueves;01:00;0;1;3;1
2024-09-12;9;2024;jueves;02:00;0;0;3;2
2024-09-12;9;2024;jueves;03:00;0;0;3;3
2024-09-12;9;2024;jueves;04:00;1;0;3;4
2024-09-12;9;2024;jueves;05:00;0;0;3;5
2024-09-12;9;2024;jueves;06:00;0;0;3;6
2024-09-12;9;2024;jueves;07:00;0;0;3;7
2024-09-12;9;2024;jueves;08:00;1;0;2;8
2024-09-12;9;2024;jueves;09:00;0;1;2;9
2024-09-12;9;2024;jueves;10:00;1;0;1;10
2024-09-12;9;2024;jueves;11:00;1;0;1;11
2024-09-12;9;2024;jueves;12:00;0;0;1;12
2024-09-12;9;2024;jueves;13:00;1;0;1;13
2024-09-12;9;2024;jueves;14:00;0;1;2;14
2024-09-12;9;2024;jueves;15:00;1;0;2;15
2024-09-12;9;2024;jueves;16:00;0;0;2;16
2024-09-12;9;2024;jueves;17:00;0;0;2;17
2024-09-12;9;2024;jueves;18:00;1;1;1;18
2024-09-12;9;2024;jueves;19:00;0;0;1;19
2024-09-12;9;2024;jueves;20:00;0;0;1;20
2024-09-12;9;2024;jueves;21:00;1;0;1;21
2024-09-12;9;2024;jueves;22:00;0;0;2;22
2024-09-12;9;2024;jueves;23:00;0;0;2;23
2024-09-13;9;2024;viernes;00:00:00;0;0;3;0
2024-09-13;9;2024;viernes;01:00;0;0;3;1
2024-09-13;9;2024;viernes;02:00;1;1;3;2
2024-09-13;9;2024;viernes;03:00;0;0;3;3
2024-09-13;9;2024;viernes;04:00;0;0;3;4
2024-09-13;9;2024;viernes;05:00;0;0;3;5
2024-09-13;9;2024;viernes;06:00;0;0;3;6
2024-09-13;9;2024;viernes;07:00;0;0;3;7
2024-09-13;9;2024;viernes;08:00;1;0;2;8
2024-09-13;9;2024;viernes;09:00;1;0;2;9
2024-09-13;9;2024;viernes;10:00;0;0;1;10
2024-09-13;9;2024;viernes;11:00;0;1;1;11
2024-09-13;9;2024;viernes;12:00;0;0;1;12
2024-09-13;9;2024;viernes;13:00;0;0;1;13
2024-09-13;9;2024;viernes;14:00;1;0;2;14
2024-09-13;9;2024;viernes;15:00;0;0;2;15
2024-09-13;9;2024;viernes;16:00;0;0;2;16
2024-09-13;9;2024;viernes;17:00;0;0;2;17
2024-09-13;9;2024;viernes;18:00;0;0;1;18
2024-09-13;9;2024;viernes;19:00;1;0;1;19
2024-09-13;9;2024;viernes;20:00;0;0;1;20
2024-09-13;9;2024;viernes;21:00;0;0;1;21
2024-09-13;9;2024;viernes;22:00;0;1;2;22
2024-09-13;9;2024;viernes;23:00;0;0;2;23
2024-09-14;9;2024;sábado;00:00:00;0;0;3;0
2024-09-14;9;2024;sábado;01:00;1;0;3;1
2024-09-14;9;2024;sábado;02:00;0;0;3;2
2024-09-14;9;2024;sábado;03:00;0;0;3;3
2024-09-14;9;2024;sábado;04:00;0;0;3;4
2024-09-14;9;2024;sábado;05:00;0;0;3;5
2024-09-14;9;2024;sábado;06:00;0;0;3;6
2024-09-14;9;2024;sábado;07:00;0;0;3;7
2024-09-14;9;2024;sábado;08:00;1;1;3;8
2024-09-14;9;2024;sábado;09:00;0;0;3;9
2024-09-14;9;2024;sábado;10:00;1;0;3;10
2024-09-14;9;2024;sábado;11:00;0;0;3;11
2024-09-14;9;2024;sábado;12:00;0;0;3;12
2024-09-14;9;2024;sábado;13:00;1;1;3;13
2024-09-14;9;2024;sábado;14:00;0;0;3;14
2024-09-14;9;2024;sábado;15:00;0;0;3;15
2024-09-14;9;2024;sábado;16:00;1;0;3;16
2024-09-14;9;2024;sábado;17:00;0;0;3;17
2024-09-14;9;2024;sábado;18:00;0;0;3;18
2024-09-14;9;2024;sábado;19:00;0;0;3;19
2024-09-14;9;2024;sábado;20:00;0;0;3;20
2024-09-14;9;2024;sábado;21:00;1;1;3;21
2024-09-14;9;2024;sábado;22:00;0;0;3;22
2024-09-14;9;2024;sábado;23:00;0;0;3;23
2024-09-15;9;2024;domingo;00:00:00;0;0;3;0
2024-09-15;9;2024;domingo;01:00;0;0;3;1
2024-09-15;9;2024;domingo;02:00;0;0;3;2
2024-09-15;9;2024;domingo;03:00;1;0;3;3
2024-09-15;9;2024;domingo;04:00;0;0;3;4
2024-09-15;9;2024;domingo;05:00;0;0;3;5
2024-09-15;9;2024;domingo;06:00;0;1;3;6
2024-09-15;9;2024;domingo;07:00;0;0;3;7
2024-09-15;9;2024;domingo;08:00;1;0;3;8
2024-09-15;9;2024;domingo;09:00;0;0;3;9
2024-09-15;9;2024;domingo;10:00;2;1;3;10
2024-09-15;9;2024;domingo;11:00;0;0;3;11
2024-09-15;9;2024;domingo;12:00;0;0;3;12
2024-09-15;9;2024;domingo;13:00;1;0;3;13
2024-09-15;9;2024;domingo;14:00;0;1;3;14
2024-09-15;9;2024;domingo;15:00;0;0;3;15
2024-09-15;9;2024;domingo;16:00;0;0;3;16
2024-09-15;9;2024;domingo;17:00;0;0;3;17
2024-09-15;9;2024;domingo;18:00;1;0;3;18
2024-09-15;9;2024;domingo;19:00;0;0;3;19
2024-09-15;9;2024;domingo;20:00;0;0;3;20
2024-09-15;9;2024;domingo;21:00;0;0;3;21
2024-09-15;9;2024;domingo;22:00;1;0;3;22
2024-09-15;9;2024;domingo;23:00;0;0;3;23
2024-09-16;9;2024;lunes;00:00:00;0;0;3;0
2024-09-16;9;2024;lunes;01:00;0;1;3;1
2024-09-16;9;2024;lunes;02:00;0;0;3;2
2024-09-16;9;2024;lunes;03:00;0;0;3;3
2024-09-16;9;2024;lunes;04:00;1;0;3;4
2024-09-16;9;2024;lunes;05:00;0;0;3;5
2024-09-16;9;2024;lunes;06:00;0;0;3;6
2024-09-16;9;2024;lunes;07:00;0;0;3;7
2024-09-16;9;2024;lunes;08:00;1;1;2;8
2024-09-16;9;2024;lunes;09:00;1;0;2;9
2024-09-16;9;2024;lunes;10:00;0;0;1;10
2024-09-16;9;2024;lunes;11:00;0;0;1;11
2024-09-16;9;2024;lunes;12:00;0;0;1;12
2024-09-16;9;2024;lunes;13:00;1;0;1;13
2024-09-16;9;2024;lunes;14:00;0;1;2;14
2024-09-16;9;2024;lunes;15:00;0;0;2;15
2024-09-16;9;2024;lunes;16:00;1;0;2;16
2024-09-16;9;2024;lunes;17:00;0;0;2;17
2024-09-16;9;2024;lunes;18:00;0;0;1;18
2024-09-16;9;2024;lunes;19:00;0;0;1;19
2024-09-16;9;2024;lunes;20:00;0;0;1;20
2024-09-16;9;2024;lunes;21:00;1;0;1;21
2024-09-16;9;2024;lunes;22:00;0;0;2;22
2024-09-16;9;2024;lunes;23:00;0;1;2;23
2024-09-17;9;2024;martes;00:00:00;0;0;3;0
2024-09-17;9;2024;martes;01:00;1;0;3;1
2024-09-17;9;2024;martes;02:00;0;0;3;2
2024-09-17;9;2024;martes;03:00;0;0;3;3
2024-09-17;9;2024;martes;04:00;0;0;3;4
2024-09-17;9;2024;martes;05:00;0;0;3;5
2024-09-17;9;2024;martes;06:00;0;0;3;6
2024-09-17;9;2024;martes;07:00;1;0;3;7
2024-09-17;9;2024;martes;08:00;0;1;2;8
2024-09-17;9;2024;martes;09:00;0.489;0;2;9
2024-09-17;9;2024;martes;10:00;0.511;0;1;10
2024-09-17;9;2024;martes;11:00;1;0;1;11
2024-09-17;9;2024;martes;12:00;1;0;1;12
2024-09-17;9;2024;martes;13:00;0;1;1;13
2024-09-17;9;2024;martes;14:00;1;0;2;14
2024-09-17;9;2024;martes;15:00;0;1;2;15
2024-09-17;9;2024;martes;16:00;0;0;2;16
2024-09-17;9;2024;martes;17:00;1;0;2;17
2024-09-17;9;2024;martes;18:00;0;0;1;18
2024-09-17;9;2024;martes;19:00;0;1;1;19
2024-09-17;9;2024;martes;20:00;0;0;1;20
2024-09-17;9;2024;martes;21:00;1;0;1;21
2024-09-17;9;2024;martes;22:00;0;0;2;22
2024-09-17;9;2024;martes;23:00;0;0;2;23
2024-09-18;9;2024;miércoles;00:00:00;0;0;3;0
2024-09-18;9;2024;miércoles;01:00;0;0;3;1
2024-09-18;9;2024;miércoles;02:00;1;0;3;2
2024-09-18;9;2024;miércoles;03:00;0;0;3;3
2024-09-18;9;2024;miércoles;04:00;0;1;3;4
2024-09-18;9;2024;miércoles;05:00;0;0;3;5
2024-09-18;9;2024;miércoles;06:00;0;0;3;6
2024-09-18;9;2024;miércoles;07:00;0;0;3;7
2024-09-18;9;2024;miércoles;08:00;2;0;2;8
2024-09-18;9;2024;miércoles;09:00;0;0;2;9
2024-09-18;9;2024;miércoles;10:00;1;0;1;10
2024-09-18;9;2024;miércoles;11:00;0;0;1;11
2024-09-18;9;2024;miércoles;12:00;0;1;1;12
2024-09-18;9;2024;miércoles;13:00;0;0;1;13
2024-09-18;9;2024;miércoles;14:00;1;0;2;14
2024-09-18;9;2024;miércoles;15:00;0;0;2;15
2024-09-18;9;2024;miércoles;16:00;0;0;2;16
2024-09-18;9;2024;miércoles;17:00;0;0;2;17
2024-09-18;9;2024;miércoles;18:00;0;0;1;18
2024-09-18;9;2024;miércoles;19:00;1;0;1;19
2024-09-18;9;2024;miércoles;20:00;1;0;1;20
2024-09-18;9;2024;miércoles;21:00;0;1;1;21
2024-09-18;9;2024;miércoles;22:00;0;0;2;22
2024-09-18;9;2024;miércoles;23:00;0;0;2;23
2024-09-19;9;2024;jueves;00:00:00;0;0;3;0
2024-09-19;9;2024;jueves;01:00;1;0;3;1
2024-09-19;9;2024;jueves;02:00;0;0;3;2
2024-09-19;9;2024;jueves;03:00;0;0;3;3
2024-09-19;9;2024;jueves;04:00;0;0;3;4
2024-09-19;9;2024;jueves;05:00;0;0;3;5
2024-09-19;9;2024;jueves;06:00;0;1;3;6
2024-09-19;9;2024;jueves;07:00;0;0;3;7
2024-09-19;9;2024;jueves;08:00;1;0;2;8
2024-09-19;9;2024;jueves;09:00;1;0;2;9
2024-09-19;9;2024;jueves;10:00;1;0;1;10
2024-09-19;9;2024;jueves;11:00;1;1;1;11
2024-09-19;9;2024;jueves;12:00;1;0;1;12
2024-09-19;9;2024;jueves;13:00;0;0;1;13
2024-09-19;9;2024;jueves;14:00;0;0;2;14
2024-09-19;9;2024;jueves;15:00;1;1;2;15
2024-09-19;9;2024;jueves;16:00;0;0;2;16
2024-09-19;9;2024;jueves;17:00;1;0;2;17
2024-09-19;9;2024;jueves;18:00;0;1;1;18
2024-09-19;9;2024;jueves;19:00;0;0;1;19
2024-09-19;9;2024;jueves;20:00;0;0;1;20
2024-09-19;9;2024;jueves;21:00;1;0;1;21
2024-09-19;9;2024;jueves;22:00;0;0;2;22
2024-09-19;9;2024;jueves;23:00;0;0;2;23
2024-09-20;9;2024;viernes;00:00:00;0;0;3;0
2024-09-20;9;2024;viernes;01:00;0;0;3;1
2024-09-20;9;2024;viernes;02:00;1;1;3;2
2024-09-20;9;2024;viernes;03:00;0;0;3;3
2024-09-20;9;2024;viernes;04:00;0;0;3;4
2024-09-20;9;2024;viernes;05:00;0;0;3;5
2024-09-20;9;2024;viernes;06:00;0;0;3;6
2024-09-20;9;2024;viernes;07:00;0;0;3;7
2024-09-20;9;2024;viernes;08:00;1;0;2;8
2024-09-20;9;2024;viernes;09:00;1;1;2;9
2024-09-20;9;2024;viernes;10:00;1;0;1;10
2024-09-20;9;2024;viernes;11:00;0;0;1;11
2024-09-20;9;2024;viernes;12:00;1;0;1;12
2024-09-20;9;2024;viernes;13:00;0;0;1;13
2024-09-20;9;2024;viernes;14:00;0;0;2;14
2024-09-20;9;2024;viernes;15:00;0;0;2;15
2024-09-20;9;2024;viernes;16:00;0;0;2;16
2024-09-20;9;2024;viernes;17:00;0;0;2;17
2024-09-20;9;2024;viernes;18:00;0;1;1;18
2024-09-20;9;2024;viernes;19:00;1;0;1;19
2024-09-20;9;2024;viernes;20:00;0;0;1;20
2024-09-20;9;2024;viernes;21:00;0;0;1;21
2024-09-20;9;2024;viernes;22:00;0;0;2;22
2024-09-20;9;2024;viernes;23:00;0;0;2;23
2024-09-21;9;2024;sábado;00:00:00;1;0;3;0
2024-09-21;9;2024;sábado;01:00;0;0;3;1
2024-09-21;9;2024;sábado;02:00;0;0;3;2
2024-09-21;9;2024;sábado;03:00;0;0;3;3
2024-09-21;9;2024;sábado;04:00;0;1;3;4
2024-09-21;9;2024;sábado;05:00;0;0;3;5
2024-09-21;9;2024;sábado;06:00;1;0;3;6
2024-09-21;9;2024;sábado;07:00;0;0;3;7
2024-09-21;9;2024;sábado;08:00;0;0;3;8
2024-09-21;9;2024;sábado;09:00;1;0;3;9
2024-09-21;9;2024;sábado;10:00;0;1;3;10
2024-09-21;9;2024;sábado;11:00;0;0;3;11
2024-09-21;9;2024;sábado;12:00;1;0;3;12
2024-09-21;9;2024;sábado;13:00;1;0;3;13
2024-09-21;9;2024;sábado;14:00;1;0;3;14
2024-09-21;9;2024;sábado;15:00;0;1;3;15
2024-09-21;9;2024;sábado;16:00;0;0;3;16
2024-09-21;9;2024;sábado;17:00;0;0;3;17
2024-09-21;9;2024;sábado;18:00;1;0;3;18
2024-09-21;9;2024;sábado;19:00;0;0;3;19
2024-09-21;9;2024;sábado;20:00;0;0;3;20
2024-09-21;9;2024;sábado;21:00;0;0;3;21
2024-09-21;9;2024;sábado;22:00;0;0;3;22
2024-09-21;9;2024;sábado;23:00;1;0;3;23
2024-09-22;9;2024;domingo;00:00:00;0;0;3;0
2024-09-22;9;2024;domingo;01:00;0;1;3;1
2024-09-22;9;2024;domingo;02:00;0;0;3;2
2024-09-22;9;2024;domingo;03:00;0;0;3;3
2024-09-22;9;2024;domingo;04:00;0;0;3;4
2024-09-22;9;2024;domingo;05:00;0;0;3;5
2024-09-22;9;2024;domingo;06:00;1;0;3;6
2024-09-22;9;2024;domingo;07:00;0;0;3;7
2024-09-22;9;2024;domingo;08:00;1;0;3;8
2024-09-22;9;2024;domingo;09:00;0;1;3;9
2024-09-22;9;2024;domingo;10:00;0;0;3;10
2024-09-22;9;2024;domingo;11:00;1;1;3;11
2024-09-22;9;2024;domingo;12:00;1;0;3;12
2024-09-22;9;2024;domingo;13:00;1;0;3;13
2024-09-22;9;2024;domingo;14:00;0;0;3;14
2024-09-22;9;2024;domingo;15:00;0;0;3;15
2024-09-22;9;2024;domingo;16:00;0;1;3;16
2024-09-22;9;2024;domingo;17:00;0;0;3;17
2024-09-22;9;2024;domingo;18:00;1;0;3;18
2024-09-22;9;2024;domingo;19:00;0;0;3;19
2024-09-22;9;2024;domingo;20:00;0;0;3;20
2024-09-22;9;2024;domingo;21:00;0;0;3;21
2024-09-22;9;2024;domingo;22:00;0;0;3;22
2024-09-22;9;2024;domingo;23:00;1;0;3;23
2024-09-23;9;2024;lunes;00:00:00;0;0;3;0
2024-09-23;9;2024;lunes;01:00;0;0;3;1
2024-09-23;9;2024;lunes;02:00;0;0;3;2
2024-09-23;9;2024;lunes;03:00;0;1;3;3
2024-09-23;9;2024;lunes;04:00;0;0;3;4
2024-09-23;9;2024;lunes;05:00;0;0;3;5
2024-09-23;9;2024;lunes;06:00;1;0;3;6
2024-09-23;9;2024;lunes;07:00;0;0;3;7
2024-09-23;9;2024;lunes;08:00;0;0;2;8
2024-09-23;9;2024;lunes;09:00;1;0;2;9
2024-09-23;9;2024;lunes;10:00;1;1;1;10
2024-09-23;9;2024;lunes;11:00;0;0;1;11
2024-09-23;9;2024;lunes;12:00;0;0;1;12
2024-09-23;9;2024;lunes;13:00;1;0;1;13
2024-09-23;9;2024;lunes;14:00;0;0;2;14
2024-09-23;9;2024;lunes;15:00;0;0;2;15
2024-09-23;9;2024;lunes;16:00;1;0;2;16
2024-09-23;9;2024;lunes;17:00;0;1;2;17
2024-09-23;9;2024;lunes;18:00;0;0;1;18
2024-09-23;9;2024;lunes;19:00;1;2;1;19
2024-09-23;9;2024;lunes;20:00;1;1;1;20
2024-09-23;9;2024;lunes;21:00;0;0;1;21
2024-09-23;9;2024;lunes;22:00;0;0;2;22
2024-09-23;9;2024;lunes;23:00;0;0;2;23
2024-09-24;9;2024;martes;00:00:00;0;0;3;0
2024-09-24;9;2024;martes;01:00;0;0;3;1
2024-09-24;9;2024;martes;02:00;0;0;3;2
2024-09-24;9;2024;martes;03:00;1;0;3;3
2024-09-24;9;2024;martes;04:00;0;0;3;4
2024-09-24;9;2024;martes;05:00;0;0;3;5
2024-09-24;9;2024;martes;06:00;0;1;3;6
2024-09-24;9;2024;martes;07:00;0;0;3;7
2024-09-24;9;2024;martes;08:00;1;0;2;8
2024-09-24;9;2024;martes;09:00;2;1;2;9
2024-09-24;9;2024;martes;10:00;0;0;1;10
2024-09-24;9;2024;martes;11:00;0;0;1;11
2024-09-24;9;2024;martes;12:00;0;0;1;12
2024-09-24;9;2024;martes;13:00;1;0;1;13
2024-09-24;9;2024;martes;14:00;0;0;2;14
2024-09-24;9;2024;martes;15:00;0;0;2;15
2024-09-24;9;2024;martes;16:00;1;1;2;16
2024-09-24;9;2024;martes;17:00;0;0;2;17
2024-09-24;9;2024;martes;18:00;0;0;1;18
2024-09-24;9;2024;martes;19:00;0;0;1;19
2024-09-24;9;2024;martes;20:00;0;0;1;20
2024-09-24;9;2024;martes;21:00;1;0;1;21
2024-09-24;9;2024;martes;22:00;0;0;2;22
2024-09-24;9;2024;martes;23:00;0;0;2;23
2024-09-25;9;2024;miércoles;00:00:00;0;0;3;0
2024-09-25;9;2024;miércoles;01:00;0;0;3;1
2024-09-25;9;2024;miércoles;02:00;0;0;3;2
2024-09-25;9;2024;miércoles;03:00;0;1;3;3
2024-09-25;9;2024;miércoles;04:00;1;0;3;4
2024-09-25;9;2024;miércoles;05:00;0;0;3;5
2024-09-25;9;2024;miércoles;06:00;0;0;3;6
2024-09-25;9;2024;miércoles;07:00;0;0;3;7
2024-09-25;9;2024;miércoles;08:00;1;0;2;8
2024-09-25;9;2024;miércoles;09:00;1;0;2;9
2024-09-25;9;2024;miércoles;10:00;1;1;1;10
2024-09-25;9;2024;miércoles;11:00;0;0;1;11
2024-09-25;9;2024;miércoles;12:00;0;0;1;12
2024-09-25;9;2024;miércoles;13:00;1;0;1;13
2024-09-25;9;2024;miércoles;14:00;1;0;2;14
2024-09-25;9;2024;miércoles;15:00;0;0;2;15
2024-09-25;9;2024;miércoles;16:00;0;0;2;16
2024-09-25;9;2024;miércoles;17:00;0;0;2;17
2024-09-25;9;2024;miércoles;18:00;0;0;1;18
2024-09-25;9;2024;miércoles;19:00;1;0;1;19
2024-09-25;9;2024;miércoles;20:00;0;1;1;20
2024-09-25;9;2024;miércoles;21:00;0;0;1;21
2024-09-25;9;2024;miércoles;22:00;0;0;2;22
2024-09-25;9;2024;miércoles;23:00;1;0;2;23
2024-09-26;9;2024;jueves;00:00:00;0;0;3;0
2024-09-26;9;2024;jueves;01:00;0;0;3;1
2024-09-26;9;2024;jueves;02:00;0;0;3;2
2024-09-26;9;2024;jueves;03:00;0;0;3;3
2024-09-26;9;2024;jueves;04:00;0;0;3;4
2024-09-26;9;2024;jueves;05:00;1;0;3;5
2024-09-26;9;2024;jueves;06:00;0;1;3;6
2024-09-26;9;2024;jueves;07:00;0;0;3;7
2024-09-26;9;2024;jueves;08:00;0;0;2;8
2024-09-26;9;2024;jueves;09:00;1;0;2;9
2024-09-26;9;2024;jueves;10:00;0;0;1;10
2024-09-26;9;2024;jueves;11:00;1;1;1;11
2024-09-26;9;2024;jueves;12:00;2;0;1;12
2024-09-26;9;2024;jueves;13:00;0;0;1;13
2024-09-26;9;2024;jueves;14:00;2;0;2;14
2024-09-26;9;2024;jueves;15:00;0;0;2;15
2024-09-26;9;2024;jueves;16:00;0;0;2;16
2024-09-26;9;2024;jueves;17:00;1;0;2;17
2024-09-26;9;2024;jueves;18:00;0;1;1;18
2024-09-26;9;2024;jueves;19:00;0;0;1;19
2024-09-26;9;2024;jueves;20:00;0;0;1;20
2024-09-26;9;2024;jueves;21:00;1;0;1;21
2024-09-26;9;2024;jueves;22:00;0;0;2;22
2024-09-26;9;2024;jueves;23:00;0;0;2;23
2024-09-27;9;2024;viernes;00:00:00;0;0;3;0
2024-09-27;9;2024;viernes;01:00;0;0;3;1
2024-09-27;9;2024;viernes;02:00;0;0;3;2
2024-09-27;9;2024;viernes;03:00;0.5;0.5;3;3
2024-09-27;9;2024;viernes;04:00;0.5;0.5;3;4
2024-09-27;9;2024;viernes;05:00;0;0;3;5
2024-09-27;9;2024;viernes;06:00;0;0;3;6
2024-09-27;9;2024;viernes;07:00;0;0;3;7
2024-09-27;9;2024;viernes;08:00;1;0;2;8
2024-09-27;9;2024;viernes;09:00;0;0;2;9
2024-09-27;9;2024;viernes;10:00;1;0;1;10
2024-09-27;9;2024;viernes;11:00;0;1;1;11
2024-09-27;9;2024;viernes;12:00;0;0;1;12
2024-09-27;9;2024;viernes;13:00;1;0;1;13
2024-09-27;9;2024;viernes;14:00;0;0;2;14
2024-09-27;9;2024;viernes;15:00;0;0;2;15
2024-09-27;9;2024;viernes;16:00;0;0;2;16
2024-09-27;9;2024;viernes;17:00;1;0;2;17
2024-09-27;9;2024;viernes;18:00;0;0;1;18
2024-09-27;9;2024;viernes;19:00;0;1;1;19
2024-09-27;9;2024;viernes;20:00;2;0;1;20
2024-09-27;9;2024;viernes;21:00;0;0;1;21
2024-09-27;9;2024;viernes;22:00;0;0;2;22
2024-09-27;9;2024;viernes;23:00;0;0;2;23
2024-09-28;9;2024;sábado;00:00:00;0;0;3;0
2024-09-28;9;2024;sábado;01:00;0;0;3;1
2024-09-28;9;2024;sábado;02:00;0;0;3;2
2024-09-28;9;2024;sábado;03:00;1;0;3;3
2024-09-28;9;2024;sábado;04:00;0;0;3;4
2024-09-28;9;2024;sábado;05:00;0;1;3;5
2024-09-28;9;2024;sábado;06:00;0;0;3;6
2024-09-28;9;2024;sábado;07:00;0;0;3;7
2024-09-28;9;2024;sábado;08:00;1;0;3;8
2024-09-28;9;2024;sábado;09:00;1;0;3;9
2024-09-28;9;2024;sábado;10:00;0;0;3;10
2024-09-28;9;2024;sábado;11:00;1;1;3;11
2024-09-28;9;2024;sábado;12:00;1;0;3;12
2024-09-28;9;2024;sábado;13:00;0;0;3;13
2024-09-28;9;2024;sábado;14:00;2;0;3;14
2024-09-28;9;2024;sábado;15:00;0;1;3;15
2024-09-28;9;2024;sábado;16:00;0;0;3;16
2024-09-28;9;2024;sábado;17:00;0;0;3;17
2024-09-28;9;2024;sábado;18:00;1;0;3;18
2024-09-28;9;2024;sábado;19:00;0;0;3;19
2024-09-28;9;2024;sábado;20:00;0;0;3;20
2024-09-28;9;2024;sábado;21:00;0;0;3;21
2024-09-28;9;2024;sábado;22:00;0;1;3;22
2024-09-28;9;2024;sábado;23:00;0;0;3;23
2024-09-29;9;2024;domingo;00:00:00;0;0;3;0
2024-09-29;9;2024;domingo;01:00;1;0;3;1
2024-09-29;9;2024;domingo;02:00;0;0;3;2
2024-09-29;9;2024;domingo;03:00;0;0;3;3
2024-09-29;9;2024;domingo;04:00;0;0;3;4
2024-09-29;9;2024;domingo;05:00;0;0;3;5
2024-09-29;9;2024;domingo;06:00;0;0;3;6
2024-09-29;9;2024;domingo;07:00;1;0;3;7
2024-09-29;9;2024;domingo;08:00;0;1;3;8
2024-09-29;9;2024;domingo;09:00;1;0;3;9
2024-09-29;9;2024;domingo;10:00;0;0;3;10
2024-09-29;9;2024;domingo;11:00;1;0;3;11
2024-09-29;9;2024;domingo;12:00;0;0;3;12
2024-09-29;9;2024;domingo;13:00;1;1;3;13
2024-09-29;9;2024;domingo;14:00;0;0;3;14
2024-09-29;9;2024;domingo;15:00;0;0;3;15
2024-09-29;9;2024;domingo;16:00;0;0;3;16
2024-09-29;9;2024;domingo;17:00;1;0;3;17
2024-09-29;9;2024;domingo;18:00;0;0;3;18
2024-09-29;9;2024;domingo;19:00;0;0;3;19
2024-09-29;9;2024;domingo;20:00;0;0;3;20
2024-09-29;9;2024;domingo;21:00;0;0;3;21
2024-09-29;9;2024;domingo;22:00;1;0;3;22
2024-09-29;9;2024;domingo;23:00;0;1;3;23
2024-09-30;9;2024;lunes;00:00:00;0;0;3;0
2024-09-30;9;2024;lunes;01:00;0;0;3;1
2024-09-30;9;2024;lunes;02:00;0;0;3;2
2024-09-30;9;2024;lunes;03:00;1;0;3;3
2024-09-30;9;2024;lunes;04:00;0;0;3;4
2024-09-30;9;2024;lunes;05:00;0;0;3;5
2024-09-30;9;2024;lunes;06:00;0;0;3;6
2024-09-30;9;2024;lunes;07:00;0;0;3;7
2024-09-30;9;2024;lunes;08:00;1;1;2;8
2024-09-30;9;2024;lunes;09:00;0;0;2;9
2024-09-30;9;2024;lunes;10:00;0;0;1;10
2024-09-30;9;2024;lunes;11:00;1;0;1;11
2024-09-30;9;2024;lunes;12:00;0;0;1;12
2024-09-30;9;2024;lunes;13:00;1;0;1;13
2024-09-30;9;2024;lunes;14:00;1;1;2;14
2024-09-30;9;2024;lunes;15:00;0;0;2;15
2024-09-30;9;2024;lunes;16:00;0;0;2;16
2024-09-30;9;2024;lunes;17:00;0;0;2;17
2024-09-30;9;2024;lunes;18:00;0;0;1;18
2024-09-30;9;2024;lunes;19:00;1;0;1;19
2024-09-30;9;2024;lunes;20:00;0;0;1;20
2024-09-30;9;2024;lunes;21:00;1;0;1;21
2024-09-30;9;2024;lunes;22:00;0;0;2;22
2024-09-30;9;2024;lunes;23:00;0;0;2;23
2024-10-01;10;2024;martes;00:00:00;0;1;3;0
2024-10-01;10;2024;martes;01:00;0;0;3;1
2024-10-01;10;2024;martes;02:00;0;0;3;2
2024-10-01;10;2024;martes;03:00;0;0;3;3
2024-10-01;10;2024;martes;04:00;1;0;3;4
2024-10-01;10;2024;martes;05:00;0;0;3;5
2024-10-01;10;2024;martes;06:00;0;0;3;6
2024-10-01;10;2024;martes;07:00;0;0;3;7
2024-10-01;10;2024;martes;08:00;1;1;2;8
2024-10-01;10;2024;martes;09:00;0;0;2;9
2024-10-01;10;2024;martes;10:00;2;0;1;10
2024-10-01;10;2024;martes;11:00;1;1;1;11
2024-10-01;10;2024;martes;12:00;1;0;1;12
2024-10-01;10;2024;martes;13:00;1;0;1;13
2024-10-01;10;2024;martes;14:00;1;1;2;14
2024-10-01;10;2024;martes;15:00;0;0;2;15
2024-10-01;10;2024;martes;16:00;1;0;2;16
2024-10-01;10;2024;martes;17:00;0;0;2;17
2024-10-01;10;2024;martes;18:00;0;0;1;18
2024-10-01;10;2024;martes;19:00;0;0;1;19
2024-10-01;10;2024;martes;20:00;0;0;1;20
2024-10-01;10;2024;martes;21:00;1;0;1;21
2024-10-01;10;2024;martes;22:00;0;0;2;22
2024-10-01;10;2024;martes;23:00;0;0;2;23
2024-10-02;10;2024;miércoles;00:00:00;0;0;3;0
2024-10-02;10;2024;miércoles;01:00;0;1;3;1
2024-10-02;10;2024;miércoles;02:00;0;0;3;2
2024-10-02;10;2024;miércoles;03:00;0;0;3;3
2024-10-02;10;2024;miércoles;04:00;1;0;3;4
2024-10-02;10;2024;miércoles;05:00;0;0;3;5
2024-10-02;10;2024;miércoles;06:00;0;0;3;6
2024-10-02;10;2024;miércoles;07:00;0;0;3;7
2024-10-02;10;2024;miércoles;08:00;2;0;2;8
2024-10-02;10;2024;miércoles;09:00;0;1;2;9
2024-10-02;10;2024;miércoles;10:00;1;0;1;10
2024-10-02;10;2024;miércoles;11:00;0;0;1;11
2024-10-02;10;2024;miércoles;12:00;0;0;1;12
2024-10-02;10;2024;miércoles;13:00;1;0;1;13
2024-10-02;10;2024;miércoles;14:00;0;0;2;14
2024-10-02;10;2024;miércoles;15:00;1;0;2;15
2024-10-02;10;2024;miércoles;16:00;0;0;2;16
2024-10-02;10;2024;miércoles;17:00;0;1;2;17
2024-10-02;10;2024;miércoles;18:00;0;0;1;18
2024-10-02;10;2024;miércoles;19:00;0;0;1;19
2024-10-02;10;2024;miércoles;20:00;1;0;1;20
2024-10-02;10;2024;miércoles;21:00;0;1;1;21
2024-10-02;10;2024;miércoles;22:00;0;0;2;22
2024-10-02;10;2024;miércoles;23:00;0;0;2;23
2024-10-03;10;2024;jueves;00:00:00;1;0;3;0
2024-10-03;10;2024;jueves;01:00;0;0;3;1
2024-10-03;10;2024;jueves;02:00;0;0;3;2
2024-10-03;10;2024;jueves;03:00;0;0;3;3
2024-10-03;10;2024;jueves;04:00;0;0;3;4
2024-10-03;10;2024;jueves;05:00;0;1;3;5
2024-10-03;10;2024;jueves;06:00;1;0;3;6
2024-10-03;10;2024;jueves;07:00;0;0;3;7
2024-10-03;10;2024;jueves;08:00;0;0;2;8
2024-10-03;10;2024;jueves;09:00;1;0;2;9
2024-10-03;10;2024;jueves;10:00;1;0;1;10
2024-10-03;10;2024;jueves;11:00;0;1;1;11
2024-10-03;10;2024;jueves;12:00;1;0;1;12
2024-10-03;10;2024;jueves;13:00;1;0;1;13
2024-10-03;10;2024;jueves;14:00;0;0;2;14
2024-10-03;10;2024;jueves;15:00;0;0;2;15
2024-10-03;10;2024;jueves;16:00;1;0;2;16
2024-10-03;10;2024;jueves;17:00;0;0;2;17
2024-10-03;10;2024;jueves;18:00;0;0;1;18
2024-10-03;10;2024;jueves;19:00;1;1;1;19
2024-10-03;10;2024;jueves;20:00;0;0;1;20
2024-10-03;10;2024;jueves;21:00;1;0;1;21
2024-10-03;10;2024;jueves;22:00;0;0;2;22
2024-10-03;10;2024;jueves;23:00;0;0;2;23
2024-10-04;10;2024;viernes;00:00:00;0;0;3;0
2024-10-04;10;2024;viernes;01:00;0;0;3;1
2024-10-04;10;2024;viernes;02:00;0;1;3;2
2024-10-04;10;2024;viernes;03:00;1;0;3;3
2024-10-04;10;2024;viernes;04:00;0;0;3;4
2024-10-04;10;2024;viernes;05:00;0;0;3;5
2024-10-04;10;2024;viernes;06:00;0;0;3;6
2024-10-04;10;2024;viernes;07:00;0;0;3;7
2024-10-04;10;2024;viernes;08:00;1;0;2;8
2024-10-04;10;2024;viernes;09:00;1;1;2;9
2024-10-04;10;2024;viernes;10:00;0;0;1;10
2024-10-04;10;2024;viernes;11:00;1;0;1;11
2024-10-04;10;2024;viernes;12:00;1;0;1;12
2024-10-04;10;2024;viernes;13:00;1;0;1;13
2024-10-04;10;2024;viernes;14:00;0;0;2;14
2024-10-04;10;2024;viernes;15:00;0;1;2;15
2024-10-04;10;2024;viernes;16:00;0;0;2;16
2024-10-04;10;2024;viernes;17:00;0;0;2;17
2024-10-04;10;2024;viernes;18:00;1;0;1;18
2024-10-04;10;2024;viernes;19:00;0;0;1;19
2024-10-04;10;2024;viernes;20:00;0;0;1;20
2024-10-04;10;2024;viernes;21:00;0;0;1;21
2024-10-04;10;2024;viernes;22:00;1;0;2;22
2024-10-04;10;2024;viernes;23:00;0;0;2;23
2024-10-05;10;2024;sábado;00:00:00;0;0;3;0
2024-10-05;10;2024;sábado;01:00;0;0;3;1
2024-10-05;10;2024;sábado;02:00;0;1;3;2
2024-10-05;10;2024;sábado;03:00;1;0;3;3
2024-10-05;10;2024;sábado;04:00;0;0;3;4
2024-10-05;10;2024;sábado;05:00;0;0;3;5
2024-10-05;10;2024;sábado;06:00;0;0;3;6
2024-10-05;10;2024;sábado;07:00;0;0;3;7
2024-10-05;10;2024;sábado;08:00;0;0;3;8
2024-10-05;10;2024;sábado;09:00;1;0;3;9
2024-10-05;10;2024;sábado;10:00;0;0;3;10
2024-10-05;10;2024;sábado;11:00;0;1;3;11
2024-10-05;10;2024;sábado;12:00;0;0;3;12
2024-10-05;10;2024;sábado;13:00;1;0;3;13
2024-10-05;10;2024;sábado;14:00;0;0;3;14
2024-10-05;10;2024;sábado;15:00;1;0;3;15
2024-10-05;10;2024;sábado;16:00;0;0;3;16
2024-10-05;10;2024;sábado;17:00;0;0;3;17
2024-10-05;10;2024;sábado;18:00;0;0;3;18
2024-10-05;10;2024;sábado;19:00;1;1;3;19
2024-10-05;10;2024;sábado;20:00;0;0;3;20
2024-10-05;10;2024;sábado;21:00;0;1;3;21
2024-10-05;10;2024;sábado;22:00;1;0;3;22
2024-10-05;10;2024;sábado;23:00;0;0;3;23
2024-10-06;10;2024;domingo;00:00:00;0;0;3;0
2024-10-06;10;2024;domingo;01:00;0;0;3;1
2024-10-06;10;2024;domingo;02:00;0;0;3;2
2024-10-06;10;2024;domingo;03:00;0;0;3;3
2024-10-06;10;2024;domingo;04:00;0;0;3;4
2024-10-06;10;2024;domingo;05:00;1;0;3;5
2024-10-06;10;2024;domingo;06:00;0;0;3;6
2024-10-06;10;2024;domingo;07:00;0;1;3;7
2024-10-06;10;2024;domingo;08:00;0;0;3;8
2024-10-06;10;2024;domingo;09:00;1;0;3;9
2024-10-06;10;2024;domingo;10:00;1;0;3;10
2024-10-06;10;2024;domingo;11:00;0;0;3;11
2024-10-06;10;2024;domingo;12:00;1;1;3;12
2024-10-06;10;2024;domingo;13:00;1;1;3;13
2024-10-06;10;2024;domingo;14:00;0;0;3;14
2024-10-06;10;2024;domingo;15:00;0;0;3;15
2024-10-06;10;2024;domingo;16:00;0;0;3;16
2024-10-06;10;2024;domingo;17:00;0;0;3;17
2024-10-06;10;2024;domingo;18:00;1;0;3;18
2024-10-06;10;2024;domingo;19:00;0;0;3;19
2024-10-06;10;2024;domingo;20:00;0;0;3;20
2024-10-06;10;2024;domingo;21:00;0;1;3;21
2024-10-06;10;2024;domingo;22:00;1;0;3;22
2024-10-06;10;2024;domingo;23:00;0;0;3;23
2024-10-07;10;2024;lunes;00:00:00;0;0;3;0
2024-10-07;10;2024;lunes;01:00;0;0;3;1
2024-10-07;10;2024;lunes;02:00;0;0;3;2
2024-10-07;10;2024;lunes;03:00;0;0;3;3
2024-10-07;10;2024;lunes;04:00;0;0;3;4
2024-10-07;10;2024;lunes;05:00;1;0;3;5
2024-10-07;10;2024;lunes;06:00;0;1;3;6
2024-10-07;10;2024;lunes;07:00;0;0;3;7
2024-10-07;10;2024;lunes;08:00;0;0;2;8
2024-10-07;10;2024;lunes;09:00;1;0;2;9
2024-10-07;10;2024;lunes;10:00;1;0;1;10
2024-10-07;10;2024;lunes;11:00;0;0;1;11
2024-10-07;10;2024;lunes;12:00;1;1;1;12
2024-10-07;10;2024;lunes;13:00;1;0;1;13
2024-10-07;10;2024;lunes;14:00;0;0;2;14
2024-10-07;10;2024;lunes;15:00;0;0;2;15
2024-10-07;10;2024;lunes;16:00;1;0;2;16
2024-10-07;10;2024;lunes;17:00;0;0;2;17
2024-10-07;10;2024;lunes;18:00;0;0;1;18
2024-10-07;10;2024;lunes;19:00;1;1;1;19
2024-10-07;10;2024;lunes;20:00;0;0;1;20
2024-10-07;10;2024;lunes;21:00;1;0;1;21
2024-10-07;10;2024;lunes;22:00;1;0;2;22
2024-10-07;10;2024;lunes;23:00;0;0;2;23
2024-10-08;10;2024;martes;00:00:00;0;0;3;0
2024-10-08;10;2024;martes;01:00;0;1;3;1
2024-10-08;10;2024;martes;02:00;1;0;3;2
2024-10-08;10;2024;martes;03:00;0;0;3;3
2024-10-08;10;2024;martes;04:00;0;0;3;4
2024-10-08;10;2024;martes;05:00;0;0;3;5
2024-10-08;10;2024;martes;06:00;0;0;3;6
2024-10-08;10;2024;martes;07:00;0;0;3;7
2024-10-08;10;2024;martes;08:00;1;0;2;8
2024-10-08;10;2024;martes;09:00;0;1;2;9
2024-10-08;10;2024;martes;10:00;1;0;1;10
2024-10-08;10;2024;martes;11:00;0;0;1;11
2024-10-08;10;2024;martes;12:00;1;0;1;12
2024-10-08;10;2024;martes;13:00;1;1;1;13
2024-10-08;10;2024;martes;14:00;0;0;2;14
2024-10-08;10;2024;martes;15:00;1;0;2;15
2024-10-08;10;2024;martes;16:00;0;1;2;16
2024-10-08;10;2024;martes;17:00;0;0;2;17
2024-10-08;10;2024;martes;18:00;1;0;1;18
2024-10-08;10;2024;martes;19:00;0;0;1;19
2024-10-08;10;2024;martes;20:00;0;0;1;20
2024-10-08;10;2024;martes;21:00;0;1;1;21
2024-10-08;10;2024;martes;22:00;1;0;2;22
2024-10-08;10;2024;martes;23:00;0;0;2;23
2024-10-09;10;2024;miércoles;00:00:00;0;0;3;0
2024-10-09;10;2024;miércoles;01:00;0;0;3;1
2024-10-09;10;2024;miércoles;02:00;1;1;3;2
2024-10-09;10;2024;miércoles;03:00;0;0;3;3
2024-10-09;10;2024;miércoles;04:00;0;0;3;4
2024-10-09;10;2024;miércoles;05:00;0;0;3;5
2024-10-09;10;2024;miércoles;06:00;0;0;3;6
2024-10-09;10;2024;miércoles;07:00;1;1;3;7
2024-10-09;10;2024;miércoles;08:00;1;0;2;8
2024-10-09;10;2024;miércoles;09:00;1;0;2;9
2024-10-09;10;2024;miércoles;10:00;1;0;1;10
2024-10-09;10;2024;miércoles;11:00;0;1;1;11
2024-10-09;10;2024;miércoles;12:00;1;0;1;12
2024-10-09;10;2024;miércoles;13:00;1;0;1;13
2024-10-09;10;2024;miércoles;14:00;0;0;2;14
2024-10-09;10;2024;miércoles;15:00;0;0;2;15
2024-10-09;10;2024;miércoles;16:00;1;0;2;16
2024-10-09;10;2024;miércoles;17:00;0;0;2;17
2024-10-09;10;2024;miércoles;18:00;0;1;1;18
2024-10-09;10;2024;miércoles;19:00;1;0;1;19
2024-10-09;10;2024;miércoles;20:00;0;0;1;20
2024-10-09;10;2024;miércoles;21:00;1;0;1;21
2024-10-09;10;2024;miércoles;22:00;0;0;2;22
2024-10-09;10;2024;miércoles;23:00;0;0;2;23
2024-10-10;10;2024;jueves;00:00:00;0;0;3;0
2024-10-10;10;2024;jueves;01:00;0;1;3;1
2024-10-10;10;2024;jueves;02:00;0;0;3;2
2024-10-10;10;2024;jueves;03:00;1;0;3;3
2024-10-10;10;2024;jueves;04:00;0;0;3;4
2024-10-10;10;2024;jueves;05:00;0;0;3;5
2024-10-10;10;2024;jueves;06:00;0;0;3;6
2024-10-10;10;2024;jueves;07:00;1;0;3;7
2024-10-10;10;2024;jueves;08:00;1;0;2;8
2024-10-10;10;2024;jueves;09:00;0;1;2;9
2024-10-10;10;2024;jueves;10:00;1;0;1;10
2024-10-10;10;2024;jueves;11:00;1;0;1;11
2024-10-10;10;2024;jueves;12:00;0;0;1;12
2024-10-10;10;2024;jueves;13:00;0;0;1;13
2024-10-10;10;2024;jueves;14:00;0;0;2;14
2024-10-10;10;2024;jueves;15:00;0;0;2;15
2024-10-10;10;2024;jueves;16:00;0;0;2;16
2024-10-10;10;2024;jueves;17:00;1;1;2;17
2024-10-10;10;2024;jueves;18:00;0;0;1;18
2024-10-10;10;2024;jueves;19:00;0;0;1;19
2024-10-10;10;2024;jueves;20:00;1;0;1;20
2024-10-10;10;2024;jueves;21:00;0;0;1;21
2024-10-10;10;2024;jueves;22:00;0;0;2;22
2024-10-10;10;2024;jueves;23:00;1;0;2;23
2024-10-11;10;2024;viernes;00:00:00;0;0;3;0
2024-10-11;10;2024;viernes;01:00;0;0;3;1
2024-10-11;10;2024;viernes;02:00;0;1;3;2
2024-10-11;10;2024;viernes;03:00;0;0;3;3
2024-10-11;10;2024;viernes;04:00;0;0;3;4
2024-10-11;10;2024;viernes;05:00;0;0;3;5
2024-10-11;10;2024;viernes;06:00;1;0;3;6
2024-10-11;10;2024;viernes;07:00;0;0;3;7
2024-10-11;10;2024;viernes;08:00;0;0;2;8
2024-10-11;10;2024;viernes;09:00;1;0;2;9
2024-10-11;10;2024;viernes;10:00;0;1;1;10
2024-10-11;10;2024;viernes;11:00;1;0;1;11
2024-10-11;10;2024;viernes;12:00;2;0;1;12
2024-10-11;10;2024;viernes;13:00;1;1;1;13
2024-10-11;10;2024;viernes;14:00;0;0;2;14
2024-10-11;10;2024;viernes;15:00;1;1;2;15
2024-10-11;10;2024;viernes;16:00;0;0;2;16
2024-10-11;10;2024;viernes;17:00;0;0;2;17
2024-10-11;10;2024;viernes;18:00;1;0;1;18
2024-10-11;10;2024;viernes;19:00;1;0;1;19
2024-10-11;10;2024;viernes;20:00;0;1;1;20
2024-10-11;10;2024;viernes;21:00;1;0;1;21
2024-10-11;10;2024;viernes;22:00;0;0;2;22
2024-10-11;10;2024;viernes;23:00;0;0;2;23
2024-10-12;10;2024;sábado;00:00:00;0;0;3;0
2024-10-12;10;2024;sábado;01:00;0;0;3;1
2024-10-12;10;2024;sábado;02:00;0;0;3;2
2024-10-12;10;2024;sábado;03:00;0;0;3;3
2024-10-12;10;2024;sábado;04:00;1;0;3;4
2024-10-12;10;2024;sábado;05:00;0;0;3;5
2024-10-12;10;2024;sábado;06:00;0;0;3;6
2024-10-12;10;2024;sábado;07:00;0;1;3;7
2024-10-12;10;2024;sábado;08:00;0;0;3;8
2024-10-12;10;2024;sábado;09:00;1;0;3;9
2024-10-12;10;2024;sábado;10:00;1;0;3;10
2024-10-12;10;2024;sábado;11:00;2;0;3;11
2024-10-12;10;2024;sábado;12:00;1;1;3;12
2024-10-12;10;2024;sábado;13:00;1;0;3;13
2024-10-12;10;2024;sábado;14:00;0;1;3;14
2024-10-12;10;2024;sábado;15:00;1;0;3;15
2024-10-12;10;2024;sábado;16:00;0;0;3;16
2024-10-12;10;2024;sábado;17:00;0;0;3;17
2024-10-12;10;2024;sábado;18:00;1;0;3;18
2024-10-12;10;2024;sábado;19:00;0;0;3;19
2024-10-12;10;2024;sábado;20:00;0;0;3;20
2024-10-12;10;2024;sábado;21:00;1;0;3;21
2024-10-12;10;2024;sábado;22:00;0;0;3;22
2024-10-12;10;2024;sábado;23:00;0;0;3;23
2024-10-13;10;2024;domingo;00:00:00;0;0;3;0
2024-10-13;10;2024;domingo;01:00;0;1;3;1
2024-10-13;10;2024;domingo;02:00;0;0;3;2
2024-10-13;10;2024;domingo;03:00;1;0;3;3
2024-10-13;10;2024;domingo;04:00;0;0;3;4
2024-10-13;10;2024;domingo;05:00;0;0;3;5
2024-10-13;10;2024;domingo;06:00;0;0;3;6
2024-10-13;10;2024;domingo;07:00;0;0;3;7
2024-10-13;10;2024;domingo;08:00;0;0;3;8
2024-10-13;10;2024;domingo;09:00;1;0;3;9
2024-10-13;10;2024;domingo;10:00;1;0;3;10
2024-10-13;10;2024;domingo;11:00;1;1;3;11
2024-10-13;10;2024;domingo;12:00;1;0;3;12
2024-10-13;10;2024;domingo;13:00;1;0;3;13
2024-10-13;10;2024;domingo;14:00;0;0;3;14
2024-10-13;10;2024;domingo;15:00;1;1;3;15
2024-10-13;10;2024;domingo;16:00;0;0;3;16
2024-10-13;10;2024;domingo;17:00;0;0;3;17
2024-10-13;10;2024;domingo;18:00;1;0;3;18
2024-10-13;10;2024;domingo;19:00;0;0;3;19
2024-10-13;10;2024;domingo;20:00;1;0;3;20
2024-10-13;10;2024;domingo;21:00;0;0;3;21
2024-10-13;10;2024;domingo;22:00;0;0;3;22
2024-10-13;10;2024;domingo;23:00;0;0;3;23
2024-10-14;10;2024;lunes;00:00:00;0;0;3;0
2024-10-14;10;2024;lunes;01:00;1;0;3;1
2024-10-14;10;2024;lunes;02:00;0;1;3;2
2024-10-14;10;2024;lunes;03:00;0;0;3;3
2024-10-14;10;2024;lunes;04:00;0;0;3;4
2024-10-14;10;2024;lunes;05:00;0;0;3;5
2024-10-14;10;2024;lunes;06:00;0;0;3;6
2024-10-14;10;2024;lunes;07:00;0;0;3;7
2024-10-14;10;2024;lunes;08:00;1;0;2;8
2024-10-14;10;2024;lunes;09:00;0;0;2;9
2024-10-14;10;2024;lunes;10:00;1;0;1;10
2024-10-14;10;2024;lunes;11:00;1;1;1;11
2024-10-14;10;2024;lunes;12:00;1;0;1;12
2024-10-14;10;2024;lunes;13:00;1;0;1;13
2024-10-14;10;2024;lunes;14:00;0;0;2;14
2024-10-14;10;2024;lunes;15:00;0;0;2;15
2024-10-14;10;2024;lunes;16:00;0;0;2;16
2024-10-14;10;2024;lunes;17:00;1;0;2;17
2024-10-14;10;2024;lunes;18:00;0;1;1;18
2024-10-14;10;2024;lunes;19:00;0;0;1;19
2024-10-14;10;2024;lunes;20:00;1;0;1;20
2024-10-14;10;2024;lunes;21:00;0;0;1;21
2024-10-14;10;2024;lunes;22:00;0;0;2;22
2024-10-14;10;2024;lunes;23:00;0;0;2;23
2024-10-15;10;2024;martes;00:00:00;1;0;3;0
2024-10-15;10;2024;martes;01:00;0;0;3;1
2024-10-15;10;2024;martes;02:00;0;0;3;2
2024-10-15;10;2024;martes;03:00;0;0;3;3
2024-10-15;10;2024;martes;04:00;0;0;3;4
2024-10-15;10;2024;martes;05:00;0;1;3;5
2024-10-15;10;2024;martes;06:00;0;0;3;6
2024-10-15;10;2024;martes;07:00;0;0;3;7
2024-10-15;10;2024;martes;08:00;0;0;2;8
2024-10-15;10;2024;martes;09:00;1;0;2;9
2024-10-15;10;2024;martes;10:00;1;0;1;10
2024-10-15;10;2024;martes;11:00;0;0;1;11
2024-10-15;10;2024;martes;12:00;2;0;1;12
2024-10-15;10;2024;martes;13:00;1;1;1;13
2024-10-15;10;2024;martes;14:00;0;0;2;14
2024-10-15;10;2024;martes;15:00;1;0;2;15
2024-10-15;10;2024;martes;16:00;0;0;2;16
2024-10-15;10;2024;martes;17:00;0;0;2;17
2024-10-15;10;2024;martes;18:00;0;0;1;18
2024-10-15;10;2024;martes;19:00;1;0;1;19
2024-10-15;10;2024;martes;20:00;0;0;1;20
2024-10-15;10;2024;martes;21:00;0;1;1;21
2024-10-15;10;2024;martes;22:00;1;0;2;22
2024-10-15;10;2024;martes;23:00;0;0;2;23
2024-10-16;10;2024;miércoles;00:00:00;0;0;3;0
2024-10-16;10;2024;miércoles;01:00;0;0;3;1
2024-10-16;10;2024;miércoles;02:00;0;0;3;2
2024-10-16;10;2024;miércoles;03:00;0;0;3;3
2024-10-16;10;2024;miércoles;04:00;0;0;3;4
2024-10-16;10;2024;miércoles;05:00;0;0;3;5
2024-10-16;10;2024;miércoles;06:00;1;0;3;6
2024-10-16;10;2024;miércoles;07:00;0;0;3;7
2024-10-16;10;2024;miércoles;08:00;1;1;2;8
2024-10-16;10;2024;miércoles;09:00;0;0;2;9
2024-10-16;10;2024;miércoles;10:00;0;0;1;10
2024-10-16;10;2024;miércoles;11:00;1;0;1;11
2024-10-16;10;2024;miércoles;12:00;0;0;1;12
2024-10-16;10;2024;miércoles;13:00;0;0;1;13
2024-10-16;10;2024;miércoles;14:00;0;0;2;14
2024-10-16;10;2024;miércoles;15:00;0;0;2;15
2024-10-16;10;2024;miércoles;16:00;1;0;2;16
2024-10-16;10;2024;miércoles;17:00;0;0;2;17
2024-10-16;10;2024;miércoles;18:00;0;0;1;18
2024-10-16;10;2024;miércoles;19:00;1;1;1;19
2024-10-16;10;2024;miércoles;20:00;0;0;1;20
2024-10-16;10;2024;miércoles;21:00;1;0;1;21
2024-10-16;10;2024;miércoles;22:00;0;0;2;22
2024-10-16;10;2024;miércoles;23:00;0;0;2;23
2024-10-17;10;2024;jueves;00:00:00;0;0;3;0
2024-10-17;10;2024;jueves;01:00;0;0;3;1
2024-10-17;10;2024;jueves;02:00;0;0;3;2
2024-10-17;10;2024;jueves;03:00;0;0;3;3
2024-10-17;10;2024;jueves;04:00;1;0;3;4
2024-10-17;10;2024;jueves;05:00;0;1;3;5
2024-10-17;10;2024;jueves;06:00;0;0;3;6
2024-10-17;10;2024;jueves;07:00;0;0;3;7
2024-10-17;10;2024;jueves;08:00;0;0;2;8
2024-10-17;10;2024;jueves;09:00;1;0;2;9
2024-10-17;10;2024;jueves;10:00;0;0;1;10
2024-10-17;10;2024;jueves;11:00;1.491;0;1;11
2024-10-17;10;2024;jueves;12:00;1.509;0;1;12
2024-10-17;10;2024;jueves;13:00;1;1;1;13
2024-10-17;10;2024;jueves;14:00;0;0;2;14
2024-10-17;10;2024;jueves;15:00;0;1;2;15
2024-10-17;10;2024;jueves;16:00;1;0;2;16
2024-10-17;10;2024;jueves;17:00;0;0;2;17
2024-10-17;10;2024;jueves;18:00;0;0;1;18
2024-10-17;10;2024;jueves;19:00;0;0;1;19
2024-10-17;10;2024;jueves;20:00;1;0;1;20
2024-10-17;10;2024;jueves;21:00;0;0;1;21
2024-10-17;10;2024;jueves;22:00;0;0;2;22
2024-10-17;10;2024;jueves;23:00;0;0;2;23
2024-10-18;10;2024;viernes;00:00:00;0;0;3;0
2024-10-18;10;2024;viernes;01:00;0;0;3;1
2024-10-18;10;2024;viernes;02:00;1;0;3;2
2024-10-18;10;2024;viernes;03:00;0;1;3;3
2024-10-18;10;2024;viernes;04:00;0;0;3;4
2024-10-18;10;2024;viernes;05:00;0;0;3;5
2024-10-18;10;2024;viernes;06:00;0;0;3;6
2024-10-18;10;2024;viernes;07:00;0;0;3;7
2024-10-18;10;2024;viernes;08:00;1;0;2;8
2024-10-18;10;2024;viernes;09:00;0;0;2;9
2024-10-18;10;2024;viernes;10:00;2;0;1;10
2024-10-18;10;2024;viernes;11:00;1;1;1;11
2024-10-18;10;2024;viernes;12:00;0;0;1;12
2024-10-18;10;2024;viernes;13:00;1;0;1;13
2024-10-18;10;2024;viernes;14:00;1;0;2;14
2024-10-18;10;2024;viernes;15:00;0;0;2;15
2024-10-18;10;2024;viernes;16:00;0;0;2;16
2024-10-18;10;2024;viernes;17:00;1;0;2;17
2024-10-18;10;2024;viernes;18:00;0;0;1;18
2024-10-18;10;2024;viernes;19:00;2;1;1;19
2024-10-18;10;2024;viernes;20:00;2;0;1;20
2024-10-18;10;2024;viernes;21:00;1;0;1;21
2024-10-18;10;2024;viernes;22:00;0;0;2;22
2024-10-18;10;2024;viernes;23:00;0;0;2;23
2024-10-19;10;2024;sábado;00:00:00;0;0;3;0
2024-10-19;10;2024;sábado;01:00;0;0;3;1
2024-10-19;10;2024;sábado;02:00;1;0;3;2
2024-10-19;10;2024;sábado;03:00;0;0;3;3
2024-10-19;10;2024;sábado;04:00;0;0;3;4
2024-10-19;10;2024;sábado;05:00;0;0;3;5
2024-10-19;10;2024;sábado;06:00;0;0;3;6
2024-10-19;10;2024;sábado;07:00;0;1;3;7
2024-10-19;10;2024;sábado;08:00;0;0;3;8
2024-10-19;10;2024;sábado;09:00;1;0;3;9
2024-10-19;10;2024;sábado;10:00;0;0;3;10
2024-10-19;10;2024;sábado;11:00;0;0;3;11
2024-10-19;10;2024;sábado;12:00;0;0;3;12
2024-10-19;10;2024;sábado;13:00;1;0;3;13
2024-10-19;10;2024;sábado;14:00;0;0;3;14
2024-10-19;10;2024;sábado;15:00;2;0;3;15
2024-10-19;10;2024;sábado;16:00;0;1;3;16
2024-10-19;10;2024;sábado;17:00;0;0;3;17
2024-10-19;10;2024;sábado;18:00;0;0;3;18
2024-10-19;10;2024;sábado;19:00;1;0;3;19
2024-10-19;10;2024;sábado;20:00;2;0;3;20
2024-10-19;10;2024;sábado;21:00;0;1;3;21
2024-10-19;10;2024;sábado;22:00;0;0;3;22
2024-10-19;10;2024;sábado;23:00;0;0;3;23
2024-10-20;10;2024;domingo;00:00:00;0;0;3;0
2024-10-20;10;2024;domingo;01:00;1;0;3;1
2024-10-20;10;2024;domingo;02:00;0;0;3;2
2024-10-20;10;2024;domingo;03:00;0;0;3;3
2024-10-20;10;2024;domingo;04:00;0;0;3;4
2024-10-20;10;2024;domingo;05:00;0;0;3;5
2024-10-20;10;2024;domingo;06:00;0;0;3;6
2024-10-20;10;2024;domingo;07:00;0;0;3;7
2024-10-20;10;2024;domingo;08:00;0;0;3;8
2024-10-20;10;2024;domingo;09:00;1;0;3;9
2024-10-20;10;2024;domingo;10:00;0;0;3;10
2024-10-20;10;2024;domingo;11:00;2;1;3;11
2024-10-20;10;2024;domingo;12:00;0;0;3;12
2024-10-20;10;2024;domingo;13:00;1;1;3;13
2024-10-20;10;2024;domingo;14:00;1;0;3;14
2024-10-20;10;2024;domingo;15:00;0;0;3;15
2024-10-20;10;2024;domingo;16:00;0;0;3;16
2024-10-20;10;2024;domingo;17:00;0;0;3;17
2024-10-20;10;2024;domingo;18:00;1;1;3;18
2024-10-20;10;2024;domingo;19:00;0;0;3;19
2024-10-20;10;2024;domingo;20:00;0;0;3;20
2024-10-20;10;2024;domingo;21:00;0;0;3;21
2024-10-20;10;2024;domingo;22:00;1;0;3;22
2024-10-20;10;2024;domingo;23:00;0;0;3;23
2024-10-21;10;2024;lunes;00:00:00;0;0;3;0
2024-10-21;10;2024;lunes;01:00;0;1;3;1
2024-10-21;10;2024;lunes;02:00;0;0;3;2
2024-10-21;10;2024;lunes;03:00;0;0;3;3
2024-10-21;10;2024;lunes;04:00;0;0;3;4
2024-10-21;10;2024;lunes;05:00;1;0;3;5
2024-10-21;10;2024;lunes;06:00;0;0;3;6
2024-10-21;10;2024;lunes;07:00;0;0;3;7
2024-10-21;10;2024;lunes;08:00;0;0;2;8
2024-10-21;10;2024;lunes;09:00;1;0;2;9
2024-10-21;10;2024;lunes;10:00;0;0;1;10
2024-10-21;10;2024;lunes;11:00;0;1;1;11
2024-10-21;10;2024;lunes;12:00;2;0;1;12
2024-10-21;10;2024;lunes;13:00;0;1;1;13
2024-10-21;10;2024;lunes;14:00;1;0;2;14
2024-10-21;10;2024;lunes;15:00;0;0;2;15
2024-10-21;10;2024;lunes;16:00;0;0;2;16
2024-10-21;10;2024;lunes;17:00;0;0;2;17
2024-10-21;10;2024;lunes;18:00;0;0;1;18
2024-10-21;10;2024;lunes;19:00;1;0;1;19
2024-10-21;10;2024;lunes;20:00;0;0;1;20
2024-10-21;10;2024;lunes;21:00;1;0;1;21
2024-10-21;10;2024;lunes;22:00;0;0;2;22
2024-10-21;10;2024;lunes;23:00;0;1;2;23
2024-10-22;10;2024;martes;00:00:00;0;0;3;0
2024-10-22;10;2024;martes;01:00;0;0;3;1
2024-10-22;10;2024;martes;02:00;0;0;3;2
2024-10-22;10;2024;martes;03:00;0;0;3;3
2024-10-22;10;2024;martes;04:00;0;0;3;4
2024-10-22;10;2024;martes;05:00;1;0;3;5
2024-10-22;10;2024;martes;06:00;0;0;3;6
2024-10-22;10;2024;martes;07:00;0;0;3;7
2024-10-22;10;2024;martes;08:00;0;0;2;8
2024-10-22;10;2024;martes;09:00;2;0;2;9
2024-10-22;10;2024;martes;10:00;0;0;1;10
2024-10-22;10;2024;martes;11:00;1;1;1;11
2024-10-22;10;2024;martes;12:00;0;0;1;12
2024-10-22;10;2024;martes;13:00;1;1;1;13
2024-10-22;10;2024;martes;14:00;0;0;2;14
2024-10-22;10;2024;martes;15:00;0;0;2;15
2024-10-22;10;2024;martes;16:00;0;0;2;16
2024-10-22;10;2024;martes;17:00;1;0;2;17
2024-10-22;10;2024;martes;18:00;0;0;1;18
2024-10-22;10;2024;martes;19:00;1;1;1;19
2024-10-22;10;2024;martes;20:00;1;0;1;20
2024-10-22;10;2024;martes;21:00;0;0;1;21
2024-10-22;10;2024;martes;22:00;0;0;2;22
2024-10-22;10;2024;martes;23:00;1;0;2;23
2024-10-23;10;2024;miércoles;00:00:00;0;0;3;0
2024-10-23;10;2024;miércoles;01:00;0;0;3;1
2024-10-23;10;2024;miércoles;02:00;0;0;3;2
2024-10-23;10;2024;miércoles;03:00;0;0;3;3
2024-10-23;10;2024;miércoles;04:00;0;0;3;4
2024-10-23;10;2024;miércoles;05:00;0;0;3;5
2024-10-23;10;2024;miércoles;06:00;0;0;3;6
2024-10-23;10;2024;miércoles;07:00;1;1;3;7
2024-10-23;10;2024;miércoles;08:00;0;0;2;8
2024-10-23;10;2024;miércoles;09:00;1;0;2;9
2024-10-23;10;2024;miércoles;10:00;0;0;1;10
2024-10-23;10;2024;miércoles;11:00;0;0;1;11
2024-10-23;10;2024;miércoles;12:00;1;0;1;12
2024-10-23;10;2024;miércoles;13:00;0;0;1;13
2024-10-23;10;2024;miércoles;14:00;1;0;2;14
2024-10-23;10;2024;miércoles;15:00;0;0;2;15
2024-10-23;10;2024;miércoles;16:00;0;1;2;16
2024-10-23;10;2024;miércoles;17:00;1;0;2;17
2024-10-23;10;2024;miércoles;18:00;0;0;1;18
2024-10-23;10;2024;miércoles;19:00;0;0;1;19
2024-10-23;10;2024;miércoles;20:00;1;0;1;20
2024-10-23;10;2024;miércoles;21:00;0;0;1;21
2024-10-23;10;2024;miércoles;22:00;0;0;2;22
2024-10-23;10;2024;miércoles;23:00;0;0;2;23
2024-10-24;10;2024;jueves;00:00:00;1;0;3;0
2024-10-24;10;2024;jueves;01:00;0;0;3;1
2024-10-24;10;2024;jueves;02:00;0;1;3;2
2024-10-24;10;2024;jueves;03:00;0;0;3;3
2024-10-24;10;2024;jueves;04:00;0;0;3;4
2024-10-24;10;2024;jueves;05:00;0;0;3;5
2024-10-24;10;2024;jueves;06:00;0;0;3;6
2024-10-24;10;2024;jueves;07:00;0;0;3;7
2024-10-24;10;2024;jueves;08:00;1;0;2;8
2024-10-24;10;2024;jueves;09:00;1;0;2;9
2024-10-24;10;2024;jueves;10:00;0;0;1;10
2024-10-24;10;2024;jueves;11:00;1;1;1;11
2024-10-24;10;2024;jueves;12:00;1;0;1;12
2024-10-24;10;2024;jueves;13:00;1;0;1;13
2024-10-24;10;2024;jueves;14:00;1;0;2;14
2024-10-24;10;2024;jueves;15:00;0;0;2;15
2024-10-24;10;2024;jueves;16:00;0;0;2;16
2024-10-24;10;2024;jueves;17:00;1;0;2;17
2024-10-24;10;2024;jueves;18:00;0;1;1;18
2024-10-24;10;2024;jueves;19:00;0;0;1;19
2024-10-24;10;2024;jueves;20:00;1;0;1;20
2024-10-24;10;2024;jueves;21:00;0;0;1;21
2024-10-24;10;2024;jueves;22:00;0;0;2;22
2024-10-24;10;2024;jueves;23:00;0;0;2;23
2024-10-25;10;2024;viernes;00:00:00;0;0;3;0
2024-10-25;10;2024;viernes;01:00;0;0;3;1
2024-10-25;10;2024;viernes;02:00;1;1;3;2
2024-10-25;10;2024;viernes;03:00;0;0;3;3
2024-10-25;10;2024;viernes;04:00;0;0;3;4
2024-10-25;10;2024;viernes;05:00;0;0;3;5
2024-10-25;10;2024;viernes;06:00;0;0;3;6
2024-10-25;10;2024;viernes;07:00;0;0;3;7
2024-10-25;10;2024;viernes;08:00;0;0;2;8
2024-10-25;10;2024;viernes;09:00;1;0;2;9
2024-10-25;10;2024;viernes;10:00;1;0;1;10
2024-10-25;10;2024;viernes;11:00;0;1;1;11
2024-10-25;10;2024;viernes;12:00;1;0;1;12
2024-10-25;10;2024;viernes;13:00;0;0;1;13
2024-10-25;10;2024;viernes;14:00;1;1;2;14
2024-10-25;10;2024;viernes;15:00;0;0;2;15
2024-10-25;10;2024;viernes;16:00;0;0;2;16
2024-10-25;10;2024;viernes;17:00;1;0;2;17
2024-10-25;10;2024;viernes;18:00;0;0;1;18
2024-10-25;10;2024;viernes;19:00;0.968;0.484;1;19
2024-10-25;10;2024;viernes;20:00;1.032;0.516;1;20
2024-10-25;10;2024;viernes;21:00;0;0;1;21
2024-10-25;10;2024;viernes;22:00;0;0;2;22
2024-10-25;10;2024;viernes;23:00;1;0;2;23
2024-10-26;10;2024;sábado;00:00:00;0;0;3;0
2024-10-26;10;2024;sábado;01:00;0;0;3;1
2024-10-26;10;2024;sábado;02:00;0;0;3;2
2024-10-26;10;2024;sábado;03:00;0;0;3;3
2024-10-26;10;2024;sábado;04:00;0;0;3;4
2024-10-26;10;2024;sábado;05:00;0;1;3;5
2024-10-26;10;2024;sábado;06:00;0;0;3;6
2024-10-26;10;2024;sábado;07:00;1;0;3;7
2024-10-26;10;2024;sábado;08:00;0;0;3;8
2024-10-26;10;2024;sábado;09:00;1;0;3;9
2024-10-26;10;2024;sábado;10:00;0;0;3;10
2024-10-26;10;2024;sábado;11:00;0;0;3;11
2024-10-26;10;2024;sábado;12:00;1;0;3;12
2024-10-26;10;2024;sábado;13:00;1;1;3;13
2024-10-26;10;2024;sábado;14:00;1;0;3;14
2024-10-26;10;2024;sábado;15:00;0;0;3;15
2024-10-26;10;2024;sábado;16:00;0;0;3;16
2024-10-26;10;2024;sábado;17:00;1;0;3;17
2024-10-26;10;2024;sábado;18:00;0;0;3;18
2024-10-26;10;2024;sábado;19:00;1;0;3;19
2024-10-26;10;2024;sábado;20:00;0;0;3;20
2024-10-26;10;2024;sábado;21:00;1;0;3;21
2024-10-26;10;2024;sábado;22:00;0;0;3;22
2024-10-26;10;2024;sábado;23:00;1;0;3;23
2024-10-27;10;2024;domingo;00:00:00;0;0;3;0
2024-10-27;10;2024;domingo;01:00;0;0;3;1
2024-10-27;10;2024;domingo;02:00;0;1;3;2
2024-10-27;10;2024;domingo;03:00;0;0;3;3
2024-10-27;10;2024;domingo;04:00;0;0;3;4
2024-10-27;10;2024;domingo;05:00;0;0;3;5
2024-10-27;10;2024;domingo;06:00;1;0;3;6
2024-10-27;10;2024;domingo;07:00;0;0;3;7
2024-10-27;10;2024;domingo;08:00;0;0;3;8
2024-10-27;10;2024;domingo;09:00;1;0;3;9
2024-10-27;10;2024;domingo;10:00;2;0;3;10
2024-10-27;10;2024;domingo;11:00;2;1;3;11
2024-10-27;10;2024;domingo;12:00;2;0;3;12
2024-10-27;10;2024;domingo;13:00;0;0;3;13
2024-10-27;10;2024;domingo;14:00;2;0;3;14
2024-10-27;10;2024;domingo;15:00;0;0;3;15
2024-10-27;10;2024;domingo;16:00;0;0;3;16
2024-10-27;10;2024;domingo;17:00;0;0;3;17
2024-10-27;10;2024;domingo;18:00;0;0;3;18
2024-10-27;10;2024;domingo;19:00;1;0;3;19
2024-10-27;10;2024;domingo;20:00;0;0;3;20
2024-10-27;10;2024;domingo;21:00;0;0;3;21
2024-10-27;10;2024;domingo;22:00;0;0;3;22
2024-10-27;10;2024;domingo;23:00;0;0;3;23
2024-10-28;10;2024;lunes;00:00:00;0.512;0.512;3;0
2024-10-28;10;2024;lunes;01:00;0.488;0.488;3;1
2024-10-28;10;2024;lunes;02:00;0;0;3;2
2024-10-28;10;2024;lunes;03:00;0;0;3;3
2024-10-28;10;2024;lunes;04:00;0;0;3;4
2024-10-28;10;2024;lunes;05:00;0;0;3;5
2024-10-28;10;2024;lunes;06:00;0;0;3;6
2024-10-28;10;2024;lunes;07:00;0;0;3;7
2024-10-28;10;2024;lunes;08:00;1;0;2;8
2024-10-28;10;2024;lunes;09:00;2;0;2;9
2024-10-28;10;2024;lunes;10:00;0;0;1;10
2024-10-28;10;2024;lunes;11:00;0;0;1;11
2024-10-28;10;2024;lunes;12:00;0.509;0;1;12
2024-10-28;10;2024;lunes;13:00;0.491;0;1;13
2024-10-28;10;2024;lunes;14:00;1;0;2;14
2024-10-28;10;2024;lunes;15:00;0;0;2;15
2024-10-28;10;2024;lunes;16:00;0;0;2;16
2024-10-28;10;2024;lunes;17:00;0;1;2;17
2024-10-28;10;2024;lunes;18:00;0;0;1;18
2024-10-28;10;2024;lunes;19:00;1;0;1;19
2024-10-28;10;2024;lunes;20:00;0;0;1;20
2024-10-28;10;2024;lunes;21:00;0;0;1;21
2024-10-28;10;2024;lunes;22:00;0;0;2;22
2024-10-28;10;2024;lunes;23:00;1;0;2;23
2024-10-29;10;2024;martes;00:00:00;0;0;3;0
2024-10-29;10;2024;martes;01:00;0;0;3;1
2024-10-29;10;2024;martes;02:00;0;0;3;2
2024-10-29;10;2024;martes;03:00;0;0;3;3
2024-10-29;10;2024;martes;04:00;0;0;3;4
2024-10-29;10;2024;martes;05:00;0;0;3;5
2024-10-29;10;2024;martes;06:00;0;0;3;6
2024-10-29;10;2024;martes;07:00;0;0;3;7
2024-10-29;10;2024;martes;08:00;0;0;2;8
2024-10-29;10;2024;martes;09:00;1;1;2;9
2024-10-29;10;2024;martes;10:00;0;0;1;10
2024-10-29;10;2024;martes;11:00;1;0;1;11
2024-10-29;10;2024;martes;12:00;1;0;1;12
2024-10-29;10;2024;martes;13:00;1;0;1;13
2024-10-29;10;2024;martes;14:00;0;1;2;14
2024-10-29;10;2024;martes;15:00;0;0;2;15
2024-10-29;10;2024;martes;16:00;0;0;2;16
2024-10-29;10;2024;martes;17:00;0;0;2;17
2024-10-29;10;2024;martes;18:00;1;0;1;18
2024-10-29;10;2024;martes;19:00;1;1;1;19
2024-10-29;10;2024;martes;20:00;0;0;1;20
2024-10-29;10;2024;martes;21:00;0;0;1;21
2024-10-29;10;2024;martes;22:00;0;0;2;22
2024-10-29;10;2024;martes;23:00;0;0;2;23
2024-10-30;10;2024;miércoles;00:00:00;0;0;3;0
2024-10-30;10;2024;miércoles;01:00;0;1;3;1
2024-10-30;10;2024;miércoles;02:00;1;0;3;2
2024-10-30;10;2024;miércoles;03:00;0;0;3;3
2024-10-30;10;2024;miércoles;04:00;0;0;3;4
2024-10-30;10;2024;miércoles;05:00;0;0;3;5
2024-10-30;10;2024;miércoles;06:00;0;0;3;6
2024-10-30;10;2024;miércoles;07:00;0;0;3;7
2024-10-30;10;2024;miércoles;08:00;1;0;2;8
2024-10-30;10;2024;miércoles;09:00;1;0;2;9
2024-10-30;10;2024;miércoles;10:00;0.496;0;1;10
2024-10-30;10;2024;miércoles;11:00;0.504;0;1;11
2024-10-30;10;2024;miércoles;12:00;1;0;1;12
2024-10-30;10;2024;miércoles;13:00;0;0;1;13
2024-10-30;10;2024;miércoles;14:00;1;0;2;14
2024-10-30;10;2024;miércoles;15:00;0;0.501;2;15
2024-10-30;10;2024;miércoles;16:00;0;0.499;2;16
2024-10-30;10;2024;miércoles;17:00;1;0;2;17
2024-10-30;10;2024;miércoles;18:00;1;1;1;18
2024-10-30;10;2024;miércoles;19:00;3;0;1;19
2024-10-30;10;2024;miércoles;20:00;1;0;1;20
2024-10-30;10;2024;miércoles;21:00;1;0;1;21
2024-10-30;10;2024;miércoles;22:00;0;0;2;22
2024-10-30;10;2024;miércoles;23:00;0;0;2;23
2024-10-31;10;2024;jueves;00:00:00;0;1;3;0
2024-10-31;10;2024;jueves;01:00;0;0;3;1
2024-10-31;10;2024;jueves;02:00;1;0;3;2
2024-10-31;10;2024;jueves;03:00;0;0;3;3
2024-10-31;10;2024;jueves;04:00;0;0;3;4
2024-10-31;10;2024;jueves;05:00;0;0;3;5
2024-10-31;10;2024;jueves;06:00;0;0;3;6
2024-10-31;10;2024;jueves;07:00;0;0;3;7
2024-10-31;10;2024;jueves;08:00;1;0;2;8
2024-10-31;10;2024;jueves;09:00;0.638;0.319;2;9
2024-10-31;10;2024;jueves;10:00;0;0;1;10
2024-10-31;10;2024;jueves;11:00;0.677;0.338;1;11
2024-10-31;10;2024;jueves;12:00;0.685;0.343;1;12
2024-10-31;10;2024;jueves;13:00;2;0;1;13
2024-10-31;10;2024;jueves;14:00;1;0;2;14
2024-10-31;10;2024;jueves;15:00;0;0;2;15
2024-10-31;10;2024;jueves;16:00;0;1;2;16
2024-10-31;10;2024;jueves;17:00;1;0;2;17
2024-10-31;10;2024;jueves;18:00;0;0;1;18
2024-10-31;10;2024;jueves;19:00;1;0;1;19
2024-10-31;10;2024;jueves;20:00;0;0;1;20
2024-10-31;10;2024;jueves;21:00;0;0;1;21
2024-10-31;10;2024;jueves;22:00;1;0;2;22
2024-10-31;10;2024;jueves;23:00;0;0;2;23
2024-11-01;11;2024;viernes;00:00:00;0;0;3;0
2024-11-01;11;2024;viernes;01:00;0;1;3;1
2024-11-01;11;2024;viernes;02:00;0;0;3;2
2024-11-01;11;2024;viernes;03:00;0;0;3;3
2024-11-01;11;2024;viernes;04:00;0;0;3;4
2024-11-01;11;2024;viernes;05:00;0;0;3;5
2024-11-01;11;2024;viernes;06:00;1;0;3;6
2024-11-01;11;2024;viernes;07:00;0;0;3;7
2024-11-01;11;2024;viernes;08:00;0;0;3;8
2024-11-01;11;2024;viernes;09:00;1;0;3;9
2024-11-01;11;2024;viernes;10:00;0;0;3;10
2024-11-01;11;2024;viernes;11:00;1;1;3;11
2024-11-01;11;2024;viernes;12:00;0;0;3;12
2024-11-01;11;2024;viernes;13:00;1;0;3;13
2024-11-01;11;2024;viernes;14:00;0;0;3;14
2024-11-01;11;2024;viernes;15:00;0;1;3;15
2024-11-01;11;2024;viernes;16:00;1;0;3;16
2024-11-01;11;2024;viernes;17:00;0;0;3;17
2024-11-01;11;2024;viernes;18:00;1;0;3;18
2024-11-01;11;2024;viernes;19:00;1;0;3;19
2024-11-01;11;2024;viernes;20:00;0;0;3;20
2024-11-01;11;2024;viernes;21:00;0;0;3;21
2024-11-01;11;2024;viernes;22:00;1;0;3;22
2024-11-01;11;2024;viernes;23:00;0;0;3;23
2024-11-02;11;2024;sábado;00:00:00;0;1;3;0
2024-11-02;11;2024;sábado;01:00;0;0;3;1
2024-11-02;11;2024;sábado;02:00;0;0;3;2
2024-11-02;11;2024;sábado;03:00;0;0;3;3
2024-11-02;11;2024;sábado;04:00;0;0;3;4
2024-11-02;11;2024;sábado;05:00;1;0;3;5
2024-11-02;11;2024;sábado;06:00;0;0;3;6
2024-11-02;11;2024;sábado;07:00;0;0;3;7
2024-11-02;11;2024;sábado;08:00;0;0;3;8
2024-11-02;11;2024;sábado;09:00;1;0;3;9
2024-11-02;11;2024;sábado;10:00;1;0;3;10
2024-11-02;11;2024;sábado;11:00;0;1;3;11
2024-11-02;11;2024;sábado;12:00;1;0;3;12
2024-11-02;11;2024;sábado;13:00;0;0;3;13
2024-11-02;11;2024;sábado;14:00;1;0;3;14
2024-11-02;11;2024;sábado;15:00;0;0;3;15
2024-11-02;11;2024;sábado;16:00;0;0;3;16
2024-11-02;11;2024;sábado;17:00;0;0;3;17
2024-11-02;11;2024;sábado;18:00;0;0;3;18
2024-11-02;11;2024;sábado;19:00;1;0;3;19
2024-11-02;11;2024;sábado;20:00;0;0;3;20
2024-11-02;11;2024;sábado;21:00;0;1;3;21
2024-11-02;11;2024;sábado;22:00;1;0;3;22
2024-11-02;11;2024;sábado;23:00;0;0;3;23
2024-11-03;11;2024;domingo;00:00:00;0;0;3;0
2024-11-03;11;2024;domingo;01:00;0;0;3;1
2024-11-03;11;2024;domingo;02:00;0;0;3;2
2024-11-03;11;2024;domingo;03:00;0;0;3;3
2024-11-03;11;2024;domingo;04:00;0;0;3;4
2024-11-03;11;2024;domingo;05:00;0;0;3;5
2024-11-03;11;2024;domingo;06:00;1;0;3;6
2024-11-03;11;2024;domingo;07:00;0;0;3;7
2024-11-03;11;2024;domingo;08:00;0;0;3;8
2024-11-03;11;2024;domingo;09:00;0;0;3;9
2024-11-03;11;2024;domingo;10:00;1;0;3;10
2024-11-03;11;2024;domingo;11:00;0;1;3;11
2024-11-03;11;2024;domingo;12:00;1;0;3;12
2024-11-03;11;2024;domingo;13:00;1;0;3;13
2024-11-03;11;2024;domingo;14:00;0.51;0.51;3;14
2024-11-03;11;2024;domingo;15:00;0.49;0.49;3;15
2024-11-03;11;2024;domingo;16:00;0;0;3;16
2024-11-03;11;2024;domingo;17:00;0;0;3;17
2024-11-03;11;2024;domingo;18:00;0;0;3;18
2024-11-03;11;2024;domingo;19:00;1;0;3;19
2024-11-03;11;2024;domingo;20:00;0;1;3;20
2024-11-03;11;2024;domingo;21:00;0;0;3;21
2024-11-03;11;2024;domingo;22:00;0;0;3;22
2024-11-03;11;2024;domingo;23:00;0;0;3;23
2024-11-04;11;2024;lunes;00:00:00;1;0;3;0
2024-11-04;11;2024;lunes;01:00;0;0;3;1
2024-11-04;11;2024;lunes;02:00;0;0;3;2
2024-11-04;11;2024;lunes;03:00;0;0;3;3
2024-11-04;11;2024;lunes;04:00;0;0;3;4
2024-11-04;11;2024;lunes;05:00;0;0;3;5
2024-11-04;11;2024;lunes;06:00;0;0;3;6
2024-11-04;11;2024;lunes;07:00;0;0;3;7
2024-11-04;11;2024;lunes;08:00;1;0;2;8
2024-11-04;11;2024;lunes;09:00;0;1;2;9
2024-11-04;11;2024;lunes;10:00;1;0;1;10
2024-11-04;11;2024;lunes;11:00;2;0;1;11
2024-11-04;11;2024;lunes;12:00;0;1;1;12
2024-11-04;11;2024;lunes;13:00;1;0;1;13
2024-11-04;11;2024;lunes;14:00;0;0;2;14
2024-11-04;11;2024;lunes;15:00;0;0;2;15
2024-11-04;11;2024;lunes;16:00;0;0;2;16
2024-11-04;11;2024;lunes;17:00;1;0;2;17
2024-11-04;11;2024;lunes;18:00;1;0;1;18
2024-11-04;11;2024;lunes;19:00;0;0;1;19
2024-11-04;11;2024;lunes;20:00;0;0;1;20
2024-11-04;11;2024;lunes;21:00;0;0;1;21
2024-11-04;11;2024;lunes;22:00;1;0;2;22
2024-11-04;11;2024;lunes;23:00;0;0;2;23
2024-11-05;11;2024;martes;00:00:00;0;1;3;0
2024-11-05;11;2024;martes;01:00;0;0;3;1
2024-11-05;11;2024;martes;02:00;0;0;3;2
2024-11-05;11;2024;martes;03:00;0;0;3;3
2024-11-05;11;2024;martes;04:00;0;0;3;4
2024-11-05;11;2024;martes;05:00;1;0;3;5
2024-11-05;11;2024;martes;06:00;0;0;3;6
2024-11-05;11;2024;martes;07:00;0;0;3;7
2024-11-05;11;2024;martes;08:00;0;0;2;8
2024-11-05;11;2024;martes;09:00;1;0;2;9
2024-11-05;11;2024;martes;10:00;1;0;1;10
2024-11-05;11;2024;martes;11:00;0;0;1;11
2024-11-05;11;2024;martes;12:00;1;1;1;12
2024-11-05;11;2024;martes;13:00;0;0;1;13
2024-11-05;11;2024;martes;14:00;2;0;2;14
2024-11-05;11;2024;martes;15:00;0;0;2;15
2024-11-05;11;2024;martes;16:00;0;1;2;16
2024-11-05;11;2024;martes;17:00;1;0;2;17
2024-11-05;11;2024;martes;18:00;0;0;1;18
2024-11-05;11;2024;martes;19:00;1;0;1;19
2024-11-05;11;2024;martes;20:00;1;0;1;20
2024-11-05;11;2024;martes;21:00;0;0;1;21
2024-11-05;11;2024;martes;22:00;0;0;2;22
2024-11-05;11;2024;martes;23:00;1;0;2;23
2024-11-06;11;2024;miércoles;00:00:00;0;1;3;0
2024-11-06;11;2024;miércoles;01:00;0;0;3;1
2024-11-06;11;2024;miércoles;02:00;0;0;3;2
2024-11-06;11;2024;miércoles;03:00;0;0;3;3
2024-11-06;11;2024;miércoles;04:00;0;0;3;4
2024-11-06;11;2024;miércoles;05:00;0;0;3;5
2024-11-06;11;2024;miércoles;06:00;0;0;3;6
2024-11-06;11;2024;miércoles;07:00;1;0;3;7
2024-11-06;11;2024;miércoles;08:00;0;0;2;8
2024-11-06;11;2024;miércoles;09:00;1;0;2;9
2024-11-06;11;2024;miércoles;10:00;0;0;1;10
2024-11-06;11;2024;miércoles;11:00;0;0;1;11
2024-11-06;11;2024;miércoles;12:00;0;0;1;12
2024-11-06;11;2024;miércoles;13:00;1;1;1;13
2024-11-06;11;2024;miércoles;14:00;0;0;2;14
2024-11-06;11;2024;miércoles;15:00;0;0;2;15
2024-11-06;11;2024;miércoles;16:00;0;0;2;16
2024-11-06;11;2024;miércoles;17:00;0;0;2;17
2024-11-06;11;2024;miércoles;18:00;1;0;1;18
2024-11-06;11;2024;miércoles;19:00;0;0;1;19
2024-11-06;11;2024;miércoles;20:00;0;0;1;20
2024-11-06;11;2024;miércoles;21:00;0;0;1;21
2024-11-06;11;2024;miércoles;22:00;0;0;2;22
2024-11-06;11;2024;miércoles;23:00;0;0;2;23
2024-11-07;11;2024;jueves;00:00:00;0;0;3;0
2024-11-07;11;2024;jueves;01:00;1;0;3;1
2024-11-07;11;2024;jueves;02:00;0;0;3;2
2024-11-07;11;2024;jueves;03:00;0;1;3;3
2024-11-07;11;2024;jueves;04:00;0;0;3;4
2024-11-07;11;2024;jueves;05:00;0;0;3;5
2024-11-07;11;2024;jueves;06:00;0;0;3;6
2024-11-07;11;2024;jueves;07:00;0;0;3;7
2024-11-07;11;2024;jueves;08:00;0;0;2;8
2024-11-07;11;2024;jueves;09:00;1;0;2;9
2024-11-07;11;2024;jueves;10:00;0;0;1;10
2024-11-07;11;2024;jueves;11:00;0;0;1;11
2024-11-07;11;2024;jueves;12:00;1;0;1;12
2024-11-07;11;2024;jueves;13:00;1;1;1;13
2024-11-07;11;2024;jueves;14:00;0;0;2;14
2024-11-07;11;2024;jueves;15:00;0;0;2;15
2024-11-07;11;2024;jueves;16:00;1;0;2;16
2024-11-07;11;2024;jueves;17:00;1;0;2;17
2024-11-07;11;2024;jueves;18:00;0;1;1;18
2024-11-07;11;2024;jueves;19:00;1;0;1;19
2024-11-07;11;2024;jueves;20:00;0;0;1;20
2024-11-07;11;2024;jueves;21:00;0;0;1;21
2024-11-07;11;2024;jueves;22:00;0;1;2;22
2024-11-07;11;2024;jueves;23:00;1;0;2;23
2024-11-08;11;2024;viernes;00:00:00;0;0;3;0
2024-11-08;11;2024;viernes;01:00;0;0;3;1
2024-11-08;11;2024;viernes;02:00;0;0;3;2
2024-11-08;11;2024;viernes;03:00;0;0;3;3
2024-11-08;11;2024;viernes;04:00;0;0;3;4
2024-11-08;11;2024;viernes;05:00;0;0;3;5
2024-11-08;11;2024;viernes;06:00;0;0;3;6
2024-11-08;11;2024;viernes;07:00;1;0;3;7
2024-11-08;11;2024;viernes;08:00;0;1;2;8
2024-11-08;11;2024;viernes;09:00;0;0;2;9
2024-11-08;11;2024;viernes;10:00;0.674;0;1;10
2024-11-08;11;2024;viernes;11:00;0.679;0;1;11
2024-11-08;11;2024;viernes;12:00;0;0;1;12
2024-11-08;11;2024;viernes;13:00;0.646;0;1;13
2024-11-08;11;2024;viernes;14:00;0.579;0;2;14
2024-11-08;11;2024;viernes;15:00;0;0;2;15
2024-11-08;11;2024;viernes;16:00;0;0;2;16
2024-11-08;11;2024;viernes;17:00;0;1;2;17
2024-11-08;11;2024;viernes;18:00;1;0;1;18
2024-11-08;11;2024;viernes;19:00;0;0;1;19
2024-11-08;11;2024;viernes;20:00;0;0;1;20
2024-11-08;11;2024;viernes;21:00;0;0;1;21
2024-11-08;11;2024;viernes;22:00;1;0;2;22
2024-11-08;11;2024;viernes;23:00;0.421;0;2;23
2024-11-09;11;2024;sábado;00:00:00;0.162;0.152;3;0
2024-11-09;11;2024;sábado;01:00;0.149;0.14;3;1
2024-11-09;11;2024;sábado;02:00;0.143;0.134;3;2
2024-11-09;11;2024;sábado;03:00;0.14;0.131;3;3
2024-11-09;11;2024;sábado;04:00;0;0.13;3;4
2024-11-09;11;2024;sábado;05:00;0;0.132;3;5
2024-11-09;11;2024;sábado;06:00;0;0.141;3;6
2024-11-09;11;2024;sábado;07:00;1;0.148;3;7
2024-11-09;11;2024;sábado;08:00;0;0.143;3;8
2024-11-09;11;2024;sábado;09:00;1;0.162;3;9
2024-11-09;11;2024;sábado;10:00;1;0.181;3;10
2024-11-09;11;2024;sábado;11:00;2;0.189;3;11
2024-11-09;11;2024;sábado;12:00;0.205;0.193;3;12
2024-11-09;11;2024;sábado;13:00;0.201;0.188;3;13
2024-11-09;11;2024;sábado;14:00;0;0.175;3;14
2024-11-09;11;2024;sábado;15:00;1;0.167;3;15
2024-11-09;11;2024;sábado;16:00;0;0.162;3;16
2024-11-09;11;2024;sábado;17:00;0;0.167;3;17
2024-11-09;11;2024;sábado;18:00;0;0.2;3;18
2024-11-09;11;2024;sábado;19:00;1;0.208;3;19
2024-11-09;11;2024;sábado;20:00;0;0.21;3;20
2024-11-09;11;2024;sábado;21:00;0;0.198;3;21
2024-11-09;11;2024;sábado;22:00;0;0.183;3;22
2024-11-09;11;2024;sábado;23:00;1;0.166;3;23
2024-11-10;11;2024;domingo;00:00:00;0;0;3;0
2024-11-10;11;2024;domingo;01:00;0;0;3;1
2024-11-10;11;2024;domingo;02:00;0;0;3;2
2024-11-10;11;2024;domingo;03:00;0;0;3;3
2024-11-10;11;2024;domingo;04:00;0;0;3;4
2024-11-10;11;2024;domingo;05:00;0;0;3;5
2024-11-10;11;2024;domingo;06:00;1;1;3;6
2024-11-10;11;2024;domingo;07:00;1;0;3;7
2024-11-10;11;2024;domingo;08:00;0;0;3;8
2024-11-10;11;2024;domingo;09:00;1;0;3;9
2024-11-10;11;2024;domingo;10:00;1;0;3;10
2024-11-10;11;2024;domingo;11:00;0;0;3;11
2024-11-10;11;2024;domingo;12:00;1;0;3;12
2024-11-10;11;2024;domingo;13:00;0;1;3;13
2024-11-10;11;2024;domingo;14:00;0;0;3;14
2024-11-10;11;2024;domingo;15:00;1;0;3;15
2024-11-10;11;2024;domingo;16:00;0;0;3;16
2024-11-10;11;2024;domingo;17:00;0;0;3;17
2024-11-10;11;2024;domingo;18:00;1;1;3;18
2024-11-10;11;2024;domingo;19:00;1;0;3;19
2024-11-10;11;2024;domingo;20:00;0;0;3;20
2024-11-10;11;2024;domingo;21:00;0;0;3;21
2024-11-10;11;2024;domingo;22:00;0;0;3;22
2024-11-10;11;2024;domingo;23:00;0;0;3;23
2024-11-11;11;2024;lunes;00:00:00;0;0;3;0
2024-11-11;11;2024;lunes;01:00;1;0;3;1
2024-11-11;11;2024;lunes;02:00;0;0;3;2
2024-11-11;11;2024;lunes;03:00;0;0;3;3
2024-11-11;11;2024;lunes;04:00;0;0;3;4
2024-11-11;11;2024;lunes;05:00;0;1;3;5
2024-11-11;11;2024;lunes;06:00;0;0;3;6
2024-11-11;11;2024;lunes;07:00;0;0;3;7
2024-11-11;11;2024;lunes;08:00;0;0;2;8
2024-11-11;11;2024;lunes;09:00;0;0;2;9
2024-11-11;11;2024;lunes;10:00;1;0;1;10
2024-11-11;11;2024;lunes;11:00;0;0;1;11
2024-11-11;11;2024;lunes;12:00;1;0;1;12
2024-11-11;11;2024;lunes;13:00;0;0;1;13
2024-11-11;11;2024;lunes;14:00;0;0;2;14
2024-11-11;11;2024;lunes;15:00;0;1;2;15
2024-11-11;11;2024;lunes;16:00;0;0;2;16
2024-11-11;11;2024;lunes;17:00;1;0;2;17
2024-11-11;11;2024;lunes;18:00;0;0;1;18
2024-11-11;11;2024;lunes;19:00;0;0;1;19
2024-11-11;11;2024;lunes;20:00;0;0;1;20
2024-11-11;11;2024;lunes;21:00;0;0;1;21
2024-11-11;11;2024;lunes;22:00;0;0;2;22
2024-11-11;11;2024;lunes;23:00;1;0;2;23
2024-11-12;11;2024;martes;00:00:00;0;0;3;0
2024-11-12;11;2024;martes;01:00;0;0;3;1
2024-11-12;11;2024;martes;02:00;0;0;3;2
2024-11-12;11;2024;martes;03:00;0;0;3;3
2024-11-12;11;2024;martes;04:00;0;0;3;4
2024-11-12;11;2024;martes;05:00;0;1;3;5
2024-11-12;11;2024;martes;06:00;1;0;3;6
2024-11-12;11;2024;martes;07:00;0;0;3;7
2024-11-12;11;2024;martes;08:00;0;0;2;8
2024-11-12;11;2024;martes;09:00;0;0;2;9
2024-11-12;11;2024;martes;10:00;0;0;1;10
2024-11-12;11;2024;martes;11:00;0;0;1;11
2024-11-12;11;2024;martes;12:00;1;0;1;12
2024-11-12;11;2024;martes;13:00;1;0;1;13
2024-11-12;11;2024;martes;14:00;1;0;2;14
2024-11-12;11;2024;martes;15:00;0;0;2;15
2024-11-12;11;2024;martes;16:00;0;0;2;16
2024-11-12;11;2024;martes;17:00;0;1;2;17
2024-11-12;11;2024;martes;18:00;1;0;1;18
2024-11-12;11;2024;martes;19:00;0;0;1;19
2024-11-12;11;2024;martes;20:00;0;0;1;20
2024-11-12;11;2024;martes;21:00;1;0;1;21
2024-11-12;11;2024;martes;22:00;0;0;2;22
2024-11-12;11;2024;martes;23:00;0;0;2;23
2024-11-13;11;2024;miércoles;00:00:00;0;0;3;0
2024-11-13;11;2024;miércoles;01:00;0;0;3;1
2024-11-13;11;2024;miércoles;02:00;0;0;3;2
2024-11-13;11;2024;miércoles;03:00;0;0;3;3
2024-11-13;11;2024;miércoles;04:00;0;1;3;4
2024-11-13;11;2024;miércoles;05:00;1;0;3;5
2024-11-13;11;2024;miércoles;06:00;0;0;3;6
2024-11-13;11;2024;miércoles;07:00;0;0;3;7
2024-11-13;11;2024;miércoles;08:00;0;0;2;8
2024-11-13;11;2024;miércoles;09:00;2;0;2;9
2024-11-13;11;2024;miércoles;10:00;0;0;1;10
2024-11-13;11;2024;miércoles;11:00;0;0;1;11
2024-11-13;11;2024;miércoles;12:00;0.512;0;1;12
2024-11-13;11;2024;miércoles;13:00;0.488;0;1;13
2024-11-13;11;2024;miércoles;14:00;0;0.512;2;14
2024-11-13;11;2024;miércoles;15:00;0;0.488;2;15
2024-11-13;11;2024;miércoles;16:00;0;0;2;16
2024-11-13;11;2024;miércoles;17:00;1;0;2;17
2024-11-13;11;2024;miércoles;18:00;0;0;1;18
2024-11-13;11;2024;miércoles;19:00;0;0;1;19
2024-11-13;11;2024;miércoles;20:00;0;0;1;20
2024-11-13;11;2024;miércoles;21:00;1;0;1;21
2024-11-13;11;2024;miércoles;22:00;0;0;2;22
2024-11-13;11;2024;miércoles;23:00;0;0;2;23
2024-11-14;11;2024;jueves;00:00:00;0;1;3;0
2024-11-14;11;2024;jueves;01:00;0;0;3;1
2024-11-14;11;2024;jueves;02:00;1;0;3;2
2024-11-14;11;2024;jueves;03:00;0;0;3;3
2024-11-14;11;2024;jueves;04:00;0;0;3;4
2024-11-14;11;2024;jueves;05:00;0;0;3;5
2024-11-14;11;2024;jueves;06:00;0;0;3;6
2024-11-14;11;2024;jueves;07:00;0;0;3;7
2024-11-14;11;2024;jueves;08:00;0;0;2;8
2024-11-14;11;2024;jueves;09:00;0;0;2;9
2024-11-14;11;2024;jueves;10:00;1;1;1;10
2024-11-14;11;2024;jueves;11:00;0;0;1;11
2024-11-14;11;2024;jueves;12:00;0;0;1;12
2024-11-14;11;2024;jueves;13:00;1;0;1;13
2024-11-14;11;2024;jueves;14:00;1;0;2;14
2024-11-14;11;2024;jueves;15:00;0;0;2;15
2024-11-14;11;2024;jueves;16:00;0;0;2;16
2024-11-14;11;2024;jueves;17:00;0;0;2;17
2024-11-14;11;2024;jueves;18:00;1;0;1;18
2024-11-14;11;2024;jueves;19:00;1;1;1;19
2024-11-14;11;2024;jueves;20:00;0;0;1;20
2024-11-14;11;2024;jueves;21:00;1;0;1;21
2024-11-14;11;2024;jueves;22:00;0;0;2;22
2024-11-14;11;2024;jueves;23:00;0;0;2;23
2024-11-15;11;2024;viernes;00:00:00;0;0;3;0
2024-11-15;11;2024;viernes;01:00;0;0;3;1
2024-11-15;11;2024;viernes;02:00;0;0;3;2
2024-11-15;11;2024;viernes;03:00;1;0;3;3
2024-11-15;11;2024;viernes;04:00;0;0;3;4
2024-11-15;11;2024;viernes;05:00;0;0;3;5
2024-11-15;11;2024;viernes;06:00;0;0;3;6
2024-11-15;11;2024;viernes;07:00;0;1;3;7
2024-11-15;11;2024;viernes;08:00;0;0;2;8
2024-11-15;11;2024;viernes;09:00;0.489;0;2;9
2024-11-15;11;2024;viernes;10:00;0.511;0;1;10
2024-11-15;11;2024;viernes;11:00;0;0;1;11
2024-11-15;11;2024;viernes;12:00;1;0;1;12
2024-11-15;11;2024;viernes;13:00;1;0;1;13
2024-11-15;11;2024;viernes;14:00;0;0;2;14
2024-11-15;11;2024;viernes;15:00;0;0;2;15
2024-11-15;11;2024;viernes;16:00;0;0;2;16
2024-11-15;11;2024;viernes;17:00;1;0;2;17
2024-11-15;11;2024;viernes;18:00;0;1;1;18
2024-11-15;11;2024;viernes;19:00;0;0;1;19
2024-11-15;11;2024;viernes;20:00;0;0;1;20
2024-11-15;11;2024;viernes;21:00;1;0;1;21
2024-11-15;11;2024;viernes;22:00;0;0;2;22
2024-11-15;11;2024;viernes;23:00;0;0;2;23
2024-11-16;11;2024;sábado;00:00:00;0;0;3;0
2024-11-16;11;2024;sábado;01:00;0;0;3;1
2024-11-16;11;2024;sábado;02:00;0;0;3;2
2024-11-16;11;2024;sábado;03:00;1;0;3;3
2024-11-16;11;2024;sábado;04:00;0;0;3;4
2024-11-16;11;2024;sábado;05:00;0;0;3;5
2024-11-16;11;2024;sábado;06:00;0;1;3;6
2024-11-16;11;2024;sábado;07:00;0;0;3;7
2024-11-16;11;2024;sábado;08:00;0;0;3;8
2024-11-16;11;2024;sábado;09:00;1;0;3;9
2024-11-16;11;2024;sábado;10:00;0;0;3;10
2024-11-16;11;2024;sábado;11:00;1;0;3;11
2024-11-16;11;2024;sábado;12:00;0;0;3;12
2024-11-16;11;2024;sábado;13:00;1;0;3;13
2024-11-16;11;2024;sábado;14:00;1;1;3;14
2024-11-16;11;2024;sábado;15:00;0;0;3;15
2024-11-16;11;2024;sábado;16:00;0;0;3;16
2024-11-16;11;2024;sábado;17:00;0;0;3;17
2024-11-16;11;2024;sábado;18:00;1;0;3;18
2024-11-16;11;2024;sábado;19:00;0;0;3;19
2024-11-16;11;2024;sábado;20:00;0;1;3;20
2024-11-16;11;2024;sábado;21:00;0;0;3;21
2024-11-16;11;2024;sábado;22:00;1;0;3;22
2024-11-16;11;2024;sábado;23:00;0;0;3;23
2024-11-17;11;2024;domingo;00:00:00;0;0;3;0
2024-11-17;11;2024;domingo;01:00;0;0;3;1
2024-11-17;11;2024;domingo;02:00;0;0;3;2
2024-11-17;11;2024;domingo;03:00;0;0;3;3
2024-11-17;11;2024;domingo;04:00;0;0;3;4
2024-11-17;11;2024;domingo;05:00;1;0;3;5
2024-11-17;11;2024;domingo;06:00;0;0;3;6
2024-11-17;11;2024;domingo;07:00;0;0;3;7
2024-11-17;11;2024;domingo;08:00;0;1;3;8
2024-11-17;11;2024;domingo;09:00;0;0;3;9
2024-11-17;11;2024;domingo;10:00;1;0;3;10
2024-11-17;11;2024;domingo;11:00;1;0;3;11
2024-11-17;11;2024;domingo;12:00;1;1;3;12
2024-11-17;11;2024;domingo;13:00;3;0;3;13
2024-11-17;11;2024;domingo;14:00;1;1;3;14
2024-11-17;11;2024;domingo;15:00;0;0;3;15
2024-11-17;11;2024;domingo;16:00;0;0;3;16
2024-11-17;11;2024;domingo;17:00;0;0;3;17
2024-11-17;11;2024;domingo;18:00;1;0;3;18
2024-11-17;11;2024;domingo;19:00;0;0;3;19
2024-11-17;11;2024;domingo;20:00;0;0;3;20
2024-11-17;11;2024;domingo;21:00;0;0;3;21
2024-11-17;11;2024;domingo;22:00;1;0;3;22
2024-11-17;11;2024;domingo;23:00;0;0;3;23
2024-11-18;11;2024;lunes;00:00:00;0;0;3;0
2024-11-18;11;2024;lunes;01:00;0;0;3;1
2024-11-18;11;2024;lunes;02:00;0;0;3;2
2024-11-18;11;2024;lunes;03:00;0;1;3;3
2024-11-18;11;2024;lunes;04:00;0;0;3;4
2024-11-18;11;2024;lunes;05:00;0;0;3;5
2024-11-18;11;2024;lunes;06:00;1;0;3;6
2024-11-18;11;2024;lunes;07:00;0;0;3;7
2024-11-18;11;2024;lunes;08:00;0;0;2;8
2024-11-18;11;2024;lunes;09:00;3;0;2;9
2024-11-18;11;2024;lunes;10:00;1;0;1;10
2024-11-18;11;2024;lunes;11:00;1;0;1;11
2024-11-18;11;2024;lunes;12:00;1;0;1;12
2024-11-18;11;2024;lunes;13:00;0;0;1;13
2024-11-18;11;2024;lunes;14:00;0;0;2;14
2024-11-18;11;2024;lunes;15:00;0;0;2;15
2024-11-18;11;2024;lunes;16:00;0;0;2;16
2024-11-18;11;2024;lunes;17:00;1;1;2;17
2024-11-18;11;2024;lunes;18:00;0;0;1;18
2024-11-18;11;2024;lunes;19:00;0;0;1;19
2024-11-18;11;2024;lunes;20:00;0;0;1;20
2024-11-18;11;2024;lunes;21:00;1;0;1;21
2024-11-18;11;2024;lunes;22:00;1;0;2;22
2024-11-18;11;2024;lunes;23:00;0;0;2;23
2024-11-19;11;2024;martes;00:00:00;0;0;3;0
2024-11-19;11;2024;martes;01:00;1;0;3;1
2024-11-19;11;2024;martes;02:00;0;0;3;2
2024-11-19;11;2024;martes;03:00;0;0;3;3
2024-11-19;11;2024;martes;04:00;0;0;3;4
2024-11-19;11;2024;martes;05:00;0;0;3;5
2024-11-19;11;2024;martes;06:00;0;1;3;6
2024-11-19;11;2024;martes;07:00;0;0;3;7
2024-11-19;11;2024;martes;08:00;1;0;2;8
2024-11-19;11;2024;martes;09:00;0;0;2;9
2024-11-19;11;2024;martes;10:00;1;0;1;10
2024-11-19;11;2024;martes;11:00;1;0;1;11
2024-11-19;11;2024;martes;12:00;0;0;1;12
2024-11-19;11;2024;martes;13:00;0;0;1;13
2024-11-19;11;2024;martes;14:00;1;0;2;14
2024-11-19;11;2024;martes;15:00;0;0;2;15
2024-11-19;11;2024;martes;16:00;1;1;2;16
2024-11-19;11;2024;martes;17:00;0;0;2;17
2024-11-19;11;2024;martes;18:00;0;0;1;18
2024-11-19;11;2024;martes;19:00;0;0;1;19
2024-11-19;11;2024;martes;20:00;0;0;1;20
2024-11-19;11;2024;martes;21:00;1;0;1;21
2024-11-19;11;2024;martes;22:00;0;0;2;22
2024-11-19;11;2024;martes;23:00;0;0;2;23
2024-11-20;11;2024;miércoles;00:00:00;0;0;3;0
2024-11-20;11;2024;miércoles;01:00;0;0;3;1
2024-11-20;11;2024;miércoles;02:00;0;0;3;2
2024-11-20;11;2024;miércoles;03:00;0;0;3;3
2024-11-20;11;2024;miércoles;04:00;0;0;3;4
2024-11-20;11;2024;miércoles;05:00;0;0;3;5
2024-11-20;11;2024;miércoles;06:00;0;0;3;6
2024-11-20;11;2024;miércoles;07:00;1;0;3;7
2024-11-20;11;2024;miércoles;08:00;0;0;2;8
2024-11-20;11;2024;miércoles;09:00;2;1;2;9
2024-11-20;11;2024;miércoles;10:00;0;0;1;10
2024-11-20;11;2024;miércoles;11:00;0;0;1;11
2024-11-20;11;2024;miércoles;12:00;1;0;1;12
2024-11-20;11;2024;miércoles;13:00;0;0;1;13
2024-11-20;11;2024;miércoles;14:00;1;0;2;14
2024-11-20;11;2024;miércoles;15:00;1;1;2;15
2024-11-20;11;2024;miércoles;16:00;0;0;2;16
2024-11-20;11;2024;miércoles;17:00;1;0;2;17
2024-11-20;11;2024;miércoles;18:00;0;0;1;18
2024-11-20;11;2024;miércoles;19:00;1;0;1;19
2024-11-20;11;2024;miércoles;20:00;0;0;1;20
2024-11-20;11;2024;miércoles;21:00;1;0;1;21
2024-11-20;11;2024;miércoles;22:00;0;0;2;22
2024-11-20;11;2024;miércoles;23:00;0;0;2;23
2024-11-21;11;2024;jueves;00:00:00;0;0;3;0
2024-11-21;11;2024;jueves;01:00;1;0;3;1
2024-11-21;11;2024;jueves;02:00;0;1;3;2
2024-11-21;11;2024;jueves;03:00;0;0;3;3
2024-11-21;11;2024;jueves;04:00;0;0;3;4
2024-11-21;11;2024;jueves;05:00;0;0;3;5
2024-11-21;11;2024;jueves;06:00;0;0;3;6
2024-11-21;11;2024;jueves;07:00;0;0;3;7
2024-11-21;11;2024;jueves;08:00;0;0;2;8
2024-11-21;11;2024;jueves;09:00;1;0;2;9
2024-11-21;11;2024;jueves;10:00;0;0;1;10
2024-11-21;11;2024;jueves;11:00;1;0;1;11
2024-11-21;11;2024;jueves;12:00;1;0;1;12
2024-11-21;11;2024;jueves;13:00;2;1;1;13
2024-11-21;11;2024;jueves;14:00;1;0;2;14
2024-11-21;11;2024;jueves;15:00;0;0;2;15
2024-11-21;11;2024;jueves;16:00;0;1;2;16
2024-11-21;11;2024;jueves;17:00;1;0;2;17
2024-11-21;11;2024;jueves;18:00;0;0;1;18
2024-11-21;11;2024;jueves;19:00;0;0;1;19
2024-11-21;11;2024;jueves;20:00;1;0;1;20
2024-11-21;11;2024;jueves;21:00;0;0;1;21
2024-11-21;11;2024;jueves;22:00;0;0;2;22
2024-11-21;11;2024;jueves;23:00;0;0;2;23
2024-11-22;11;2024;viernes;00:00:00;1;0;3;0
2024-11-22;11;2024;viernes;01:00;0;0;3;1
2024-11-22;11;2024;viernes;02:00;0;0;3;2
2024-11-22;11;2024;viernes;03:00;0;0;3;3
2024-11-22;11;2024;viernes;04:00;0;0;3;4
2024-11-22;11;2024;viernes;05:00;0;0;3;5
2024-11-22;11;2024;viernes;06:00;0;0;3;6
2024-11-22;11;2024;viernes;07:00;0;1;3;7
2024-11-22;11;2024;viernes;08:00;1;0;2;8
2024-11-22;11;2024;viernes;09:00;0;0;2;9
2024-11-22;11;2024;viernes;10:00;0;0;1;10
2024-11-22;11;2024;viernes;11:00;1;0;1;11
2024-11-22;11;2024;viernes;12:00;1;0;1;12
2024-11-22;11;2024;viernes;13:00;0;0;1;13
2024-11-22;11;2024;viernes;14:00;1;0;2;14
2024-11-22;11;2024;viernes;15:00;0;0;2;15
2024-11-22;11;2024;viernes;16:00;0;0;2;16
2024-11-22;11;2024;viernes;17:00;1;2;2;17
2024-11-22;11;2024;viernes;18:00;0;0;1;18
2024-11-22;11;2024;viernes;19:00;1;0;1;19
2024-11-22;11;2024;viernes;20:00;0;1;1;20
2024-11-22;11;2024;viernes;21:00;1;0;1;21
2024-11-22;11;2024;viernes;22:00;0;0;2;22
2024-11-22;11;2024;viernes;23:00;0;0;2;23
2024-11-23;11;2024;sábado;00:00:00;0;0;3;0
2024-11-23;11;2024;sábado;01:00;0;0;3;1
2024-11-23;11;2024;sábado;02:00;0;0;3;2
2024-11-23;11;2024;sábado;03:00;1;0;3;3
2024-11-23;11;2024;sábado;04:00;0;0;3;4
2024-11-23;11;2024;sábado;05:00;0;0;3;5
2024-11-23;11;2024;sábado;06:00;0;0;3;6
2024-11-23;11;2024;sábado;07:00;0;0;3;7
2024-11-23;11;2024;sábado;08:00;0;0;3;8
2024-11-23;11;2024;sábado;09:00;1;1;3;9
2024-11-23;11;2024;sábado;10:00;2;0;3;10
2024-11-23;11;2024;sábado;11:00;0;0;3;11
2024-11-23;11;2024;sábado;12:00;1;0;3;12
2024-11-23;11;2024;sábado;13:00;1;0;3;13
2024-11-23;11;2024;sábado;14:00;1;0;3;14
2024-11-23;11;2024;sábado;15:00;0;0;3;15
2024-11-23;11;2024;sábado;16:00;0;0;3;16
2024-11-23;11;2024;sábado;17:00;1;2;3;17
2024-11-23;11;2024;sábado;18:00;0;0;3;18
2024-11-23;11;2024;sábado;19:00;1;0;3;19
2024-11-23;11;2024;sábado;20:00;0;0;3;20
2024-11-23;11;2024;sábado;21:00;0;1;3;21
2024-11-23;11;2024;sábado;22:00;1;0;3;22
2024-11-23;11;2024;sábado;23:00;0;0;3;23
2024-11-24;11;2024;domingo;00:00:00;0;0;3;0
2024-11-24;11;2024;domingo;01:00;0;0;3;1
2024-11-24;11;2024;domingo;02:00;0;0;3;2
2024-11-24;11;2024;domingo;03:00;0;0;3;3
2024-11-24;11;2024;domingo;04:00;1;0;3;4
2024-11-24;11;2024;domingo;05:00;0;0;3;5
2024-11-24;11;2024;domingo;06:00;0;0;3;6
2024-11-24;11;2024;domingo;07:00;0;0;3;7
2024-11-24;11;2024;domingo;08:00;0;0;3;8
2024-11-24;11;2024;domingo;09:00;1;1;3;9
2024-11-24;11;2024;domingo;10:00;0;0;3;10
2024-11-24;11;2024;domingo;11:00;1;0;3;11
2024-11-24;11;2024;domingo;12:00;1;0;3;12
2024-11-24;11;2024;domingo;13:00;1;0;3;13
2024-11-24;11;2024;domingo;14:00;1;1;3;14
2024-11-24;11;2024;domingo;15:00;1;0;3;15
2024-11-24;11;2024;domingo;16:00;0;0;3;16
2024-11-24;11;2024;domingo;17:00;0;0;3;17
2024-11-24;11;2024;domingo;18:00;1;1;3;18
2024-11-24;11;2024;domingo;19:00;0;0;3;19
2024-11-24;11;2024;domingo;20:00;0;0;3;20
2024-11-24;11;2024;domingo;21:00;0;0;3;21
2024-11-24;11;2024;domingo;22:00;1;0;3;22
2024-11-24;11;2024;domingo;23:00;0;0;3;23
2024-11-25;11;2024;lunes;00:00:00;0;0;3;0
2024-11-25;11;2024;lunes;01:00;0;0;3;1
2024-11-25;11;2024;lunes;02:00;0;0;3;2
2024-11-25;11;2024;lunes;03:00;1;0;3;3
2024-11-25;11;2024;lunes;04:00;0;1;3;4
2024-11-25;11;2024;lunes;05:00;0;0;3;5
2024-11-25;11;2024;lunes;06:00;0;0;3;6
2024-11-25;11;2024;lunes;07:00;0;0;3;7
2024-11-25;11;2024;lunes;08:00;0;0;2;8
2024-11-25;11;2024;lunes;09:00;1;0;2;9
2024-11-25;11;2024;lunes;10:00;0;0;1;10
2024-11-25;11;2024;lunes;11:00;1;0;1;11
2024-11-25;11;2024;lunes;12:00;1;0;1;12
2024-11-25;11;2024;lunes;13:00;1;1;1;13
2024-11-25;11;2024;lunes;14:00;0;0;2;14
2024-11-25;11;2024;lunes;15:00;0;0;2;15
2024-11-25;11;2024;lunes;16:00;1;0;2;16
2024-11-25;11;2024;lunes;17:00;0;0;2;17
2024-11-25;11;2024;lunes;18:00;0;0;1;18
2024-11-25;11;2024;lunes;19:00;1;1;1;19
2024-11-25;11;2024;lunes;20:00;0;0;1;20
2024-11-25;11;2024;lunes;21:00;1;1;1;21
2024-11-25;11;2024;lunes;22:00;0;0;2;22
2024-11-25;11;2024;lunes;23:00;0;0;2;23
2024-11-26;11;2024;martes;00:00:00;0;0;3;0
2024-11-26;11;2024;martes;01:00;1;0;3;1
2024-11-26;11;2024;martes;02:00;0;0;3;2
2024-11-26;11;2024;martes;03:00;0;0;3;3
2024-11-26;11;2024;martes;04:00;0;0;3;4
2024-11-26;11;2024;martes;05:00;0;0;3;5
2024-11-26;11;2024;martes;06:00;0;0;3;6
2024-11-26;11;2024;martes;07:00;0;1;3;7
2024-11-26;11;2024;martes;08:00;0;0;2;8
2024-11-26;11;2024;martes;09:00;3;0;2;9
2024-11-26;11;2024;martes;10:00;1;0;1;10
2024-11-26;11;2024;martes;11:00;1;0;1;11
2024-11-26;11;2024;martes;12:00;0;0;1;12
2024-11-26;11;2024;martes;13:00;1;0;1;13
2024-11-26;11;2024;martes;14:00;0;1;2;14
2024-11-26;11;2024;martes;15:00;0;0;2;15
2024-11-26;11;2024;martes;16:00;0;0;2;16
2024-11-26;11;2024;martes;17:00;1;0;2;17
2024-11-26;11;2024;martes;18:00;0;0;1;18
2024-11-26;11;2024;martes;19:00;1;0;1;19
2024-11-26;11;2024;martes;20:00;0;0;1;20
2024-11-26;11;2024;martes;21:00;0;0;1;21
2024-11-26;11;2024;martes;22:00;1;0;2;22
2024-11-26;11;2024;martes;23:00;0;0;2;23
2024-11-27;11;2024;miércoles;00:00:00;0;1;3;0
2024-11-27;11;2024;miércoles;01:00;0;0;3;1
2024-11-27;11;2024;miércoles;02:00;0;0;3;2
2024-11-27;11;2024;miércoles;03:00;0;0;3;3
2024-11-27;11;2024;miércoles;04:00;1;0;3;4
2024-11-27;11;2024;miércoles;05:00;0;0;3;5
2024-11-27;11;2024;miércoles;06:00;0;0;3;6
2024-11-27;11;2024;miércoles;07:00;0;0;3;7
2024-11-27;11;2024;miércoles;08:00;0;0;2;8
2024-11-27;11;2024;miércoles;09:00;1;0;2;9
2024-11-27;11;2024;miércoles;10:00;0;0;1;10
2024-11-27;11;2024;miércoles;11:00;1;1;1;11
2024-11-27;11;2024;miércoles;12:00;1;0;1;12
2024-11-27;11;2024;miércoles;13:00;0;0;1;13
2024-11-27;11;2024;miércoles;14:00;0;0;2;14
2024-11-27;11;2024;miércoles;15:00;1;0;2;15
2024-11-27;11;2024;miércoles;16:00;0;0;2;16
2024-11-27;11;2024;miércoles;17:00;0;1;2;17
2024-11-27;11;2024;miércoles;18:00;0;0;1;18
2024-11-27;11;2024;miércoles;19:00;1;0;1;19
2024-11-27;11;2024;miércoles;20:00;0;0;1;20
2024-11-27;11;2024;miércoles;21:00;0;0;1;21
2024-11-27;11;2024;miércoles;22:00;1;0;2;22
2024-11-27;11;2024;miércoles;23:00;0;0;2;23
2024-11-28;11;2024;jueves;00:00:00;0;0;3;0
2024-11-28;11;2024;jueves;01:00;0;0;3;1
2024-11-28;11;2024;jueves;02:00;0;0;3;2
2024-11-28;11;2024;jueves;03:00;0;0;3;3
2024-11-28;11;2024;jueves;04:00;0;1;3;4
2024-11-28;11;2024;jueves;05:00;0;0;3;5
2024-11-28;11;2024;jueves;06:00;1;0;3;6
2024-11-28;11;2024;jueves;07:00;0;0;3;7
2024-11-28;11;2024;jueves;08:00;0;0;2;8
2024-11-28;11;2024;jueves;09:00;1;0;2;9
2024-11-28;11;2024;jueves;10:00;0;0;1;10
2024-11-28;11;2024;jueves;11:00;0;0;1;11
2024-11-28;11;2024;jueves;12:00;1;2;1;12
2024-11-28;11;2024;jueves;13:00;1;1;1;13
2024-11-28;11;2024;jueves;14:00;1;1;2;14
2024-11-28;11;2024;jueves;15:00;1;0;2;15
2024-11-28;11;2024;jueves;16:00;0;1;2;16
2024-11-28;11;2024;jueves;17:00;0;0;2;17
2024-11-28;11;2024;jueves;18:00;1;0;1;18
2024-11-28;11;2024;jueves;19:00;0;0;1;19
2024-11-28;11;2024;jueves;20:00;0;0;1;20
2024-11-28;11;2024;jueves;21:00;1;0;1;21
2024-11-28;11;2024;jueves;22:00;0;0;2;22
2024-11-28;11;2024;jueves;23:00;0;0;2;23
2024-11-29;11;2024;viernes;00:00:00;1;1;3;0
2024-11-29;11;2024;viernes;01:00;0;0;3;1
2024-11-29;11;2024;viernes;02:00;0;0;3;2
2024-11-29;11;2024;viernes;03:00;0;0;3;3
2024-11-29;11;2024;viernes;04:00;0;0;3;4
2024-11-29;11;2024;viernes;05:00;0;0;3;5
2024-11-29;11;2024;viernes;06:00;0;0;3;6
2024-11-29;11;2024;viernes;07:00;0;0;3;7
2024-11-29;11;2024;viernes;08:00;1;0;2;8
2024-11-29;11;2024;viernes;09:00;2;1;2;9
2024-11-29;11;2024;viernes;10:00;1;0;1;10
2024-11-29;11;2024;viernes;11:00;0;1;1;11
2024-11-29;11;2024;viernes;12:00;0;0;1;12
2024-11-29;11;2024;viernes;13:00;0;0;1;13
2024-11-29;11;2024;viernes;14:00;1;0;2;14
2024-11-29;11;2024;viernes;15:00;1;0;2;15
2024-11-29;11;2024;viernes;16:00;0;0;2;16
2024-11-29;11;2024;viernes;17:00;0;0;2;17
2024-11-29;11;2024;viernes;18:00;0;0;1;18
2024-11-29;11;2024;viernes;19:00;0;1;1;19
2024-11-29;11;2024;viernes;20:00;0;0;1;20
2024-11-29;11;2024;viernes;21:00;1;0;1;21
2024-11-29;11;2024;viernes;22:00;0;0;2;22
2024-11-29;11;2024;viernes;23:00;0;0;2;23
2024-11-30;11;2024;sábado;00:00:00;0;0;3;0
2024-11-30;11;2024;sábado;01:00;1;0;3;1
2024-11-30;11;2024;sábado;02:00;0;0;3;2
2024-11-30;11;2024;sábado;03:00;0;0;3;3
2024-11-30;11;2024;sábado;04:00;0;0;3;4
2024-11-30;11;2024;sábado;05:00;0;0;3;5
2024-11-30;11;2024;sábado;06:00;0;1;3;6
2024-11-30;11;2024;sábado;07:00;0;0;3;7
2024-11-30;11;2024;sábado;08:00;0;0;3;8
2024-11-30;11;2024;sábado;09:00;1;0;3;9
2024-11-30;11;2024;sábado;10:00;0;0;3;10
2024-11-30;11;2024;sábado;11:00;0;0;3;11
2024-11-30;11;2024;sábado;12:00;2;0;3;12
2024-11-30;11;2024;sábado;13:00;2;0;3;13
2024-11-30;11;2024;sábado;14:00;0;0;3;14
2024-11-30;11;2024;sábado;15:00;0;0;3;15
2024-11-30;11;2024;sábado;16:00;0;0;3;16
2024-11-30;11;2024;sábado;17:00;0;0;3;17
2024-11-30;11;2024;sábado;18:00;0;1;3;18
2024-11-30;11;2024;sábado;19:00;0;0;3;19
2024-11-30;11;2024;sábado;20:00;1;0;3;20
2024-11-30;11;2024;sábado;21:00;0;0;3;21
2024-11-30;11;2024;sábado;22:00;0;0;3;22
2024-11-30;11;2024;sábado;23:00;0;0;3;23
2024-12-01;12;2024;domingo;00:00:00;0;0;3;0
2024-12-01;12;2024;domingo;01:00;0;0;3;1
2024-12-01;12;2024;domingo;02:00;0;0;3;2
2024-12-01;12;2024;domingo;03:00;0;0;3;3
2024-12-01;12;2024;domingo;04:00;1;0;3;4
2024-12-01;12;2024;domingo;05:00;0;0;3;5
2024-12-01;12;2024;domingo;06:00;0;0;3;6
2024-12-01;12;2024;domingo;07:00;0;1;3;7
2024-12-01;12;2024;domingo;08:00;0;0;3;8
2024-12-01;12;2024;domingo;09:00;2;0;3;9
2024-12-01;12;2024;domingo;10:00;1;0;3;10
2024-12-01;12;2024;domingo;11:00;1;1;3;11
2024-12-01;12;2024;domingo;12:00;0;0;3;12
2024-12-01;12;2024;domingo;13:00;2;0;3;13
2024-12-01;12;2024;domingo;14:00;0;0;3;14
2024-12-01;12;2024;domingo;15:00;0;0;3;15
2024-12-01;12;2024;domingo;16:00;0;0;3;16
2024-12-01;12;2024;domingo;17:00;1;0;3;17
2024-12-01;12;2024;domingo;18:00;0;1;3;18
2024-12-01;12;2024;domingo;19:00;0;0;3;19
2024-12-01;12;2024;domingo;20:00;0;0;3;20
2024-12-01;12;2024;domingo;21:00;0;0;3;21
2024-12-01;12;2024;domingo;22:00;1;0;3;22
2024-12-01;12;2024;domingo;23:00;0;0;3;23
2024-12-02;12;2024;lunes;00:00:00;0;0;3;0
2024-12-02;12;2024;lunes;01:00;0;0;3;1
2024-12-02;12;2024;lunes;02:00;0;0;3;2
2024-12-02;12;2024;lunes;03:00;0;0;3;3
2024-12-02;12;2024;lunes;04:00;0;0;3;4
2024-12-02;12;2024;lunes;05:00;0;0;3;5
2024-12-02;12;2024;lunes;06:00;1;0;3;6
2024-12-02;12;2024;lunes;07:00;0;0;3;7
2024-12-02;12;2024;lunes;08:00;0;0;2;8
2024-12-02;12;2024;lunes;09:00;0;1;2;9
2024-12-02;12;2024;lunes;10:00;0;0;1;10
2024-12-02;12;2024;lunes;11:00;0;0;1;11
2024-12-02;12;2024;lunes;12:00;2;0;1;12
2024-12-02;12;2024;lunes;13:00;2;0;1;13
2024-12-02;12;2024;lunes;14:00;0.346;0.346;2;14
2024-12-02;12;2024;lunes;15:00;0.327;0.327;2;15
2024-12-02;12;2024;lunes;16:00;0.327;0.327;2;16
2024-12-02;12;2024;lunes;17:00;0;0;2;17
2024-12-02;12;2024;lunes;18:00;2;0;1;18
2024-12-02;12;2024;lunes;19:00;0;0;1;19
2024-12-02;12;2024;lunes;20:00;0;0;1;20
2024-12-02;12;2024;lunes;21:00;1;0;1;21
2024-12-02;12;2024;lunes;22:00;0;0;2;22
2024-12-02;12;2024;lunes;23:00;0;0;2;23
2024-12-03;12;2024;martes;00:00:00;0;0;3;0
2024-12-03;12;2024;martes;01:00;0;0;3;1
2024-12-03;12;2024;martes;02:00;0;0;3;2
2024-12-03;12;2024;martes;03:00;0;0;3;3
2024-12-03;12;2024;martes;04:00;1;0;3;4
2024-12-03;12;2024;martes;05:00;0;1;3;5
2024-12-03;12;2024;martes;06:00;0;0;3;6
2024-12-03;12;2024;martes;07:00;0;0;3;7
2024-12-03;12;2024;martes;08:00;0;0;2;8
2024-12-03;12;2024;martes;09:00;0;0;2;9
2024-12-03;12;2024;martes;10:00;1;0;1;10
2024-12-03;12;2024;martes;11:00;1;0;1;11
2024-12-03;12;2024;martes;12:00;1;0;1;12
2024-12-03;12;2024;martes;13:00;0;0;1;13
2024-12-03;12;2024;martes;14:00;1;0;2;14
2024-12-03;12;2024;martes;15:00;0;0;2;15
2024-12-03;12;2024;martes;16:00;0;0;2;16
2024-12-03;12;2024;martes;17:00;0;0;2;17
2024-12-03;12;2024;martes;18:00;0;0;1;18
2024-12-03;12;2024;martes;19:00;1;1;1;19
2024-12-03;12;2024;martes;20:00;0;0;1;20
2024-12-03;12;2024;martes;21:00;0;0;1;21
2024-12-03;12;2024;martes;22:00;1;0;2;22
2024-12-03;12;2024;martes;23:00;0;0;2;23
2024-12-04;12;2024;miércoles;00:00:00;0;0;3;0
2024-12-04;12;2024;miércoles;01:00;1;0;3;1
2024-12-04;12;2024;miércoles;02:00;0;0;3;2
2024-12-04;12;2024;miércoles;03:00;0;0;3;3
2024-12-04;12;2024;miércoles;04:00;0;0;3;4
2024-12-04;12;2024;miércoles;05:00;0;0;3;5
2024-12-04;12;2024;miércoles;06:00;0;0;3;6
2024-12-04;12;2024;miércoles;07:00;0;0;3;7
2024-12-04;12;2024;miércoles;08:00;3;1;2;8
2024-12-04;12;2024;miércoles;09:00;1;0;2;9
2024-12-04;12;2024;miércoles;10:00;0;0;1;10
2024-12-04;12;2024;miércoles;11:00;0;0;1;11
2024-12-04;12;2024;miércoles;12:00;1;0;1;12
2024-12-04;12;2024;miércoles;13:00;3;1;1;13
2024-12-04;12;2024;miércoles;14:00;0;0;2;14
2024-12-04;12;2024;miércoles;15:00;0;0;2;15
2024-12-04;12;2024;miércoles;16:00;1;0;2;16
2024-12-04;12;2024;miércoles;17:00;0;1;2;17
2024-12-04;12;2024;miércoles;18:00;0;0;1;18
2024-12-04;12;2024;miércoles;19:00;1;0;1;19
2024-12-04;12;2024;miércoles;20:00;0;0;1;20
2024-12-04;12;2024;miércoles;21:00;1;0;1;21
2024-12-04;12;2024;miércoles;22:00;0;0;2;22
2024-12-04;12;2024;miércoles;23:00;0;0;2;23
2024-12-05;12;2024;jueves;00:00:00;0;0;3;0
2024-12-05;12;2024;jueves;01:00;0;0;3;1
2024-12-05;12;2024;jueves;02:00;1;0;3;2
2024-12-05;12;2024;jueves;03:00;0;0;3;3
2024-12-05;12;2024;jueves;04:00;0;0;3;4
2024-12-05;12;2024;jueves;05:00;0;0;3;5
2024-12-05;12;2024;jueves;06:00;0;1;3;6
2024-12-05;12;2024;jueves;07:00;0;0;3;7
2024-12-05;12;2024;jueves;08:00;0;0;2;8
2024-12-05;12;2024;jueves;09:00;1;0;2;9
2024-12-05;12;2024;jueves;10:00;1;0;1;10
2024-12-05;12;2024;jueves;11:00;0;0;1;11
2024-12-05;12;2024;jueves;12:00;1;0;1;12
2024-12-05;12;2024;jueves;13:00;1;0;1;13
2024-12-05;12;2024;jueves;14:00;1;1;2;14
2024-12-05;12;2024;jueves;15:00;0;0;2;15
2024-12-05;12;2024;jueves;16:00;0;0;2;16
2024-12-05;12;2024;jueves;17:00;0;0;2;17
2024-12-05;12;2024;jueves;18:00;1;0;1;18
2024-12-05;12;2024;jueves;19:00;0;0;1;19
2024-12-05;12;2024;jueves;20:00;1;0;1;20
2024-12-05;12;2024;jueves;21:00;0;0;1;21
2024-12-05;12;2024;jueves;22:00;0;0;2;22
2024-12-05;12;2024;jueves;23:00;1;0;2;23
2024-12-06;12;2024;viernes;00:00:00;0;0;3;0
2024-12-06;12;2024;viernes;01:00;0;0;3;1
2024-12-06;12;2024;viernes;02:00;0;0;3;2
2024-12-06;12;2024;viernes;03:00;0;0;3;3
2024-12-06;12;2024;viernes;04:00;0;0;3;4
2024-12-06;12;2024;viernes;05:00;0;1;3;5
2024-12-06;12;2024;viernes;06:00;0;0;3;6
2024-12-06;12;2024;viernes;07:00;0;0;3;7
2024-12-06;12;2024;viernes;08:00;0;0;3;8
2024-12-06;12;2024;viernes;09:00;1;0;3;9
2024-12-06;12;2024;viernes;10:00;1;0;3;10
2024-12-06;12;2024;viernes;11:00;1;0;3;11
2024-12-06;12;2024;viernes;12:00;1;0;3;12
2024-12-06;12;2024;viernes;13:00;1;0;3;13
2024-12-06;12;2024;viernes;14:00;1;0;3;14
2024-12-06;12;2024;viernes;15:00;0;0;3;15
2024-12-06;12;2024;viernes;16:00;1;1;3;16
2024-12-06;12;2024;viernes;17:00;1;0;3;17
2024-12-06;12;2024;viernes;18:00;1;0;3;18
2024-12-06;12;2024;viernes;19:00;1;0;3;19
2024-12-06;12;2024;viernes;20:00;1;0;3;20
2024-12-06;12;2024;viernes;21:00;0;0;3;21
2024-12-06;12;2024;viernes;22:00;1;0;3;22
2024-12-06;12;2024;viernes;23:00;1;0;3;23
2024-12-07;12;2024;sábado;00:00:00;0;0;3;0
2024-12-07;12;2024;sábado;01:00;0;0;3;1
2024-12-07;12;2024;sábado;02:00;1;0;3;2
2024-12-07;12;2024;sábado;03:00;1;0;3;3
2024-12-07;12;2024;sábado;04:00;0;0;3;4
2024-12-07;12;2024;sábado;05:00;1;0;3;5
2024-12-07;12;2024;sábado;06:00;0;0;3;6
2024-12-07;12;2024;sábado;07:00;0;0;3;7
2024-12-07;12;2024;sábado;08:00;2;1;3;8
2024-12-07;12;2024;sábado;09:00;0;0;3;9
2024-12-07;12;2024;sábado;10:00;2;0;3;10
2024-12-07;12;2024;sábado;11:00;1;0;3;11
2024-12-07;12;2024;sábado;12:00;0;1;3;12
2024-12-07;12;2024;sábado;13:00;1;0;3;13
2024-12-07;12;2024;sábado;14:00;0;0;3;14
2024-12-07;12;2024;sábado;15:00;0;0;3;15
2024-12-07;12;2024;sábado;16:00;1;0;3;16
2024-12-07;12;2024;sábado;17:00;0;0;3;17
2024-12-07;12;2024;sábado;18:00;1;0;3;18
2024-12-07;12;2024;sábado;19:00;0;0;3;19
2024-12-07;12;2024;sábado;20:00;0;0;3;20
2024-12-07;12;2024;sábado;21:00;0;0;3;21
2024-12-07;12;2024;sábado;22:00;0;0;3;22
2024-12-07;12;2024;sábado;23:00;0;0;3;23
2024-12-08;12;2024;domingo;00:00:00;1;1;3;0
2024-12-08;12;2024;domingo;01:00;0;0;3;1
2024-12-08;12;2024;domingo;02:00;0;0;3;2
2024-12-08;12;2024;domingo;03:00;0;0;3;3
2024-12-08;12;2024;domingo;04:00;0;0;3;4
2024-12-08;12;2024;domingo;05:00;0;0;3;5
2024-12-08;12;2024;domingo;06:00;0;0;3;6
2024-12-08;12;2024;domingo;07:00;0;0;3;7
2024-12-08;12;2024;domingo;08:00;1;0;3;8
2024-12-08;12;2024;domingo;09:00;2;0;3;9
2024-12-08;12;2024;domingo;10:00;2;0;3;10
2024-12-08;12;2024;domingo;11:00;0;1;3;11
2024-12-08;12;2024;domingo;12:00;2;0;3;12
2024-12-08;12;2024;domingo;13:00;0;0;3;13
2024-12-08;12;2024;domingo;14:00;0;0;3;14
2024-12-08;12;2024;domingo;15:00;0;0;3;15
2024-12-08;12;2024;domingo;16:00;0;0;3;16
2024-12-08;12;2024;domingo;17:00;1;0;3;17
2024-12-08;12;2024;domingo;18:00;0;0;3;18
2024-12-08;12;2024;domingo;19:00;0;0;3;19
2024-12-08;12;2024;domingo;20:00;0;0;3;20
2024-12-08;12;2024;domingo;21:00;0;0;3;21
2024-12-08;12;2024;domingo;22:00;1;0;3;22
2024-12-08;12;2024;domingo;23:00;0;0;3;23
2024-12-09;12;2024;lunes;00:00:00;0;0;3;0
2024-12-09;12;2024;lunes;01:00;0;0;3;1
2024-12-09;12;2024;lunes;02:00;0;0;3;2
2024-12-09;12;2024;lunes;03:00;0;1;3;3
2024-12-09;12;2024;lunes;04:00;0;0;3;4
2024-12-09;12;2024;lunes;05:00;0;0;3;5
2024-12-09;12;2024;lunes;06:00;0;0;3;6
2024-12-09;12;2024;lunes;07:00;1;0;3;7
2024-12-09;12;2024;lunes;08:00;0;0;2;8
2024-12-09;12;2024;lunes;09:00;0;0;2;9
2024-12-09;12;2024;lunes;10:00;0;0;1;10
2024-12-09;12;2024;lunes;11:00;1;0;1;11
2024-12-09;12;2024;lunes;12:00;3;1;1;12
2024-12-09;12;2024;lunes;13:00;0;0;1;13
2024-12-09;12;2024;lunes;14:00;1;0;2;14
2024-12-09;12;2024;lunes;15:00;0;0;2;15
2024-12-09;12;2024;lunes;16:00;0;0;2;16
2024-12-09;12;2024;lunes;17:00;0;0;2;17
2024-12-09;12;2024;lunes;18:00;0;0;1;18
2024-12-09;12;2024;lunes;19:00;0;0;1;19
2024-12-09;12;2024;lunes;20:00;0;0;1;20
2024-12-09;12;2024;lunes;21:00;1;0;1;21
2024-12-09;12;2024;lunes;22:00;0;0;2;22
2024-12-09;12;2024;lunes;23:00;0;0;2;23
2024-12-10;12;2024;martes;00:00:00;0;0;3;0
2024-12-10;12;2024;martes;01:00;0;1;3;1
2024-12-10;12;2024;martes;02:00;0;0;3;2
2024-12-10;12;2024;martes;03:00;0;0;3;3
2024-12-10;12;2024;martes;04:00;0;0;3;4
2024-12-10;12;2024;martes;05:00;0;0;3;5
2024-12-10;12;2024;martes;06:00;1;0;3;6
2024-12-10;12;2024;martes;07:00;0;0;3;7
2024-12-10;12;2024;martes;08:00;0;0;2;8
2024-12-10;12;2024;martes;09:00;0;0;2;9
2024-12-10;12;2024;martes;10:00;1;0;1;10
2024-12-10;12;2024;martes;11:00;3;0;1;11
2024-12-10;12;2024;martes;12:00;1;1;1;12
2024-12-10;12;2024;martes;13:00;1;0;1;13
2024-12-10;12;2024;martes;14:00;1;0;2;14
2024-12-10;12;2024;martes;15:00;0;0;2;15
2024-12-10;12;2024;martes;16:00;0;0;2;16
2024-12-10;12;2024;martes;17:00;0;0;2;17
2024-12-10;12;2024;martes;18:00;2;0;1;18
2024-12-10;12;2024;martes;19:00;0;0;1;19
2024-12-10;12;2024;martes;20:00;0;0;1;20
2024-12-10;12;2024;martes;21:00;0;0;1;21
2024-12-10;12;2024;martes;22:00;0;1;2;22
2024-12-10;12;2024;martes;23:00;1;0;2;23
2024-12-11;12;2024;miércoles;00:00:00;0;0;3;0
2024-12-11;12;2024;miércoles;01:00;0;0;3;1
2024-12-11;12;2024;miércoles;02:00;0;0;3;2
2024-12-11;12;2024;miércoles;03:00;0;0;3;3
2024-12-11;12;2024;miércoles;04:00;0;0;3;4
2024-12-11;12;2024;miércoles;05:00;0;0;3;5
2024-12-11;12;2024;miércoles;06:00;0;0;3;6
2024-12-11;12;2024;miércoles;07:00;0;0;3;7
2024-12-11;12;2024;miércoles;08:00;0;0;2;8
2024-12-11;12;2024;miércoles;09:00;1;0;2;9
2024-12-11;12;2024;miércoles;10:00;0;0;1;10
2024-12-11;12;2024;miércoles;11:00;0;0;1;11
2024-12-11;12;2024;miércoles;12:00;1;0;1;12
2024-12-11;12;2024;miércoles;13:00;1;1;1;13
2024-12-11;12;2024;miércoles;14:00;1;0;2;14
2024-12-11;12;2024;miércoles;15:00;0;0;2;15
2024-12-11;12;2024;miércoles;16:00;1;0;2;16
2024-12-11;12;2024;miércoles;17:00;0;0;2;17
2024-12-11;12;2024;miércoles;18:00;0;0;1;18
2024-12-11;12;2024;miércoles;19:00;0;0;1;19
2024-12-11;12;2024;miércoles;20:00;1;0;1;20
2024-12-11;12;2024;miércoles;21:00;0;0;1;21
2024-12-11;12;2024;miércoles;22:00;0;0;2;22
2024-12-11;12;2024;miércoles;23:00;0;1;2;23
2024-12-12;12;2024;jueves;00:00:00;1;0;3;0
2024-12-12;12;2024;jueves;01:00;0;0;3;1
2024-12-12;12;2024;jueves;02:00;0;0;3;2
2024-12-12;12;2024;jueves;03:00;0;0;3;3
2024-12-12;12;2024;jueves;04:00;0;0;3;4
2024-12-12;12;2024;jueves;05:00;0;0;3;5
2024-12-12;12;2024;jueves;06:00;0;0;3;6
2024-12-12;12;2024;jueves;07:00;2;0;3;7
2024-12-12;12;2024;jueves;08:00;1;0;2;8
2024-12-12;12;2024;jueves;09:00;1;0;2;9
2024-12-12;12;2024;jueves;10:00;0;0;1;10
2024-12-12;12;2024;jueves;11:00;0;0;1;11
2024-12-12;12;2024;jueves;12:00;0;0;1;12
2024-12-12;12;2024;jueves;13:00;1;0;1;13
2024-12-12;12;2024;jueves;14:00;0;0;2;14
2024-12-12;12;2024;jueves;15:00;1;1;2;15
2024-12-12;12;2024;jueves;16:00;0;0;2;16
2024-12-12;12;2024;jueves;17:00;0;0;2;17
2024-12-12;12;2024;jueves;18:00;0;0;1;18
2024-12-12;12;2024;jueves;19:00;1;0;1;19
2024-12-12;12;2024;jueves;20:00;0;0;1;20
2024-12-12;12;2024;jueves;21:00;0;0;1;21
2024-12-12;12;2024;jueves;22:00;1;0;2;22
2024-12-12;12;2024;jueves;23:00;0;0;2;23
2024-12-13;12;2024;viernes;00:00:00;0;0;3;0
2024-12-13;12;2024;viernes;01:00;0;0;3;1
2024-12-13;12;2024;viernes;02:00;0;0;3;2
2024-12-13;12;2024;viernes;03:00;0;0;3;3
2024-12-13;12;2024;viernes;04:00;1;0;3;4
2024-12-13;12;2024;viernes;05:00;0;0;3;5
2024-12-13;12;2024;viernes;06:00;0;0;3;6
2024-12-13;12;2024;viernes;07:00;0;0;3;7
2024-12-13;12;2024;viernes;08:00;0;1;2;8
2024-12-13;12;2024;viernes;09:00;1;0;2;9
2024-12-13;12;2024;viernes;10:00;1;0;1;10
2024-12-13;12;2024;viernes;11:00;1;0;1;11
2024-12-13;12;2024;viernes;12:00;0;0;1;12
2024-12-13;12;2024;viernes;13:00;1;0;1;13
2024-12-13;12;2024;viernes;14:00;1;0;2;14
2024-12-13;12;2024;viernes;15:00;0;0;2;15
2024-12-13;12;2024;viernes;16:00;0;0;2;16
2024-12-13;12;2024;viernes;17:00;0;0;2;17
2024-12-13;12;2024;viernes;18:00;0;0;1;18
2024-12-13;12;2024;viernes;19:00;0;0;1;19
2024-12-13;12;2024;viernes;20:00;1;0;1;20
2024-12-13;12;2024;viernes;21:00;0;0;1;21
2024-12-13;12;2024;viernes;22:00;0;0;2;22
2024-12-13;12;2024;viernes;23:00;0;0;2;23
2024-12-14;12;2024;sábado;00:00:00;0;0;3;0
2024-12-14;12;2024;sábado;01:00;0;0;3;1
2024-12-14;12;2024;sábado;02:00;0;0;3;2
2024-12-14;12;2024;sábado;03:00;1;1;3;3
2024-12-14;12;2024;sábado;04:00;0;0;3;4
2024-12-14;12;2024;sábado;05:00;0;0;3;5
2024-12-14;12;2024;sábado;06:00;0;0;3;6
2024-12-14;12;2024;sábado;07:00;0;0;3;7
2024-12-14;12;2024;sábado;08:00;0;0;3;8
2024-12-14;12;2024;sábado;09:00;1;0;3;9
2024-12-14;12;2024;sábado;10:00;1;0;3;10
2024-12-14;12;2024;sábado;11:00;1;0;3;11
2024-12-14;12;2024;sábado;12:00;0;0;3;12
2024-12-14;12;2024;sábado;13:00;1;0;3;13
2024-12-14;12;2024;sábado;14:00;0;0;3;14
2024-12-14;12;2024;sábado;15:00;0;0;3;15
2024-12-14;12;2024;sábado;16:00;1;1;3;16
2024-12-14;12;2024;sábado;17:00;0;0;3;17
2024-12-14;12;2024;sábado;18:00;0;0;3;18
2024-12-14;12;2024;sábado;19:00;0;0;3;19
2024-12-14;12;2024;sábado;20:00;1;0;3;20
2024-12-14;12;2024;sábado;21:00;0;0;3;21
2024-12-14;12;2024;sábado;22:00;0;0;3;22
2024-12-14;12;2024;sábado;23:00;0;0;3;23
2024-12-15;12;2024;domingo;00:00:00;0;0;3;0
2024-12-15;12;2024;domingo;01:00;0;0;3;1
2024-12-15;12;2024;domingo;02:00;0;0;3;2
2024-12-15;12;2024;domingo;03:00;1;0;3;3
2024-12-15;12;2024;domingo;04:00;0;0;3;4
2024-12-15;12;2024;domingo;05:00;0;0;3;5
2024-12-15;12;2024;domingo;06:00;0;1;3;6
2024-12-15;12;2024;domingo;07:00;0;0;3;7
2024-12-15;12;2024;domingo;08:00;0;0;3;8
2024-12-15;12;2024;domingo;09:00;1;0;3;9
2024-12-15;12;2024;domingo;10:00;0;0;3;10
2024-12-15;12;2024;domingo;11:00;0;0;3;11
2024-12-15;12;2024;domingo;12:00;0;0;3;12
2024-12-15;12;2024;domingo;13:00;2;0;3;13
2024-12-15;12;2024;domingo;14:00;0;0;3;14
2024-12-15;12;2024;domingo;15:00;1;0;3;15
2024-12-15;12;2024;domingo;16:00;0;0;3;16
2024-12-15;12;2024;domingo;17:00;0;0;3;17
2024-12-15;12;2024;domingo;18:00;0;0;3;18
2024-12-15;12;2024;domingo;19:00;0;0;3;19
2024-12-15;12;2024;domingo;20:00;1;0;3;20
2024-12-15;12;2024;domingo;21:00;0;0;3;21
2024-12-15;12;2024;domingo;22:00;0;0;3;22
2024-12-15;12;2024;domingo;23:00;0;0;3;23
2024-12-16;12;2024;lunes;00:00:00;0;0;3;0
2024-12-16;12;2024;lunes;01:00;0;0;3;1
2024-12-16;12;2024;lunes;02:00;0;1;3;2
2024-12-16;12;2024;lunes;03:00;0;0;3;3
2024-12-16;12;2024;lunes;04:00;0;0;3;4
2024-12-16;12;2024;lunes;05:00;1;0;3;5
2024-12-16;12;2024;lunes;06:00;0;0;3;6
2024-12-16;12;2024;lunes;07:00;0;0;3;7
2024-12-16;12;2024;lunes;08:00;0;0;2;8
2024-12-16;12;2024;lunes;09:00;0.488;0;2;9
2024-12-16;12;2024;lunes;10:00;0.514;0;1;10
2024-12-16;12;2024;lunes;11:00;0.515;0;1;11
2024-12-16;12;2024;lunes;12:00;1;0;1;12
2024-12-16;12;2024;lunes;13:00;0.483;0;1;13
2024-12-16;12;2024;lunes;14:00;0;0;2;14
2024-12-16;12;2024;lunes;15:00;0;0;2;15
2024-12-16;12;2024;lunes;16:00;0;0;2;16
2024-12-16;12;2024;lunes;17:00;0;0;2;17
2024-12-16;12;2024;lunes;18:00;1;0;1;18
2024-12-16;12;2024;lunes;19:00;0;0;1;19
2024-12-16;12;2024;lunes;20:00;0;0;1;20
2024-12-16;12;2024;lunes;21:00;0;0;1;21
2024-12-16;12;2024;lunes;22:00;0;1;2;22
2024-12-16;12;2024;lunes;23:00;0;0;2;23
2024-12-17;12;2024;martes;00:00:00;0.512;0;3;0
2024-12-17;12;2024;martes;01:00;0.488;0;3;1
2024-12-17;12;2024;martes;02:00;0;0;3;2
2024-12-17;12;2024;martes;03:00;0;0;3;3
2024-12-17;12;2024;martes;04:00;0;0;3;4
2024-12-17;12;2024;martes;05:00;0;0;3;5
2024-12-17;12;2024;martes;06:00;0;0;3;6
2024-12-17;12;2024;martes;07:00;0;0;3;7
2024-12-17;12;2024;martes;08:00;0;0;2;8
2024-12-17;12;2024;martes;09:00;0;0;2;9
2024-12-17;12;2024;martes;10:00;2;0;1;10
2024-12-17;12;2024;martes;11:00;1;1;1;11
2024-12-17;12;2024;martes;12:00;1;0;1;12
2024-12-17;12;2024;martes;13:00;1;0;1;13
2024-12-17;12;2024;martes;14:00;0;0;2;14
2024-12-17;12;2024;martes;15:00;0;0;2;15
2024-12-17;12;2024;martes;16:00;0;0;2;16
2024-12-17;12;2024;martes;17:00;2;0;2;17
2024-12-17;12;2024;martes;18:00;0;0;1;18
2024-12-17;12;2024;martes;19:00;0;0;1;19
2024-12-17;12;2024;martes;20:00;1;0;1;20
2024-12-17;12;2024;martes;21:00;0;0;1;21
2024-12-17;12;2024;martes;22:00;0;0;2;22
2024-12-17;12;2024;martes;23:00;0;0;2;23
2024-12-18;12;2024;miércoles;00:00:00;0;0;3;0
2024-12-18;12;2024;miércoles;01:00;0;1;3;1
2024-12-18;12;2024;miércoles;02:00;0;0;3;2
2024-12-18;12;2024;miércoles;03:00;1;0;3;3
2024-12-18;12;2024;miércoles;04:00;0;0;3;4
2024-12-18;12;2024;miércoles;05:00;0;0;3;5
2024-12-18;12;2024;miércoles;06:00;0;0;3;6
2024-12-18;12;2024;miércoles;07:00;0;0;3;7
2024-12-18;12;2024;miércoles;08:00;1;0;2;8
2024-12-18;12;2024;miércoles;09:00;2;0;2;9
2024-12-18;12;2024;miércoles;10:00;0;0;1;10
2024-12-18;12;2024;miércoles;11:00;1;0;1;11
2024-12-18;12;2024;miércoles;12:00;0;1;1;12
2024-12-18;12;2024;miércoles;13:00;2;0;1;13
2024-12-18;12;2024;miércoles;14:00;0;0;2;14
2024-12-18;12;2024;miércoles;15:00;0;0;2;15
2024-12-18;12;2024;miércoles;16:00;1;0;2;16
2024-12-18;12;2024;miércoles;17:00;0;0;2;17
2024-12-18;12;2024;miércoles;18:00;0;0;1;18
2024-12-18;12;2024;miércoles;19:00;1;0;1;19
2024-12-18;12;2024;miércoles;20:00;0;0;1;20
2024-12-18;12;2024;miércoles;21:00;1;0;1;21
2024-12-18;12;2024;miércoles;22:00;0;0;2;22
2024-12-18;12;2024;miércoles;23:00;1;1;2;23
2024-12-19;12;2024;jueves;00:00:00;0;0;3;0
2024-12-19;12;2024;jueves;01:00;0;0;3;1
2024-12-19;12;2024;jueves;02:00;0;0;3;2
2024-12-19;12;2024;jueves;03:00;0;0;3;3
2024-12-19;12;2024;jueves;04:00;0;0;3;4
2024-12-19;12;2024;jueves;05:00;0;0;3;5
2024-12-19;12;2024;jueves;06:00;0;0;3;6
2024-12-19;12;2024;jueves;07:00;0;0;3;7
2024-12-19;12;2024;jueves;08:00;1;0;2;8
2024-12-19;12;2024;jueves;09:00;0;0;2;9
2024-12-19;12;2024;jueves;10:00;4;1;1;10
2024-12-19;12;2024;jueves;11:00;3;0;1;11
2024-12-19;12;2024;jueves;12:00;0;1;1;12
2024-12-19;12;2024;jueves;13:00;1;0;1;13
2024-12-19;12;2024;jueves;14:00;0;0;2;14
2024-12-19;12;2024;jueves;15:00;0;0;2;15
2024-12-19;12;2024;jueves;16:00;0;0;2;16
2024-12-19;12;2024;jueves;17:00;1;0;2;17
2024-12-19;12;2024;jueves;18:00;0;0;1;18
2024-12-19;12;2024;jueves;19:00;0;0;1;19
2024-12-19;12;2024;jueves;20:00;0;0;1;20
2024-12-19;12;2024;jueves;21:00;0;0;1;21
2024-12-19;12;2024;jueves;22:00;1;0;2;22
2024-12-19;12;2024;jueves;23:00;0;0;2;23
2024-12-20;12;2024;viernes;00:00:00;0;0.514;3;0
2024-12-20;12;2024;viernes;01:00;0;0.486;3;1
2024-12-20;12;2024;viernes;02:00;0;0;3;2
2024-12-20;12;2024;viernes;03:00;0;0;3;3
2024-12-20;12;2024;viernes;04:00;0;0;3;4
2024-12-20;12;2024;viernes;05:00;0;0;3;5
2024-12-20;12;2024;viernes;06:00;0;0;3;6
2024-12-20;12;2024;viernes;07:00;1;0;3;7
2024-12-20;12;2024;viernes;08:00;0;0;2;8
2024-12-20;12;2024;viernes;09:00;1;0;2;9
2024-12-20;12;2024;viernes;10:00;0;0;1;10
2024-12-20;12;2024;viernes;11:00;1;0;1;11
2024-12-20;12;2024;viernes;12:00;0;0;1;12
2024-12-20;12;2024;viernes;13:00;0;0;1;13
2024-12-20;12;2024;viernes;14:00;1;1;2;14
2024-12-20;12;2024;viernes;15:00;0;0;2;15
2024-12-20;12;2024;viernes;16:00;0;0;2;16
2024-12-20;12;2024;viernes;17:00;0;0;2;17
2024-12-20;12;2024;viernes;18:00;0;0;1;18
2024-12-20;12;2024;viernes;19:00;1;0;1;19
2024-12-20;12;2024;viernes;20:00;0;0;1;20
2024-12-20;12;2024;viernes;21:00;0;0;1;21
2024-12-20;12;2024;viernes;22:00;0;0;2;22
2024-12-20;12;2024;viernes;23:00;1;0;2;23
2024-12-21;12;2024;sábado;00:00:00;0;0;3;0
2024-12-21;12;2024;sábado;01:00;0;0;3;1
2024-12-21;12;2024;sábado;02:00;0;0;3;2
2024-12-21;12;2024;sábado;03:00;0;0;3;3
2024-12-21;12;2024;sábado;04:00;0;0;3;4
2024-12-21;12;2024;sábado;05:00;0;0;3;5
2024-12-21;12;2024;sábado;06:00;0;1;3;6
2024-12-21;12;2024;sábado;07:00;0;0;3;7
2024-12-21;12;2024;sábado;08:00;1;0;3;8
2024-12-21;12;2024;sábado;09:00;0;0;3;9
2024-12-21;12;2024;sábado;10:00;1;0;3;10
2024-12-21;12;2024;sábado;11:00;0;0;3;11
2024-12-21;12;2024;sábado;12:00;0;0;3;12
2024-12-21;12;2024;sábado;13:00;1;0;3;13
2024-12-21;12;2024;sábado;14:00;1;0;3;14
2024-12-21;12;2024;sábado;15:00;0;0;3;15
2024-12-21;12;2024;sábado;16:00;1;0;3;16
2024-12-21;12;2024;sábado;17:00;0;0;3;17
2024-12-21;12;2024;sábado;18:00;0;0;3;18
2024-12-21;12;2024;sábado;19:00;0;0;3;19
2024-12-21;12;2024;sábado;20:00;0;0;3;20
2024-12-21;12;2024;sábado;21:00;0;0;3;21
2024-12-21;12;2024;sábado;22:00;0;0;3;22
2024-12-21;12;2024;sábado;23:00;1;0;3;23
2024-12-22;12;2024;domingo;00:00:00;0;0;3;0
2024-12-22;12;2024;domingo;01:00;0;0;3;1
2024-12-22;12;2024;domingo;02:00;0;0;3;2
2024-12-22;12;2024;domingo;03:00;0;0;3;3
2024-12-22;12;2024;domingo;04:00;0;1;3;4
2024-12-22;12;2024;domingo;05:00;0;0;3;5
2024-12-22;12;2024;domingo;06:00;0;0;3;6
2024-12-22;12;2024;domingo;07:00;0;0;3;7
2024-12-22;12;2024;domingo;08:00;1;0;3;8
2024-12-22;12;2024;domingo;09:00;0;0;3;9
2024-12-22;12;2024;domingo;10:00;0;0;3;10
2024-12-22;12;2024;domingo;11:00;0;0;3;11
2024-12-22;12;2024;domingo;12:00;0;0;3;12
2024-12-22;12;2024;domingo;13:00;1;0;3;13
2024-12-22;12;2024;domingo;14:00;1;0;3;14
2024-12-22;12;2024;domingo;15:00;0;0;3;15
2024-12-22;12;2024;domingo;16:00;0;0;3;16
2024-12-22;12;2024;domingo;17:00;0;0;3;17
2024-12-22;12;2024;domingo;18:00;1;0;3;18
2024-12-22;12;2024;domingo;19:00;0;0;3;19
2024-12-22;12;2024;domingo;20:00;1;0;3;20
2024-12-22;12;2024;domingo;21:00;1;0;3;21
2024-12-22;12;2024;domingo;22:00;1;0;3;22
2024-12-22;12;2024;domingo;23:00;1;0;3;23
2024-12-23;12;2024;lunes;00:00:00;1;0;3;0
2024-12-23;12;2024;lunes;01:00;1;0;3;1
2024-12-23;12;2024;lunes;02:00;1;1;3;2
2024-12-23;12;2024;lunes;03:00;1;0;3;3
2024-12-23;12;2024;lunes;04:00;1;0;3;4
2024-12-23;12;2024;lunes;05:00;0;0;3;5
2024-12-23;12;2024;lunes;06:00;1;0;3;6
2024-12-23;12;2024;lunes;07:00;1;0;3;7
2024-12-23;12;2024;lunes;08:00;1;0;2;8
2024-12-23;12;2024;lunes;09:00;0;0;2;9
2024-12-23;12;2024;lunes;10:00;1;0;1;10
2024-12-23;12;2024;lunes;11:00;0;0;1;11
2024-12-23;12;2024;lunes;12:00;1;0;1;12
2024-12-23;12;2024;lunes;13:00;1;0;1;13
2024-12-23;12;2024;lunes;14:00;3;1;2;14
2024-12-23;12;2024;lunes;15:00;1;0;2;15
2024-12-23;12;2024;lunes;16:00;2;0;2;16
2024-12-23;12;2024;lunes;17:00;0;0;2;17
2024-12-23;12;2024;lunes;18:00;1;0;1;18
2024-12-23;12;2024;lunes;19:00;1;0;1;19
2024-12-23;12;2024;lunes;20:00;1;0;1;20
2024-12-23;12;2024;lunes;21:00;0;0;1;21
2024-12-23;12;2024;lunes;22:00;1;1;2;22
2024-12-23;12;2024;lunes;23:00;1;0;2;23
2024-12-24;12;2024;martes;00:00:00;1;0;3;0
2024-12-24;12;2024;martes;01:00;0;0;3;1
2024-12-24;12;2024;martes;02:00;1;0;3;2
2024-12-24;12;2024;martes;03:00;1;0;3;3
2024-12-24;12;2024;martes;04:00;1;0;3;4
2024-12-24;12;2024;martes;05:00;0;0;3;5
2024-12-24;12;2024;martes;06:00;1;0;3;6
2024-12-24;12;2024;martes;07:00;1;0;3;7
2024-12-24;12;2024;martes;08:00;0;0;2;8
2024-12-24;12;2024;martes;09:00;1;0;2;9
2024-12-24;12;2024;martes;10:00;3;0;1;10
2024-12-24;12;2024;martes;11:00;3;0;1;11
2024-12-24;12;2024;martes;12:00;0;0;1;12
2024-12-24;12;2024;martes;13:00;1;1;1;13
2024-12-24;12;2024;martes;14:00;0;0;2;14
2024-12-24;12;2024;martes;15:00;0;0;2;15
2024-12-24;12;2024;martes;16:00;0;0;2;16
2024-12-24;12;2024;martes;17:00;0;0;2;17
2024-12-24;12;2024;martes;18:00;3;0;1;18
2024-12-24;12;2024;martes;19:00;3;0;1;19
2024-12-24;12;2024;martes;20:00;2;0;1;20
2024-12-24;12;2024;martes;21:00;1;0;1;21
2024-12-24;12;2024;martes;22:00;2;0;2;22
2024-12-24;12;2024;martes;23:00;1;0;2;23
2024-12-25;12;2024;miércoles;00:00:00;0;0;3;0
2024-12-25;12;2024;miércoles;01:00;1;0;3;1
2024-12-25;12;2024;miércoles;02:00;1;0;3;2
2024-12-25;12;2024;miércoles;03:00;0;0;3;3
2024-12-25;12;2024;miércoles;04:00;1;0;3;4
2024-12-25;12;2024;miércoles;05:00;1;1;3;5
2024-12-25;12;2024;miércoles;06:00;1;0;3;6
2024-12-25;12;2024;miércoles;07:00;0;0;3;7
2024-12-25;12;2024;miércoles;08:00;1;0;3;8
2024-12-25;12;2024;miércoles;09:00;1;0;3;9
2024-12-25;12;2024;miércoles;10:00;0;0;3;10
2024-12-25;12;2024;miércoles;11:00;0;0;3;11
2024-12-25;12;2024;miércoles;12:00;3;0;3;12
2024-12-25;12;2024;miércoles;13:00;3;0;3;13
2024-12-25;12;2024;miércoles;14:00;1;1;3;14
2024-12-25;12;2024;miércoles;15:00;1;0;3;15
2024-12-25;12;2024;miércoles;16:00;1;1;3;16
2024-12-25;12;2024;miércoles;17:00;1;0;3;17
2024-12-25;12;2024;miércoles;18:00;1;0;3;18
2024-12-25;12;2024;miércoles;19:00;0;0;3;19
2024-12-25;12;2024;miércoles;20:00;0;0;3;20
2024-12-25;12;2024;miércoles;21:00;0;0;3;21
2024-12-25;12;2024;miércoles;22:00;1;1;3;22
2024-12-25;12;2024;miércoles;23:00;0;0;3;23
2024-12-26;12;2024;jueves;00:00:00;0;0;3;0
2024-12-26;12;2024;jueves;01:00;0;0;3;1
2024-12-26;12;2024;jueves;02:00;0;0;3;2
2024-12-26;12;2024;jueves;03:00;0;0;3;3
2024-12-26;12;2024;jueves;04:00;0;0;3;4
2024-12-26;12;2024;jueves;05:00;0;0;3;5
2024-12-26;12;2024;jueves;06:00;1;0;3;6
2024-12-26;12;2024;jueves;07:00;0;0;3;7
2024-12-26;12;2024;jueves;08:00;1;0;2;8
2024-12-26;12;2024;jueves;09:00;1;0;2;9
2024-12-26;12;2024;jueves;10:00;1;0;1;10
2024-12-26;12;2024;jueves;11:00;0;0;1;11
2024-12-26;12;2024;jueves;12:00;2;1;1;12
2024-12-26;12;2024;jueves;13:00;1;0;1;13
2024-12-26;12;2024;jueves;14:00;1;0;2;14
2024-12-26;12;2024;jueves;15:00;0;0;2;15
2024-12-26;12;2024;jueves;16:00;0;0;2;16
2024-12-26;12;2024;jueves;17:00;1;1;2;17
2024-12-26;12;2024;jueves;18:00;0;0;1;18
2024-12-26;12;2024;jueves;19:00;0;0;1;19
2024-12-26;12;2024;jueves;20:00;1;0;1;20
2024-12-26;12;2024;jueves;21:00;0;0;1;21
2024-12-26;12;2024;jueves;22:00;0;0;2;22
2024-12-26;12;2024;jueves;23:00;1;0;2;23
2024-12-27;12;2024;viernes;00:00:00;0;0;3;0
2024-12-27;12;2024;viernes;01:00;0;0;3;1
2024-12-27;12;2024;viernes;02:00;0;0;3;2
2024-12-27;12;2024;viernes;03:00;0;0;3;3
2024-12-27;12;2024;viernes;04:00;0;0;3;4
2024-12-27;12;2024;viernes;05:00;0;0;3;5
2024-12-27;12;2024;viernes;06:00;0;0;3;6
2024-12-27;12;2024;viernes;07:00;1;0;3;7
2024-12-27;12;2024;viernes;08:00;0;1;2;8
2024-12-27;12;2024;viernes;09:00;0;0;2;9
2024-12-27;12;2024;viernes;10:00;1;0;1;10
2024-12-27;12;2024;viernes;11:00;0;0;1;11
2024-12-27;12;2024;viernes;12:00;0;0;1;12
2024-12-27;12;2024;viernes;13:00;1;0;1;13
2024-12-27;12;2024;viernes;14:00;2;0;2;14
2024-12-27;12;2024;viernes;15:00;0;0;2;15
2024-12-27;12;2024;viernes;16:00;1;0;2;16
2024-12-27;12;2024;viernes;17:00;0;0;2;17
2024-12-27;12;2024;viernes;18:00;0;0;1;18
2024-12-27;12;2024;viernes;19:00;1;0;1;19
2024-12-27;12;2024;viernes;20:00;0;0;1;20
2024-12-27;12;2024;viernes;21:00;0;1;1;21
2024-12-27;12;2024;viernes;22:00;0;0;2;22
2024-12-27;12;2024;viernes;23:00;1;0;2;23
2024-12-28;12;2024;sábado;00:00:00;0;0;3;0
2024-12-28;12;2024;sábado;01:00;0;0;3;1
2024-12-28;12;2024;sábado;02:00;0;0;3;2
2024-12-28;12;2024;sábado;03:00;0;0;3;3
2024-12-28;12;2024;sábado;04:00;0;0;3;4
2024-12-28;12;2024;sábado;05:00;0;0;3;5
2024-12-28;12;2024;sábado;06:00;0;0;3;6
2024-12-28;12;2024;sábado;07:00;0;0;3;7
2024-12-28;12;2024;sábado;08:00;1;0;3;8
2024-12-28;12;2024;sábado;09:00;0;0;3;9
2024-12-28;12;2024;sábado;10:00;1;0;3;10
2024-12-28;12;2024;sábado;11:00;0;0;3;11
2024-12-28;12;2024;sábado;12:00;0;0;3;12
2024-12-28;12;2024;sábado;13:00;1;0;3;13
2024-12-28;12;2024;sábado;14:00;0;1;3;14
2024-12-28;12;2024;sábado;15:00;0;0;3;15
2024-12-28;12;2024;sábado;16:00;1;0;3;16
2024-12-28;12;2024;sábado;17:00;0;0;3;17
2024-12-28;12;2024;sábado;18:00;0;0;3;18
2024-12-28;12;2024;sábado;19:00;0;0;3;19
2024-12-28;12;2024;sábado;20:00;1;0;3;20
2024-12-28;12;2024;sábado;21:00;0;0;3;21
2024-12-28;12;2024;sábado;22:00;0;0;3;22
2024-12-28;12;2024;sábado;23:00;1;0;3;23
2024-12-29;12;2024;domingo;00:00:00;0;0;3;0
2024-12-29;12;2024;domingo;01:00;0;0;3;1
2024-12-29;12;2024;domingo;02:00;0;0;3;2
2024-12-29;12;2024;domingo;03:00;0;0;3;3
2024-12-29;12;2024;domingo;04:00;0;0;3;4
2024-12-29;12;2024;domingo;05:00;0;0;3;5
2024-12-29;12;2024;domingo;06:00;0;0;3;6
2024-12-29;12;2024;domingo;07:00;0;1;3;7
2024-12-29;12;2024;domingo;08:00;1;0;3;8
2024-12-29;12;2024;domingo;09:00;0;0;3;9
2024-12-29;12;2024;domingo;10:00;0;0;3;10
2024-12-29;12;2024;domingo;11:00;2;0;3;11
2024-12-29;12;2024;domingo;12:00;1;0;3;12
2024-12-29;12;2024;domingo;13:00;1;0;3;13
2024-12-29;12;2024;domingo;14:00;0;0;3;14
2024-12-29;12;2024;domingo;15:00;0;0;3;15
2024-12-29;12;2024;domingo;16:00;1;0;3;16
2024-12-29;12;2024;domingo;17:00;0;0;3;17
2024-12-29;12;2024;domingo;18:00;0;0;3;18
2024-12-29;12;2024;domingo;19:00;0;1;3;19
2024-12-29;12;2024;domingo;20:00;1;0;3;20
2024-12-29;12;2024;domingo;21:00;0;0;3;21
2024-12-29;12;2024;domingo;22:00;0;0;3;22
2024-12-29;12;2024;domingo;23:00;0;0;3;23
2024-12-30;12;2024;lunes;00:00:00;0;0;3;0
2024-12-30;12;2024;lunes;01:00;0;0;3;1
2024-12-30;12;2024;lunes;02:00;0;0;3;2
2024-12-30;12;2024;lunes;03:00;1;0;3;3
2024-12-30;12;2024;lunes;04:00;0;0;3;4
2024-12-30;12;2024;lunes;05:00;0;0;3;5
2024-12-30;12;2024;lunes;06:00;0;0;3;6
2024-12-30;12;2024;lunes;07:00;0;0;3;7
2024-12-30;12;2024;lunes;08:00;0;0;2;8
2024-12-30;12;2024;lunes;09:00;1;0;2;9
2024-12-30;12;2024;lunes;10:00;1;1;1;10
2024-12-30;12;2024;lunes;11:00;0;0;1;11
2024-12-30;12;2024;lunes;12:00;1;1;1;12
2024-12-30;12;2024;lunes;13:00;0;0;1;13
2024-12-30;12;2024;lunes;14:00;1;0;2;14
2024-12-30;12;2024;lunes;15:00;0;0;2;15
2024-12-30;12;2024;lunes;16:00;0;0;2;16
2024-12-30;12;2024;lunes;17:00;0;0;2;17
2024-12-30;12;2024;lunes;18:00;1;0;1;18
2024-12-30;12;2024;lunes;19:00;0;0;1;19
2024-12-30;12;2024;lunes;20:00;0;0;1;20
2024-12-30;12;2024;lunes;21:00;0;0;1;21
2024-12-30;12;2024;lunes;22:00;1;0;2;22
2024-12-30;12;2024;lunes;23:00;0;0;2;23
2024-12-31;12;2024;martes;00:00:00;0;0;3;0
2024-12-31;12;2024;martes;01:00;0;0;3;1
2024-12-31;12;2024;martes;02:00;0;0;3;2
2024-12-31;12;2024;martes;03:00;0;0;3;3
2024-12-31;12;2024;martes;04:00;0;1;3;4
2024-12-31;12;2024;martes;05:00;0;0;3;5
2024-12-31;12;2024;martes;06:00;1;0;3;6
2024-12-31;12;2024;martes;07:00;0;0;3;7
2024-12-31;12;2024;martes;08:00;0;0;2;8
2024-12-31;12;2024;martes;09:00;0;0;2;9
2024-12-31;12;2024;martes;10:00;1;0;1;10
2024-12-31;12;2024;martes;11:00;1;0;1;11
2024-12-31;12;2024;martes;12:00;0;0;1;12
2024-12-31;12;2024;martes;13:00;1;0;1;13
2024-12-31;12;2024;martes;14:00;0;0;2;14
2024-12-31;12;2024;martes;15:00;0;0;2;15
2024-12-31;12;2024;martes;16:00;0;0;2;16
2024-12-31;12;2024;martes;17:00;1;0;2;17
2024-12-31;12;2024;martes;18:00;2;0;1;18
2024-12-31;12;2024;martes;19:00;2;1;1;19
2024-12-31;12;2024;martes;20:00;4;0;1;20
2024-12-31;12;2024;martes;21:00;1;1;1;21
2024-12-31;12;2024;martes;22:00;1;0;2;22
2024-12-31;12;2024;martes;23:00;1;1;2;23
2025-01-01;1;2025;miércoles;00:00:00;1;0;3;0
2025-01-01;1;2025;miércoles;01:00;0;0;3;1
2025-01-01;1;2025;miércoles;02:00;1;0;3;2
2025-01-01;1;2025;miércoles;03:00;0;0;3;3
2025-01-01;1;2025;miércoles;04:00;0;0;3;4
2025-01-01;1;2025;miércoles;05:00;1;0;3;5
2025-01-01;1;2025;miércoles;06:00;0.486;0;3;6
2025-01-01;1;2025;miércoles;07:00;0.514;0;3;7
2025-01-01;1;2025;miércoles;08:00;1;0;3;8
2025-01-01;1;2025;miércoles;09:00;3;0;3;9
2025-01-01;1;2025;miércoles;10:00;3;0;3;10
2025-01-01;1;2025;miércoles;11:00;4;1;3;11
2025-01-01;1;2025;miércoles;12:00;1;0;3;12
2025-01-01;1;2025;miércoles;13:00;1;0;3;13
2025-01-01;1;2025;miércoles;14:00;0;0;3;14
2025-01-01;1;2025;miércoles;15:00;1;0;3;15
2025-01-01;1;2025;miércoles;16:00;0;0;3;16
2025-01-01;1;2025;miércoles;17:00;0;0;3;17
2025-01-01;1;2025;miércoles;18:00;0;0;3;18
2025-01-01;1;2025;miércoles;19:00;0;0;3;19
2025-01-01;1;2025;miércoles;20:00;1;0;3;20
2025-01-01;1;2025;miércoles;21:00;0;0;3;21
2025-01-01;1;2025;miércoles;22:00;0;0;3;22
2025-01-01;1;2025;miércoles;23:00;0;0;3;23
2025-01-02;1;2025;jueves;00:00:00;0;1;3;0
2025-01-02;1;2025;jueves;01:00;0;0;3;1
2025-01-02;1;2025;jueves;02:00;1;0;3;2
2025-01-02;1;2025;jueves;03:00;0;0;3;3
2025-01-02;1;2025;jueves;04:00;0;0;3;4
2025-01-02;1;2025;jueves;05:00;0;0;3;5
2025-01-02;1;2025;jueves;06:00;0;0;3;6
2025-01-02;1;2025;jueves;07:00;0;0;3;7
2025-01-02;1;2025;jueves;08:00;0;0;2;8
2025-01-02;1;2025;jueves;09:00;2;0;2;9
2025-01-02;1;2025;jueves;10:00;0;0;1;10
2025-01-02;1;2025;jueves;11:00;0;0;1;11
2025-01-02;1;2025;jueves;12:00;0;0;1;12
2025-01-02;1;2025;jueves;13:00;1;0;1;13
2025-01-02;1;2025;jueves;14:00;0;0;2;14
2025-01-02;1;2025;jueves;15:00;0;1;2;15
2025-01-02;1;2025;jueves;16:00;0;0;2;16
2025-01-02;1;2025;jueves;17:00;0;0;2;17
2025-01-02;1;2025;jueves;18:00;1;0;1;18
2025-01-02;1;2025;jueves;19:00;0;0;1;19
2025-01-02;1;2025;jueves;20:00;0;0;1;20
2025-01-02;1;2025;jueves;21:00;0;0;1;21
2025-01-02;1;2025;jueves;22:00;0;0;2;22
2025-01-02;1;2025;jueves;23:00;1;0;2;23
2025-01-03;1;2025;viernes;00:00:00;0;0;3;0
2025-01-03;1;2025;viernes;01:00;0;0;3;1
2025-01-03;1;2025;viernes;02:00;0;0;3;2
2025-01-03;1;2025;viernes;03:00;0;0;3;3
2025-01-03;1;2025;viernes;04:00;0;0;3;4
2025-01-03;1;2025;viernes;05:00;0;0;3;5
2025-01-03;1;2025;viernes;06:00;0;0;3;6
2025-01-03;1;2025;viernes;07:00;1;0;3;7
2025-01-03;1;2025;viernes;08:00;0;0;2;8
2025-01-03;1;2025;viernes;09:00;0;0;2;9
2025-01-03;1;2025;viernes;10:00;0;0;1;10
2025-01-03;1;2025;viernes;11:00;0;0;1;11
2025-01-03;1;2025;viernes;12:00;2;1;1;12
2025-01-03;1;2025;viernes;13:00;4;0;1;13
2025-01-03;1;2025;viernes;14:00;2;0;2;14
2025-01-03;1;2025;viernes;15:00;1;1;2;15
2025-01-03;1;2025;viernes;16:00;0;0;2;16
2025-01-03;1;2025;viernes;17:00;0;0;2;17
2025-01-03;1;2025;viernes;18:00;0;0;1;18
2025-01-03;1;2025;viernes;19:00;0;0;1;19
2025-01-03;1;2025;viernes;20:00;2;0;1;20
2025-01-03;1;2025;viernes;21:00;1;0;1;21
2025-01-03;1;2025;viernes;22:00;2;0;2;22
2025-01-03;1;2025;viernes;23:00;1;0;2;23
2025-01-04;1;2025;sábado;00:00:00;0;0;3;0
2025-01-04;1;2025;sábado;01:00;0;0;3;1
2025-01-04;1;2025;sábado;02:00;0;0;3;2
2025-01-04;1;2025;sábado;03:00;0;0;3;3
2025-01-04;1;2025;sábado;04:00;0;0;3;4
2025-01-04;1;2025;sábado;05:00;0;0;3;5
2025-01-04;1;2025;sábado;06:00;1;0;3;6
2025-01-04;1;2025;sábado;07:00;0;0;3;7
2025-01-04;1;2025;sábado;08:00;0;0;3;8
2025-01-04;1;2025;sábado;09:00;0;0;3;9
2025-01-04;1;2025;sábado;10:00;0;0;3;10
2025-01-04;1;2025;sábado;11:00;2;1;3;11
2025-01-04;1;2025;sábado;12:00;1;0;3;12
2025-01-04;1;2025;sábado;13:00;1;0;3;13
2025-01-04;1;2025;sábado;14:00;0;0;3;14
2025-01-04;1;2025;sábado;15:00;0;0;3;15
2025-01-04;1;2025;sábado;16:00;0;0;3;16
2025-01-04;1;2025;sábado;17:00;0;0;3;17
2025-01-04;1;2025;sábado;18:00;0;0;3;18
2025-01-04;1;2025;sábado;19:00;0;0;3;19
2025-01-04;1;2025;sábado;20:00;1;0;3;20
2025-01-04;1;2025;sábado;21:00;0;0;3;21
2025-01-04;1;2025;sábado;22:00;0;0;3;22
2025-01-04;1;2025;sábado;23:00;1;0;3;23
2025-01-05;1;2025;domingo;00:00:00;0;0;3;0
2025-01-05;1;2025;domingo;01:00;0;0;3;1
2025-01-05;1;2025;domingo;02:00;0;1;3;2
2025-01-05;1;2025;domingo;03:00;0;0;3;3
2025-01-05;1;2025;domingo;04:00;0;0;3;4
2025-01-05;1;2025;domingo;05:00;0;0;3;5
2025-01-05;1;2025;domingo;06:00;1;0;3;6
2025-01-05;1;2025;domingo;07:00;0;0;3;7
2025-01-05;1;2025;domingo;08:00;0;0;3;8
2025-01-05;1;2025;domingo;09:00;0;0;3;9
2025-01-05;1;2025;domingo;10:00;0;0;3;10
2025-01-05;1;2025;domingo;11:00;1;0;3;11
2025-01-05;1;2025;domingo;12:00;1;1;3;12
2025-01-05;1;2025;domingo;13:00;1;0;3;13
2025-01-05;1;2025;domingo;14:00;1;0;3;14
2025-01-05;1;2025;domingo;15:00;0;0;3;15
2025-01-05;1;2025;domingo;16:00;0;0;3;16
2025-01-05;1;2025;domingo;17:00;1;0;3;17
2025-01-05;1;2025;domingo;18:00;0;0;3;18
2025-01-05;1;2025;domingo;19:00;0;0;3;19
2025-01-05;1;2025;domingo;20:00;0;0;3;20
2025-01-05;1;2025;domingo;21:00;0;0;3;21
2025-01-05;1;2025;domingo;22:00;0;0;3;22
2025-01-05;1;2025;domingo;23:00;1;0;3;23
2025-01-06;1;2025;lunes;00:00:00;1;0;3;0
2025-01-06;1;2025;lunes;01:00;1;0;3;1
2025-01-06;1;2025;lunes;02:00;0;0;3;2
2025-01-06;1;2025;lunes;03:00;1;0;3;3
2025-01-06;1;2025;lunes;04:00;0;0;3;4
2025-01-06;1;2025;lunes;05:00;0;0;3;5
2025-01-06;1;2025;lunes;06:00;0;1;3;6
2025-01-06;1;2025;lunes;07:00;0;0;3;7
2025-01-06;1;2025;lunes;08:00;0;0;3;8
2025-01-06;1;2025;lunes;09:00;1;0;3;9
2025-01-06;1;2025;lunes;10:00;0;0;3;10
2025-01-06;1;2025;lunes;11:00;0;0;3;11
2025-01-06;1;2025;lunes;12:00;3;0;3;12
2025-01-06;1;2025;lunes;13:00;1;0;3;13
2025-01-06;1;2025;lunes;14:00;2;1;3;14
2025-01-06;1;2025;lunes;15:00;1;0;3;15
2025-01-06;1;2025;lunes;16:00;0;0;3;16
2025-01-06;1;2025;lunes;17:00;1;0;3;17
2025-01-06;1;2025;lunes;18:00;3;0;3;18
2025-01-06;1;2025;lunes;19:00;1;0;3;19
2025-01-06;1;2025;lunes;20:00;1;1;3;20
2025-01-06;1;2025;lunes;21:00;1;0;3;21
2025-01-06;1;2025;lunes;22:00;0;0;3;22
2025-01-06;1;2025;lunes;23:00;1;0;3;23
2025-01-07;1;2025;martes;00:00:00;0;0;3;0
2025-01-07;1;2025;martes;01:00;0;0;3;1
2025-01-07;1;2025;martes;02:00;0;0;3;2
2025-01-07;1;2025;martes;03:00;0;0;3;3
2025-01-07;1;2025;martes;04:00;0;0;3;4
2025-01-07;1;2025;martes;05:00;0;0;3;5
2025-01-07;1;2025;martes;06:00;1;0;3;6
2025-01-07;1;2025;martes;07:00;1;0;3;7
2025-01-07;1;2025;martes;08:00;1;1;2;8
2025-01-07;1;2025;martes;09:00;2;0;2;9
2025-01-07;1;2025;martes;10:00;1;1;1;10
2025-01-07;1;2025;martes;11:00;0;0;1;11
2025-01-07;1;2025;martes;12:00;0;0;1;12
2025-01-07;1;2025;martes;13:00;1;0;1;13
2025-01-07;1;2025;martes;14:00;1;0;2;14
2025-01-07;1;2025;martes;15:00;0;0;2;15
2025-01-07;1;2025;martes;16:00;0;0;2;16
2025-01-07;1;2025;martes;17:00;0;0;2;17
2025-01-07;1;2025;martes;18:00;0;0;1;18
2025-01-07;1;2025;martes;19:00;0;0;1;19
2025-01-07;1;2025;martes;20:00;1;0;1;20
2025-01-07;1;2025;martes;21:00;0;0;1;21
2025-01-07;1;2025;martes;22:00;0;0;2;22
2025-01-07;1;2025;martes;23:00;0;0;2;23
2025-01-08;1;2025;miércoles;00:00:00;0;0;3;0
2025-01-08;1;2025;miércoles;01:00;1;0;3;1
2025-01-08;1;2025;miércoles;02:00;0;1;3;2
2025-01-08;1;2025;miércoles;03:00;0;0;3;3
2025-01-08;1;2025;miércoles;04:00;0;0;3;4
2025-01-08;1;2025;miércoles;05:00;0;0;3;5
2025-01-08;1;2025;miércoles;06:00;0;0;3;6
2025-01-08;1;2025;miércoles;07:00;0;0;3;7
2025-01-08;1;2025;miércoles;08:00;1;0;2;8
2025-01-08;1;2025;miércoles;09:00;2;0;2;9
2025-01-08;1;2025;miércoles;10:00;1;0;1;10
2025-01-08;1;2025;miércoles;11:00;0;0;1;11
2025-01-08;1;2025;miércoles;12:00;0;0;1;12
2025-01-08;1;2025;miércoles;13:00;1;0;1;13
2025-01-08;1;2025;miércoles;14:00;1;0;2;14
2025-01-08;1;2025;miércoles;15:00;0;1;2;15
2025-01-08;1;2025;miércoles;16:00;0;0;2;16
2025-01-08;1;2025;miércoles;17:00;1;0;2;17
2025-01-08;1;2025;miércoles;18:00;0;0;1;18
2025-01-08;1;2025;miércoles;19:00;0;0;1;19
2025-01-08;1;2025;miércoles;20:00;1;0;1;20
2025-01-08;1;2025;miércoles;21:00;0;0;1;21
2025-01-08;1;2025;miércoles;22:00;0;0;2;22
2025-01-08;1;2025;miércoles;23:00;1;0;2;23
2025-01-09;1;2025;jueves;00:00:00;0;0;3;0
2025-01-09;1;2025;jueves;01:00;0;0;3;1
2025-01-09;1;2025;jueves;02:00;0;0;3;2
2025-01-09;1;2025;jueves;03:00;0;0;3;3
2025-01-09;1;2025;jueves;04:00;0;0;3;4
2025-01-09;1;2025;jueves;05:00;0;0;3;5
2025-01-09;1;2025;jueves;06:00;0;1;3;6
2025-01-09;1;2025;jueves;07:00;1;0;3;7
2025-01-09;1;2025;jueves;08:00;0;0;2;8
2025-01-09;1;2025;jueves;09:00;1;0;2;9
2025-01-09;1;2025;jueves;10:00;0;0;1;10
2025-01-09;1;2025;jueves;11:00;0;0;1;11
2025-01-09;1;2025;jueves;12:00;1;0;1;12
2025-01-09;1;2025;jueves;13:00;1;0;1;13
2025-01-09;1;2025;jueves;14:00;0;0;2;14
2025-01-09;1;2025;jueves;15:00;1;0;2;15
2025-01-09;1;2025;jueves;16:00;0;0;2;16
2025-01-09;1;2025;jueves;17:00;0;0;2;17
2025-01-09;1;2025;jueves;18:00;0;0;1;18
2025-01-09;1;2025;jueves;19:00;2;0;1;19
2025-01-09;1;2025;jueves;20:00;0;1;1;20
2025-01-09;1;2025;jueves;21:00;1;0;1;21
2025-01-09;1;2025;jueves;22:00;0;0;2;22
2025-01-09;1;2025;jueves;23:00;0;0;2;23
2025-01-10;1;2025;viernes;00:00:00;0;0;3;0
2025-01-10;1;2025;viernes;01:00;1;0;3;1
2025-01-10;1;2025;viernes;02:00;0;0;3;2
2025-01-10;1;2025;viernes;03:00;0;0;3;3
2025-01-10;1;2025;viernes;04:00;0;0;3;4
2025-01-10;1;2025;viernes;05:00;0;0;3;5
2025-01-10;1;2025;viernes;06:00;0;0;3;6
2025-01-10;1;2025;viernes;07:00;0;0;3;7
2025-01-10;1;2025;viernes;08:00;1;0;2;8
2025-01-10;1;2025;viernes;09:00;0;0;2;9
2025-01-10;1;2025;viernes;10:00;0;0;1;10
2025-01-10;1;2025;viernes;11:00;1;1;1;11
2025-01-10;1;2025;viernes;12:00;2;0;1;12
2025-01-10;1;2025;viernes;13:00;2;0;1;13
2025-01-10;1;2025;viernes;14:00;1;0;2;14
2025-01-10;1;2025;viernes;15:00;1;0;2;15
2025-01-10;1;2025;viernes;16:00;0;0;2;16
2025-01-10;1;2025;viernes;17:00;0;0;2;17
2025-01-10;1;2025;viernes;18:00;1;1;1;18
2025-01-10;1;2025;viernes;19:00;0;0;1;19
2025-01-10;1;2025;viernes;20:00;0;0;1;20
2025-01-10;1;2025;viernes;21:00;0;0;1;21
2025-01-10;1;2025;viernes;22:00;1;0;2;22
2025-01-10;1;2025;viernes;23:00;0;0;2;23
2025-01-11;1;2025;sábado;00:00:00;0;0;3;0
2025-01-11;1;2025;sábado;01:00;0;0;3;1
2025-01-11;1;2025;sábado;02:00;0;0;3;2
2025-01-11;1;2025;sábado;03:00;0;0;3;3
2025-01-11;1;2025;sábado;04:00;0;0;3;4
2025-01-11;1;2025;sábado;05:00;0;0;3;5
2025-01-11;1;2025;sábado;06:00;1;0;3;6
2025-01-11;1;2025;sábado;07:00;0;0;3;7
2025-01-11;1;2025;sábado;08:00;0;0;3;8
2025-01-11;1;2025;sábado;09:00;1;0;3;9
2025-01-11;1;2025;sábado;10:00;0;1;3;10
2025-01-11;1;2025;sábado;11:00;0;0;3;11
2025-01-11;1;2025;sábado;12:00;0;0;3;12
2025-01-11;1;2025;sábado;13:00;1;0;3;13
2025-01-11;1;2025;sábado;14:00;0;0;3;14
2025-01-11;1;2025;sábado;15:00;0;0;3;15
2025-01-11;1;2025;sábado;16:00;0;0;3;16
2025-01-11;1;2025;sábado;17:00;1;0;3;17
2025-01-11;1;2025;sábado;18:00;0;0;3;18
2025-01-11;1;2025;sábado;19:00;0;0;3;19
2025-01-11;1;2025;sábado;20:00;0;0;3;20
2025-01-11;1;2025;sábado;21:00;0;0;3;21
2025-01-11;1;2025;sábado;22:00;1;0;3;22
2025-01-11;1;2025;sábado;23:00;0;0;3;23
2025-01-12;1;2025;domingo;00:00:00;0;0;3;0
2025-01-12;1;2025;domingo;01:00;0;0;3;1
2025-01-12;1;2025;domingo;02:00;0;1;3;2
2025-01-12;1;2025;domingo;03:00;0;0;3;3
2025-01-12;1;2025;domingo;04:00;0;0;3;4
2025-01-12;1;2025;domingo;05:00;0;0;3;5
2025-01-12;1;2025;domingo;06:00;0;0;3;6
2025-01-12;1;2025;domingo;07:00;0;0;3;7
2025-01-12;1;2025;domingo;08:00;1;0;3;8
2025-01-12;1;2025;domingo;09:00;0;0;3;9
2025-01-12;1;2025;domingo;10:00;1;0;3;10
2025-01-12;1;2025;domingo;11:00;2;1;3;11
2025-01-12;1;2025;domingo;12:00;1;0;3;12
2025-01-12;1;2025;domingo;13:00;0;0;3;13
2025-01-12;1;2025;domingo;14:00;1;1;3;14
2025-01-12;1;2025;domingo;15:00;1;0;3;15
2025-01-12;1;2025;domingo;16:00;0;0;3;16
2025-01-12;1;2025;domingo;17:00;0;0;3;17
2025-01-12;1;2025;domingo;18:00;0;1;3;18
2025-01-12;1;2025;domingo;19:00;0;0;3;19
2025-01-12;1;2025;domingo;20:00;1;0;3;20
2025-01-12;1;2025;domingo;21:00;0;0;3;21
2025-01-12;1;2025;domingo;22:00;0;0;3;22
2025-01-12;1;2025;domingo;23:00;0;0;3;23
2025-01-13;1;2025;lunes;00:00:00;0;0;3;0
2025-01-13;1;2025;lunes;01:00;0;0;3;1
2025-01-13;1;2025;lunes;02:00;0;0;3;2
2025-01-13;1;2025;lunes;03:00;1;0;3;3
2025-01-13;1;2025;lunes;04:00;0;0;3;4
2025-01-13;1;2025;lunes;05:00;0;0;3;5
2025-01-13;1;2025;lunes;06:00;0;0;3;6
2025-01-13;1;2025;lunes;07:00;0;0;3;7
2025-01-13;1;2025;lunes;08:00;0;0;2;8
2025-01-13;1;2025;lunes;09:00;0;0;2;9
2025-01-13;1;2025;lunes;10:00;1;1;1;10
2025-01-13;1;2025;lunes;11:00;1;0;1;11
2025-01-13;1;2025;lunes;12:00;0;0;1;12
2025-01-13;1;2025;lunes;13:00;1;0;1;13
2025-01-13;1;2025;lunes;14:00;0;0;2;14
2025-01-13;1;2025;lunes;15:00;0;0;2;15
2025-01-13;1;2025;lunes;16:00;0;0;2;16
2025-01-13;1;2025;lunes;17:00;0;0;2;17
2025-01-13;1;2025;lunes;18:00;1;0;1;18
2025-01-13;1;2025;lunes;19:00;0;0;1;19
2025-01-13;1;2025;lunes;20:00;0;0;1;20
2025-01-13;1;2025;lunes;21:00;0;0;1;21
2025-01-13;1;2025;lunes;22:00;0;0;2;22
2025-01-13;1;2025;lunes;23:00;1;0;2;23
2025-01-14;1;2025;martes;00:00:00;0;0;3;0
2025-01-14;1;2025;martes;01:00;0;0;3;1
2025-01-14;1;2025;martes;02:00;0;0;3;2
2025-01-14;1;2025;martes;03:00;0;0;3;3
2025-01-14;1;2025;martes;04:00;0;1;3;4
2025-01-14;1;2025;martes;05:00;0;0;3;5
2025-01-14;1;2025;martes;06:00;0;0;3;6
2025-01-14;1;2025;martes;07:00;0;0;3;7
2025-01-14;1;2025;martes;08:00;1;0;2;8
2025-01-14;1;2025;martes;09:00;0;0;2;9
2025-01-14;1;2025;martes;10:00;0;0;1;10
2025-01-14;1;2025;martes;11:00;1;0;1;11
2025-01-14;1;2025;martes;12:00;2;0;1;12
2025-01-14;1;2025;martes;13:00;0;1;1;13
2025-01-14;1;2025;martes;14:00;0;0;2;14
2025-01-14;1;2025;martes;15:00;1;0;2;15
2025-01-14;1;2025;martes;16:00;1;0;2;16
2025-01-14;1;2025;martes;17:00;0;0;2;17
2025-01-14;1;2025;martes;18:00;1;0;1;18
2025-01-14;1;2025;martes;19:00;0;0;1;19
2025-01-14;1;2025;martes;20:00;1;0;1;20
2025-01-14;1;2025;martes;21:00;0;0;1;21
2025-01-14;1;2025;martes;22:00;0;0;2;22
2025-01-14;1;2025;martes;23:00;0;0;2;23
2025-01-15;1;2025;miércoles;00:00:00;0;0;3;0
2025-01-15;1;2025;miércoles;01:00;1;0;3;1
2025-01-15;1;2025;miércoles;02:00;0;1;3;2
2025-01-15;1;2025;miércoles;03:00;0;0;3;3
2025-01-15;1;2025;miércoles;04:00;0;0;3;4
2025-01-15;1;2025;miércoles;05:00;0;0;3;5
2025-01-15;1;2025;miércoles;06:00;0;0;3;6
2025-01-15;1;2025;miércoles;07:00;0;0;3;7
2025-01-15;1;2025;miércoles;08:00;1;0;2;8
2025-01-15;1;2025;miércoles;09:00;0;0;2;9
2025-01-15;1;2025;miércoles;10:00;0;0;1;10
2025-01-15;1;2025;miércoles;11:00;0;0;1;11
2025-01-15;1;2025;miércoles;12:00;0;0;1;12
2025-01-15;1;2025;miércoles;13:00;2;0;1;13
2025-01-15;1;2025;miércoles;14:00;0;0;2;14
2025-01-15;1;2025;miércoles;15:00;0;0;2;15
2025-01-15;1;2025;miércoles;16:00;0;0;2;16
2025-01-15;1;2025;miércoles;17:00;1;0;2;17
2025-01-15;1;2025;miércoles;18:00;0;0;1;18
2025-01-15;1;2025;miércoles;19:00;0;0;1;19
2025-01-15;1;2025;miércoles;20:00;0;0;1;20
2025-01-15;1;2025;miércoles;21:00;1;0;1;21
2025-01-15;1;2025;miércoles;22:00;0;1;2;22
2025-01-15;1;2025;miércoles;23:00;0;0;2;23
2025-01-16;1;2025;jueves;00:00:00;1;0;3;0
2025-01-16;1;2025;jueves;01:00;0;0;3;1
2025-01-16;1;2025;jueves;02:00;0;0;3;2
2025-01-16;1;2025;jueves;03:00;0;0;3;3
2025-01-16;1;2025;jueves;04:00;0;0;3;4
2025-01-16;1;2025;jueves;05:00;0;0;3;5
2025-01-16;1;2025;jueves;06:00;0;0;3;6
2025-01-16;1;2025;jueves;07:00;1;0;3;7
2025-01-16;1;2025;jueves;08:00;2;0;2;8
2025-01-16;1;2025;jueves;09:00;1;1;2;9
2025-01-16;1;2025;jueves;10:00;1;0;1;10
2025-01-16;1;2025;jueves;11:00;0;0;1;11
2025-01-16;1;2025;jueves;12:00;1;0;1;12
2025-01-16;1;2025;jueves;13:00;1;0;1;13
2025-01-16;1;2025;jueves;14:00;2;1;2;14
2025-01-16;1;2025;jueves;15:00;0;0;2;15
2025-01-16;1;2025;jueves;16:00;1;1;2;16
2025-01-16;1;2025;jueves;17:00;0;0;2;17
2025-01-16;1;2025;jueves;18:00;0;0;1;18
2025-01-16;1;2025;jueves;19:00;1;0;1;19
2025-01-16;1;2025;jueves;20:00;0;0;1;20
2025-01-16;1;2025;jueves;21:00;0;0;1;21
2025-01-16;1;2025;jueves;22:00;1;0;2;22
2025-01-16;1;2025;jueves;23:00;0;0;2;23
2025-01-17;1;2025;viernes;00:00:00;0;0;3;0
2025-01-17;1;2025;viernes;01:00;0;0;3;1
2025-01-17;1;2025;viernes;02:00;1;1;3;2
2025-01-17;1;2025;viernes;03:00;0;0;3;3
2025-01-17;1;2025;viernes;04:00;0;0;3;4
2025-01-17;1;2025;viernes;05:00;0;0;3;5
2025-01-17;1;2025;viernes;06:00;0;0;3;6
2025-01-17;1;2025;viernes;07:00;0;0;3;7
2025-01-17;1;2025;viernes;08:00;0;0;2;8
2025-01-17;1;2025;viernes;09:00;1;0;2;9
2025-01-17;1;2025;viernes;10:00;0;0;1;10
2025-01-17;1;2025;viernes;11:00;0;0;1;11
2025-01-17;1;2025;viernes;12:00;1;0;1;12
2025-01-17;1;2025;viernes;13:00;0;0;1;13
2025-01-17;1;2025;viernes;14:00;1;0;2;14
2025-01-17;1;2025;viernes;15:00;0;0;2;15
2025-01-17;1;2025;viernes;16:00;1;0;2;16
2025-01-17;1;2025;viernes;17:00;0;0;2;17
2025-01-17;1;2025;viernes;18:00;0;0;1;18
2025-01-17;1;2025;viernes;19:00;1;0;1;19
2025-01-17;1;2025;viernes;20:00;0;0;1;20
2025-01-17;1;2025;viernes;21:00;1;0;1;21
2025-01-17;1;2025;viernes;22:00;0;1;2;22
2025-01-17;1;2025;viernes;23:00;0;0;2;23
2025-01-18;1;2025;sábado;00:00:00;1;0;3;0
2025-01-18;1;2025;sábado;01:00;0;0;3;1
2025-01-18;1;2025;sábado;02:00;0;0;3;2
2025-01-18;1;2025;sábado;03:00;0;0;3;3
2025-01-18;1;2025;sábado;04:00;0;0;3;4
2025-01-18;1;2025;sábado;05:00;0;0;3;5
2025-01-18;1;2025;sábado;06:00;0;0;3;6
2025-01-18;1;2025;sábado;07:00;0;0;3;7
2025-01-18;1;2025;sábado;08:00;0;0;3;8
2025-01-18;1;2025;sábado;09:00;1;0;3;9
2025-01-18;1;2025;sábado;10:00;0;0;3;10
2025-01-18;1;2025;sábado;11:00;0;0;3;11
2025-01-18;1;2025;sábado;12:00;2;0;3;12
2025-01-18;1;2025;sábado;13:00;2;1;3;13
2025-01-18;1;2025;sábado;14:00;2;0;3;14
2025-01-18;1;2025;sábado;15:00;0;0;3;15
2025-01-18;1;2025;sábado;16:00;1;0;3;16
2025-01-18;1;2025;sábado;17:00;0;0;3;17
2025-01-18;1;2025;sábado;18:00;0;0;3;18
2025-01-18;1;2025;sábado;19:00;0.498;0;3;19
2025-01-18;1;2025;sábado;20:00;0.502;0;3;20
2025-01-18;1;2025;sábado;21:00;0;0;3;21
2025-01-18;1;2025;sábado;22:00;1;0;3;22
2025-01-18;1;2025;sábado;23:00;0;0;3;23
2025-01-19;1;2025;domingo;00:00:00;0;0;3;0
2025-01-19;1;2025;domingo;01:00;1;0;3;1
2025-01-19;1;2025;domingo;02:00;0;0;3;2
2025-01-19;1;2025;domingo;03:00;0;0;3;3
2025-01-19;1;2025;domingo;04:00;0;0;3;4
2025-01-19;1;2025;domingo;05:00;0;0;3;5
2025-01-19;1;2025;domingo;06:00;0;0;3;6
2025-01-19;1;2025;domingo;07:00;0;1;3;7
2025-01-19;1;2025;domingo;08:00;0;0;3;8
2025-01-19;1;2025;domingo;09:00;1;0;3;9
2025-01-19;1;2025;domingo;10:00;0;0;3;10
2025-01-19;1;2025;domingo;11:00;2;0;3;11
2025-01-19;1;2025;domingo;12:00;0;1;3;12
2025-01-19;1;2025;domingo;13:00;2;0;3;13
2025-01-19;1;2025;domingo;14:00;0;0;3;14
2025-01-19;1;2025;domingo;15:00;0;0;3;15
2025-01-19;1;2025;domingo;16:00;0;0;3;16
2025-01-19;1;2025;domingo;17:00;0;0;3;17
2025-01-19;1;2025;domingo;18:00;0;0;3;18
2025-01-19;1;2025;domingo;19:00;1;0;3;19
2025-01-19;1;2025;domingo;20:00;0;0;3;20
2025-01-19;1;2025;domingo;21:00;0;0;3;21
2025-01-19;1;2025;domingo;22:00;0;0;3;22
2025-01-19;1;2025;domingo;23:00;1;0;3;23
2025-01-20;1;2025;lunes;00:00:00;0;1;3;0
2025-01-20;1;2025;lunes;01:00;0;0;3;1
2025-01-20;1;2025;lunes;02:00;0;0;3;2
2025-01-20;1;2025;lunes;03:00;0;0;3;3
2025-01-20;1;2025;lunes;04:00;0;0;3;4
2025-01-20;1;2025;lunes;05:00;0;0;3;5
2025-01-20;1;2025;lunes;06:00;0;0;3;6
2025-01-20;1;2025;lunes;07:00;0;0;3;7
2025-01-20;1;2025;lunes;08:00;1;0;2;8
2025-01-20;1;2025;lunes;09:00;0;0;2;9
2025-01-20;1;2025;lunes;10:00;0;0;1;10
2025-01-20;1;2025;lunes;11:00;1;0;1;11
2025-01-20;1;2025;lunes;12:00;1;0;1;12
2025-01-20;1;2025;lunes;13:00;2;0;1;13
2025-01-20;1;2025;lunes;14:00;1;0;2;14
2025-01-20;1;2025;lunes;15:00;0;0;2;15
2025-01-20;1;2025;lunes;16:00;0;1;2;16
2025-01-20;1;2025;lunes;17:00;0;0;2;17
2025-01-20;1;2025;lunes;18:00;0;0;1;18
2025-01-20;1;2025;lunes;19:00;1;0;1;19
2025-01-20;1;2025;lunes;20:00;0;0;1;20
2025-01-20;1;2025;lunes;21:00;0;0;1;21
2025-01-20;1;2025;lunes;22:00;0;0;2;22
2025-01-20;1;2025;lunes;23:00;1;0;2;23
2025-01-21;1;2025;martes;00:00:00;0;0;3;0
2025-01-21;1;2025;martes;01:00;0;0;3;1
2025-01-21;1;2025;martes;02:00;0;0;3;2
2025-01-21;1;2025;martes;03:00;0;0;3;3
2025-01-21;1;2025;martes;04:00;0;0;3;4
2025-01-21;1;2025;martes;05:00;0;0;3;5
2025-01-21;1;2025;martes;06:00;0;0;3;6
2025-01-21;1;2025;martes;07:00;0;0;3;7
2025-01-21;1;2025;martes;08:00;1;0;2;8
2025-01-21;1;2025;martes;09:00;0;0;2;9
2025-01-21;1;2025;martes;10:00;1;1;1;10
2025-01-21;1;2025;martes;11:00;3;0;1;11
2025-01-21;1;2025;martes;12:00;1;0;1;12
2025-01-21;1;2025;martes;13:00;0;1;1;13
2025-01-21;1;2025;martes;14:00;0;0;2;14
2025-01-21;1;2025;martes;15:00;0;0;2;15
2025-01-21;1;2025;martes;16:00;0;0;2;16
2025-01-21;1;2025;martes;17:00;0;0;2;17
2025-01-21;1;2025;martes;18:00;2;0;1;18
2025-01-21;1;2025;martes;19:00;2;0;1;19
2025-01-21;1;2025;martes;20:00;0;0;1;20
2025-01-21;1;2025;martes;21:00;0;0;1;21
2025-01-21;1;2025;martes;22:00;0;0;2;22
2025-01-21;1;2025;martes;23:00;0;0;2;23
2025-01-22;1;2025;miércoles;00:00:00;0;0;3;0
2025-01-22;1;2025;miércoles;01:00;1;0;3;1
2025-01-22;1;2025;miércoles;02:00;0;0;3;2
2025-01-22;1;2025;miércoles;03:00;0;0;3;3
2025-01-22;1;2025;miércoles;04:00;0;1;3;4
2025-01-22;1;2025;miércoles;05:00;0;0;3;5
2025-01-22;1;2025;miércoles;06:00;0;0;3;6
2025-01-22;1;2025;miércoles;07:00;0;0;3;7
2025-01-22;1;2025;miércoles;08:00;1;0;2;8
2025-01-22;1;2025;miércoles;09:00;1;0;2;9
2025-01-22;1;2025;miércoles;10:00;0;0;1;10
2025-01-22;1;2025;miércoles;11:00;1;0;1;11
2025-01-22;1;2025;miércoles;12:00;1;0;1;12
2025-01-22;1;2025;miércoles;13:00;0;0;1;13
2025-01-22;1;2025;miércoles;14:00;1;0;2;14
2025-01-22;1;2025;miércoles;15:00;0;1;2;15
2025-01-22;1;2025;miércoles;16:00;0;0;2;16
2025-01-22;1;2025;miércoles;17:00;1;0;2;17
2025-01-22;1;2025;miércoles;18:00;0;0;1;18
2025-01-22;1;2025;miércoles;19:00;1;0;1;19
2025-01-22;1;2025;miércoles;20:00;0;0;1;20
2025-01-22;1;2025;miércoles;21:00;1;0;1;21
2025-01-22;1;2025;miércoles;22:00;0;0;2;22
2025-01-22;1;2025;miércoles;23:00;1;0;2;23
2025-01-23;1;2025;jueves;00:00:00;0;0;3;0
2025-01-23;1;2025;jueves;01:00;0;0;3;1
2025-01-23;1;2025;jueves;02:00;0;0;3;2
2025-01-23;1;2025;jueves;03:00;0;0;3;3
2025-01-23;1;2025;jueves;04:00;0;0;3;4
2025-01-23;1;2025;jueves;05:00;0;1;3;5
2025-01-23;1;2025;jueves;06:00;0;0;3;6
2025-01-23;1;2025;jueves;07:00;0;0;3;7
2025-01-23;1;2025;jueves;08:00;1;0;2;8
2025-01-23;1;2025;jueves;09:00;0;0;2;9
2025-01-23;1;2025;jueves;10:00;0;0;1;10
2025-01-23;1;2025;jueves;11:00;1;0;1;11
2025-01-23;1;2025;jueves;12:00;1;1;1;12
2025-01-23;1;2025;jueves;13:00;1;0;1;13
2025-01-23;1;2025;jueves;14:00;1;0;2;14
2025-01-23;1;2025;jueves;15:00;0;0;2;15
2025-01-23;1;2025;jueves;16:00;1;0;2;16
2025-01-23;1;2025;jueves;17:00;0;0;2;17
2025-01-23;1;2025;jueves;18:00;1;0;1;18
2025-01-23;1;2025;jueves;19:00;0;0;1;19
2025-01-23;1;2025;jueves;20:00;1;1;1;20
2025-01-23;1;2025;jueves;21:00;0;0;1;21
2025-01-23;1;2025;jueves;22:00;1;0;2;22
2025-01-23;1;2025;jueves;23:00;0;0;2;23
2025-01-24;1;2025;viernes;00:00:00;0;0;3;0
2025-01-24;1;2025;viernes;01:00;0;0;3;1
2025-01-24;1;2025;viernes;02:00;0;0;3;2
2025-01-24;1;2025;viernes;03:00;0;0;3;3
2025-01-24;1;2025;viernes;04:00;0;0;3;4
2025-01-24;1;2025;viernes;05:00;0;0;3;5
2025-01-24;1;2025;viernes;06:00;1;0;3;6
2025-01-24;1;2025;viernes;07:00;0;0;3;7
2025-01-24;1;2025;viernes;08:00;0;0;2;8
2025-01-24;1;2025;viernes;09:00;0;1;2;9
2025-01-24;1;2025;viernes;10:00;1;0;1;10
2025-01-24;1;2025;viernes;11:00;0;0;1;11
2025-01-24;1;2025;viernes;12:00;1;0;1;12
2025-01-24;1;2025;viernes;13:00;2;0;1;13
2025-01-24;1;2025;viernes;14:00;1;1;2;14
2025-01-24;1;2025;viernes;15:00;0;0;2;15
2025-01-24;1;2025;viernes;16:00;0;0;2;16
2025-01-24;1;2025;viernes;17:00;1;0;2;17
2025-01-24;1;2025;viernes;18:00;0;0;1;18
2025-01-24;1;2025;viernes;19:00;0;0;1;19
2025-01-24;1;2025;viernes;20:00;1;0;1;20
2025-01-24;1;2025;viernes;21:00;0;0;1;21
2025-01-24;1;2025;viernes;22:00;0;0;2;22
2025-01-24;1;2025;viernes;23:00;1;0;2;23
2025-01-25;1;2025;sábado;00:00:00;0;0;3;0
2025-01-25;1;2025;sábado;01:00;0;1;3;1
2025-01-25;1;2025;sábado;02:00;0;0;3;2
2025-01-25;1;2025;sábado;03:00;0;0;3;3
2025-01-25;1;2025;sábado;04:00;0;0;3;4
2025-01-25;1;2025;sábado;05:00;0;0;3;5
2025-01-25;1;2025;sábado;06:00;0;0;3;6
2025-01-25;1;2025;sábado;07:00;0;0;3;7
2025-01-25;1;2025;sábado;08:00;0;0;3;8
2025-01-25;1;2025;sábado;09:00;1;0;3;9
2025-01-25;1;2025;sábado;10:00;2;0;3;10
2025-01-25;1;2025;sábado;11:00;0;1;3;11
2025-01-25;1;2025;sábado;12:00;1;0;3;12
2025-01-25;1;2025;sábado;13:00;1;0;3;13
2025-01-25;1;2025;sábado;14:00;1;0;3;14
2025-01-25;1;2025;sábado;15:00;0;0;3;15
2025-01-25;1;2025;sábado;16:00;0;0;3;16
2025-01-25;1;2025;sábado;17:00;1;0;3;17
2025-01-25;1;2025;sábado;18:00;0;0;3;18
2025-01-25;1;2025;sábado;19:00;0;0;3;19
2025-01-25;1;2025;sábado;20:00;0;0;3;20
2025-01-25;1;2025;sábado;21:00;1;1;3;21
2025-01-25;1;2025;sábado;22:00;0;0;3;22
2025-01-25;1;2025;sábado;23:00;0;0;3;23
2025-01-26;1;2025;domingo;00:00:00;0;0;3;0
2025-01-26;1;2025;domingo;01:00;0;0;3;1
2025-01-26;1;2025;domingo;02:00;0;0;3;2
2025-01-26;1;2025;domingo;03:00;0;0;3;3
2025-01-26;1;2025;domingo;04:00;0;0;3;4
2025-01-26;1;2025;domingo;05:00;1;0;3;5
2025-01-26;1;2025;domingo;06:00;0;0;3;6
2025-01-26;1;2025;domingo;07:00;0;0;3;7
2025-01-26;1;2025;domingo;08:00;0;0;3;8
2025-01-26;1;2025;domingo;09:00;0;0;3;9
2025-01-26;1;2025;domingo;10:00;1;0;3;10
2025-01-26;1;2025;domingo;11:00;0;1;3;11
2025-01-26;1;2025;domingo;12:00;2;0;3;12
2025-01-26;1;2025;domingo;13:00;1;0;3;13
2025-01-26;1;2025;domingo;14:00;0;0;3;14
2025-01-26;1;2025;domingo;15:00;0;1;3;15
2025-01-26;1;2025;domingo;16:00;1;0;3;16
2025-01-26;1;2025;domingo;17:00;0;0;3;17
2025-01-26;1;2025;domingo;18:00;1;0;3;18
2025-01-26;1;2025;domingo;19:00;1;0;3;19
2025-01-26;1;2025;domingo;20:00;1;0;3;20
2025-01-26;1;2025;domingo;21:00;0;0;3;21
2025-01-26;1;2025;domingo;22:00;0;0;3;22
2025-01-26;1;2025;domingo;23:00;0;0;3;23
2025-01-27;1;2025;lunes;00:00:00;0;0;3;0
2025-01-27;1;2025;lunes;01:00;1;0;3;1
2025-01-27;1;2025;lunes;02:00;0;0;3;2
2025-01-27;1;2025;lunes;03:00;0;0;3;3
2025-01-27;1;2025;lunes;04:00;0;1;3;4
2025-01-27;1;2025;lunes;05:00;0;0;3;5
2025-01-27;1;2025;lunes;06:00;0;0;3;6
2025-01-27;1;2025;lunes;07:00;0;0;3;7
2025-01-27;1;2025;lunes;08:00;0;0;2;8
2025-01-27;1;2025;lunes;09:00;0;0;2;9
2025-01-27;1;2025;lunes;10:00;1;0;1;10
2025-01-27;1;2025;lunes;11:00;0;0;1;11
2025-01-27;1;2025;lunes;12:00;0;0;1;12
2025-01-27;1;2025;lunes;13:00;1;0;1;13
2025-01-27;1;2025;lunes;14:00;0;0;2;14
2025-01-27;1;2025;lunes;15:00;0;1;2;15
2025-01-27;1;2025;lunes;16:00;0;0;2;16
2025-01-27;1;2025;lunes;17:00;1;0;2;17
2025-01-27;1;2025;lunes;18:00;0;0;1;18
2025-01-27;1;2025;lunes;19:00;0;0;1;19
2025-01-27;1;2025;lunes;20:00;1;0;1;20
2025-01-27;1;2025;lunes;21:00;0;0;1;21
2025-01-27;1;2025;lunes;22:00;0;0;2;22
2025-01-27;1;2025;lunes;23:00;0;0;2;23
2025-01-28;1;2025;martes;00:00:00;0;0;3;0
2025-01-28;1;2025;martes;01:00;0;0;3;1
2025-01-28;1;2025;martes;02:00;0;0;3;2
2025-01-28;1;2025;martes;03:00;0;0;3;3
2025-01-28;1;2025;martes;04:00;1;0;3;4
2025-01-28;1;2025;martes;05:00;0;0;3;5
2025-01-28;1;2025;martes;06:00;0;1;3;6
2025-01-28;1;2025;martes;07:00;0;0;3;7
2025-01-28;1;2025;martes;08:00;0;0;2;8
2025-01-28;1;2025;martes;09:00;0;0;2;9
2025-01-28;1;2025;martes;10:00;0;0;1;10
2025-01-28;1;2025;martes;11:00;3;0;1;11
2025-01-28;1;2025;martes;12:00;2;0;1;12
2025-01-28;1;2025;martes;13:00;2;0;1;13
2025-01-28;1;2025;martes;14:00;1;1;2;14
2025-01-28;1;2025;martes;15:00;1;0;2;15
2025-01-28;1;2025;martes;16:00;0;0;2;16
2025-01-28;1;2025;martes;17:00;0;0;2;17
2025-01-28;1;2025;martes;18:00;1;0;1;18
2025-01-28;1;2025;martes;19:00;0;0;1;19
2025-01-28;1;2025;martes;20:00;0;0;1;20
2025-01-28;1;2025;martes;21:00;1;0;1;21
2025-01-28;1;2025;martes;22:00;0;1;2;22
2025-01-28;1;2025;martes;23:00;1;0;2;23
2025-01-29;1;2025;miércoles;00:00:00;0;0;3;0
2025-01-29;1;2025;miércoles;01:00;0;0;3;1
2025-01-29;1;2025;miércoles;02:00;0;0;3;2
2025-01-29;1;2025;miércoles;03:00;0;0;3;3
2025-01-29;1;2025;miércoles;04:00;0;0;3;4
2025-01-29;1;2025;miércoles;05:00;0;0;3;5
2025-01-29;1;2025;miércoles;06:00;0;0;3;6
2025-01-29;1;2025;miércoles;07:00;0;0;3;7
2025-01-29;1;2025;miércoles;08:00;2;0;2;8
2025-01-29;1;2025;miércoles;09:00;1;0;2;9
2025-01-29;1;2025;miércoles;10:00;0;0;1;10
2025-01-29;1;2025;miércoles;11:00;0;0;1;11
2025-01-29;1;2025;miércoles;12:00;1;1;1;12
2025-01-29;1;2025;miércoles;13:00;2;0;1;13
2025-01-29;1;2025;miércoles;14:00;1;0;2;14
2025-01-29;1;2025;miércoles;15:00;0;1;2;15
2025-01-29;1;2025;miércoles;16:00;0;0;2;16
2025-01-29;1;2025;miércoles;17:00;0;0;2;17
2025-01-29;1;2025;miércoles;18:00;0;0;1;18
2025-01-29;1;2025;miércoles;19:00;1;0;1;19
2025-01-29;1;2025;miércoles;20:00;0;0;1;20
2025-01-29;1;2025;miércoles;21:00;1;0;1;21
2025-01-29;1;2025;miércoles;22:00;0;0;2;22
2025-01-29;1;2025;miércoles;23:00;0;0;2;23
2025-01-30;1;2025;jueves;00:00:00;0;0;3;0
2025-01-30;1;2025;jueves;01:00;0;0;3;1
2025-01-30;1;2025;jueves;02:00;0;0;3;2
2025-01-30;1;2025;jueves;03:00;0;0;3;3
2025-01-30;1;2025;jueves;04:00;1;0;3;4
2025-01-30;1;2025;jueves;05:00;0;1;3;5
2025-01-30;1;2025;jueves;06:00;0;0;3;6
2025-01-30;1;2025;jueves;07:00;0;0;3;7
2025-01-30;1;2025;jueves;08:00;0;0;2;8
2025-01-30;1;2025;jueves;09:00;0;0;2;9
2025-01-30;1;2025;jueves;10:00;1;0;1;10
2025-01-30;1;2025;jueves;11:00;0;0;1;11
2025-01-30;1;2025;jueves;12:00;0;0;1;12
2025-01-30;1;2025;jueves;13:00;1;0;1;13
2025-01-30;1;2025;jueves;14:00;0;0;2;14
2025-01-30;1;2025;jueves;15:00;0;0;2;15
2025-01-30;1;2025;jueves;16:00;0;0;2;16
2025-01-30;1;2025;jueves;17:00;0;0;2;17
2025-01-30;1;2025;jueves;18:00;1;0;1;18
2025-01-30;1;2025;jueves;19:00;1;1;1;19
2025-01-30;1;2025;jueves;20:00;0;0;1;20
2025-01-30;1;2025;jueves;21:00;1;0;1;21
2025-01-30;1;2025;jueves;22:00;0;0;2;22
2025-01-30;1;2025;jueves;23:00;0;0;2;23
2025-01-31;1;2025;viernes;00:00:00;0;0;3;0
2025-01-31;1;2025;viernes;01:00;0;0;3;1
2025-01-31;1;2025;viernes;02:00;0;0;3;2
2025-01-31;1;2025;viernes;03:00;1;0;3;3
2025-01-31;1;2025;viernes;04:00;0;0;3;4
2025-01-31;1;2025;viernes;05:00;0;0;3;5
2025-01-31;1;2025;viernes;06:00;0;0;3;6
2025-01-31;1;2025;viernes;07:00;0;0;3;7
2025-01-31;1;2025;viernes;08:00;1;0;2;8
2025-01-31;1;2025;viernes;09:00;1;0;2;9
2025-01-31;1;2025;viernes;10:00;0;0;1;10
2025-01-31;1;2025;viernes;11:00;0;1;1;11
2025-01-31;1;2025;viernes;12:00;0;0;1;12
2025-01-31;1;2025;viernes;13:00;1;0;1;13
2025-01-31;1;2025;viernes;14:00;1;0;2;14
2025-01-31;1;2025;viernes;15:00;0;1;2;15
2025-01-31;1;2025;viernes;16:00;0;0;2;16
2025-01-31;1;2025;viernes;17:00;0;0;2;17
2025-01-31;1;2025;viernes;18:00;1;0;1;18
2025-01-31;1;2025;viernes;19:00;0;0;1;19
2025-01-31;1;2025;viernes;20:00;0;0;1;20
2025-01-31;1;2025;viernes;21:00;0;0;1;21
2025-01-31;1;2025;viernes;22:00;1;0;2;22
2025-01-31;1;2025;viernes;23:00;0;0;2;23
2025-02-01;2;2025;sábado;00:00:00;0;0;3;0
2025-02-01;2;2025;sábado;01:00;1;0;3;1
2025-02-01;2;2025;sábado;02:00;0;0;3;2
2025-02-01;2;2025;sábado;03:00;0;0;3;3
2025-02-01;2;2025;sábado;04:00;0;0;3;4
2025-02-01;2;2025;sábado;05:00;0;0;3;5
2025-02-01;2;2025;sábado;06:00;0;0;3;6
2025-02-01;2;2025;sábado;07:00;0;1;3;7
2025-02-01;2;2025;sábado;08:00;0;0;3;8
2025-02-01;2;2025;sábado;09:00;1;0;3;9
2025-02-01;2;2025;sábado;10:00;0;0;3;10
2025-02-01;2;2025;sábado;11:00;4;0;3;11
2025-02-01;2;2025;sábado;12:00;2;1;3;12
2025-02-01;2;2025;sábado;13:00;1;0;3;13
2025-02-01;2;2025;sábado;14:00;1;0;3;14
2025-02-01;2;2025;sábado;15:00;0;0;3;15
2025-02-01;2;2025;sábado;16:00;0;0;3;16
2025-02-01;2;2025;sábado;17:00;0;0;3;17
2025-02-01;2;2025;sábado;18:00;0;0;3;18
2025-02-01;2;2025;sábado;19:00;1;0;3;19
2025-02-01;2;2025;sábado;20:00;0;0;3;20
2025-02-01;2;2025;sábado;21:00;0;0;3;21
2025-02-01;2;2025;sábado;22:00;0;0;3;22
2025-02-01;2;2025;sábado;23:00;0;1;3;23
2025-02-02;2;2025;domingo;00:00:00;1;0;3;0
2025-02-02;2;2025;domingo;01:00;0;0;3;1
2025-02-02;2;2025;domingo;02:00;0;0;3;2
2025-02-02;2;2025;domingo;03:00;0;0;3;3
2025-02-02;2;2025;domingo;04:00;0;0;3;4
2025-02-02;2;2025;domingo;05:00;0;0;3;5
2025-02-02;2;2025;domingo;06:00;0;0;3;6
2025-02-02;2;2025;domingo;07:00;0;0;3;7
2025-02-02;2;2025;domingo;08:00;0;0;3;8
2025-02-02;2;2025;domingo;09:00;1;0;3;9
2025-02-02;2;2025;domingo;10:00;0;0;3;10
2025-02-02;2;2025;domingo;11:00;1;1;3;11
2025-02-02;2;2025;domingo;12:00;1;0;3;12
2025-02-02;2;2025;domingo;13:00;1;0;3;13
2025-02-02;2;2025;domingo;14:00;2;0;3;14
2025-02-02;2;2025;domingo;15:00;0;1;3;15
2025-02-02;2;2025;domingo;16:00;0;0;3;16
2025-02-02;2;2025;domingo;17:00;0;0;3;17
2025-02-02;2;2025;domingo;18:00;1;0;3;18
2025-02-02;2;2025;domingo;19:00;0;0;3;19
2025-02-02;2;2025;domingo;20:00;0;1;3;20
2025-02-02;2;2025;domingo;21:00;0;0;3;21
2025-02-02;2;2025;domingo;22:00;1;0;3;22
2025-02-02;2;2025;domingo;23:00;0;0;3;23
2025-02-03;2;2025;lunes;00:00:00;0;0;3;0
2025-02-03;2;2025;lunes;01:00;0;0;3;1
2025-02-03;2;2025;lunes;02:00;0;0;3;2
2025-02-03;2;2025;lunes;03:00;0;0;3;3
2025-02-03;2;2025;lunes;04:00;0;1;3;4
2025-02-03;2;2025;lunes;05:00;0;0;3;5
2025-02-03;2;2025;lunes;06:00;0;0;3;6
2025-02-03;2;2025;lunes;07:00;1;0;3;7
2025-02-03;2;2025;lunes;08:00;0;0;2;8
2025-02-03;2;2025;lunes;09:00;2;0;2;9
2025-02-03;2;2025;lunes;10:00;0;0;1;10
2025-02-03;2;2025;lunes;11:00;0;1;1;11
2025-02-03;2;2025;lunes;12:00;2;0;1;12
2025-02-03;2;2025;lunes;13:00;2;0;1;13
2025-02-03;2;2025;lunes;14:00;2;0;2;14
2025-02-03;2;2025;lunes;15:00;2;0;2;15
2025-02-03;2;2025;lunes;16:00;1;0;2;16
2025-02-03;2;2025;lunes;17:00;1;0;2;17
2025-02-03;2;2025;lunes;18:00;0;0;1;18
2025-02-03;2;2025;lunes;19:00;0;0;1;19
2025-02-03;2;2025;lunes;20:00;1;0;1;20
2025-02-03;2;2025;lunes;21:00;2;0;1;21
2025-02-03;2;2025;lunes;22:00;1;0;2;22
2025-02-03;2;2025;lunes;23:00;0;1;2;23
2025-02-04;2;2025;martes;00:00:00;0;0;3;0
2025-02-04;2;2025;martes;01:00;0;0;3;1
2025-02-04;2;2025;martes;02:00;0;0;3;2
2025-02-04;2;2025;martes;03:00;0;0;3;3
2025-02-04;2;2025;martes;04:00;0;0;3;4
2025-02-04;2;2025;martes;05:00;0;0;3;5
2025-02-04;2;2025;martes;06:00;0;0;3;6
2025-02-04;2;2025;martes;07:00;1;0;3;7
2025-02-04;2;2025;martes;08:00;0;0;2;8
2025-02-04;2;2025;martes;09:00;1;0;2;9
2025-02-04;2;2025;martes;10:00;1;0;1;10
2025-02-04;2;2025;martes;11:00;1;0;1;11
2025-02-04;2;2025;martes;12:00;2;1;1;12
2025-02-04;2;2025;martes;13:00;2;0;1;13
2025-02-04;2;2025;martes;14:00;1;1;2;14
2025-02-04;2;2025;martes;15:00;2;0;2;15
2025-02-04;2;2025;martes;16:00;1;0;2;16
2025-02-04;2;2025;martes;17:00;1;0;2;17
2025-02-04;2;2025;martes;18:00;1;0;1;18
2025-02-04;2;2025;martes;19:00;0;0;1;19
2025-02-04;2;2025;martes;20:00;0;0;1;20
2025-02-04;2;2025;martes;21:00;0;0;1;21
2025-02-04;2;2025;martes;22:00;0;0;2;22
2025-02-04;2;2025;martes;23:00;0;0;2;23
2025-02-05;2;2025;miércoles;00:00:00;1;1;3;0
2025-02-05;2;2025;miércoles;01:00;0;0;3;1
2025-02-05;2;2025;miércoles;02:00;0;0;3;2
2025-02-05;2;2025;miércoles;03:00;0;0;3;3
2025-02-05;2;2025;miércoles;04:00;0;0;3;4
2025-02-05;2;2025;miércoles;05:00;0;0;3;5
2025-02-05;2;2025;miércoles;06:00;0;0;3;6
2025-02-05;2;2025;miércoles;07:00;0;0;3;7
2025-02-05;2;2025;miércoles;08:00;4;0;2;8
2025-02-05;2;2025;miércoles;09:00;1;1;2;9
2025-02-05;2;2025;miércoles;10:00;1;0;1;10
2025-02-05;2;2025;miércoles;11:00;1;0;1;11
2025-02-05;2;2025;miércoles;12:00;1;0;1;12
2025-02-05;2;2025;miércoles;13:00;1;0;1;13
2025-02-05;2;2025;miércoles;14:00;0;0;2;14
2025-02-05;2;2025;miércoles;15:00;1;0;2;15
2025-02-05;2;2025;miércoles;16:00;1;1;2;16
2025-02-05;2;2025;miércoles;17:00;0;0;2;17
2025-02-05;2;2025;miércoles;18:00;0;0;1;18
2025-02-05;2;2025;miércoles;19:00;1;0;1;19
2025-02-05;2;2025;miércoles;20:00;1;0;1;20
2025-02-05;2;2025;miércoles;21:00;0;0;1;21
2025-02-05;2;2025;miércoles;22:00;1;0;2;22
2025-02-05;2;2025;miércoles;23:00;1;0;2;23
2025-02-06;2;2025;jueves;00:00:00;0;0;3;0
2025-02-06;2;2025;jueves;01:00;0;0;3;1
2025-02-06;2;2025;jueves;02:00;0;0;3;2
2025-02-06;2;2025;jueves;03:00;0;0;3;3
2025-02-06;2;2025;jueves;04:00;0;0;3;4
2025-02-06;2;2025;jueves;05:00;0;0;3;5
2025-02-06;2;2025;jueves;06:00;0;1;3;6
2025-02-06;2;2025;jueves;07:00;0;0;3;7
2025-02-06;2;2025;jueves;08:00;0;0;2;8
2025-02-06;2;2025;jueves;09:00;0;0;2;9
2025-02-06;2;2025;jueves;10:00;2;0;1;10
2025-02-06;2;2025;jueves;11:00;2;0;1;11
2025-02-06;2;2025;jueves;12:00;1;1;1;12
2025-02-06;2;2025;jueves;13:00;1;0;1;13
2025-02-06;2;2025;jueves;14:00;1;0;2;14
2025-02-06;2;2025;jueves;15:00;1;0;2;15
2025-02-06;2;2025;jueves;16:00;0;0;2;16
2025-02-06;2;2025;jueves;17:00;1;0;2;17
2025-02-06;2;2025;jueves;18:00;0;0;1;18
2025-02-06;2;2025;jueves;19:00;1;0;1;19
2025-02-06;2;2025;jueves;20:00;1;0;1;20
2025-02-06;2;2025;jueves;21:00;0;0;1;21
2025-02-06;2;2025;jueves;22:00;1;0;2;22
2025-02-06;2;2025;jueves;23:00;0;1;2;23
2025-02-07;2;2025;viernes;00:00:00;0;0;3;0
2025-02-07;2;2025;viernes;01:00;0;0;3;1
2025-02-07;2;2025;viernes;02:00;0;0;3;2
2025-02-07;2;2025;viernes;03:00;0;0;3;3
2025-02-07;2;2025;viernes;04:00;0;0;3;4
2025-02-07;2;2025;viernes;05:00;1;0;3;5
2025-02-07;2;2025;viernes;06:00;0;0;3;6
2025-02-07;2;2025;viernes;07:00;0;0;3;7
2025-02-07;2;2025;viernes;08:00;1;0;2;8
2025-02-07;2;2025;viernes;09:00;0;0;2;9
2025-02-07;2;2025;viernes;10:00;0;0;1;10
2025-02-07;2;2025;viernes;11:00;1;0;1;11
2025-02-07;2;2025;viernes;12:00;1;0;1;12
2025-02-07;2;2025;viernes;13:00;1;0;1;13
2025-02-07;2;2025;viernes;14:00;1;1;2;14
2025-02-07;2;2025;viernes;15:00;0;0;2;15
2025-02-07;2;2025;viernes;16:00;1;0;2;16
2025-02-07;2;2025;viernes;17:00;0;0;2;17
2025-02-07;2;2025;viernes;18:00;1;0;1;18
2025-02-07;2;2025;viernes;19:00;0;0;1;19
2025-02-07;2;2025;viernes;20:00;1;0;1;20
2025-02-07;2;2025;viernes;21:00;0;0;1;21
2025-02-07;2;2025;viernes;22:00;1;0;2;22
2025-02-07;2;2025;viernes;23:00;0;0;2;23
2025-02-08;2;2025;sábado;00:00:00;0;0;3;0
2025-02-08;2;2025;sábado;01:00;0;0;3;1
2025-02-08;2;2025;sábado;02:00;0;0;3;2
2025-02-08;2;2025;sábado;03:00;0;0;3;3
2025-02-08;2;2025;sábado;04:00;0;1;3;4
2025-02-08;2;2025;sábado;05:00;0;0;3;5
2025-02-08;2;2025;sábado;06:00;0;0;3;6
2025-02-08;2;2025;sábado;07:00;1;0;3;7
2025-02-08;2;2025;sábado;08:00;0;0;3;8
2025-02-08;2;2025;sábado;09:00;0;0;3;9
2025-02-08;2;2025;sábado;10:00;1;0;3;10
2025-02-08;2;2025;sábado;11:00;0;0;3;11
2025-02-08;2;2025;sábado;12:00;1;0;3;12
2025-02-08;2;2025;sábado;13:00;2;0;3;13
2025-02-08;2;2025;sábado;14:00;3;1;3;14
2025-02-08;2;2025;sábado;15:00;0;0;3;15
2025-02-08;2;2025;sábado;16:00;1;0;3;16
2025-02-08;2;2025;sábado;17:00;0;0;3;17
2025-02-08;2;2025;sábado;18:00;0;0;3;18
2025-02-08;2;2025;sábado;19:00;1;0;3;19
2025-02-08;2;2025;sábado;20:00;0;1;3;20
2025-02-08;2;2025;sábado;21:00;1;0;3;21
2025-02-08;2;2025;sábado;22:00;0;0;3;22
2025-02-08;2;2025;sábado;23:00;0;0;3;23
2025-02-09;2;2025;domingo;00:00:00;1;0;3;0
2025-02-09;2;2025;domingo;01:00;0;0;3;1
2025-02-09;2;2025;domingo;02:00;0;0;3;2
2025-02-09;2;2025;domingo;03:00;0;0;3;3
2025-02-09;2;2025;domingo;04:00;0;0;3;4
2025-02-09;2;2025;domingo;05:00;0;0;3;5
2025-02-09;2;2025;domingo;06:00;0;0;3;6
2025-02-09;2;2025;domingo;07:00;0;0;3;7
2025-02-09;2;2025;domingo;08:00;0.488;0;3;8
2025-02-09;2;2025;domingo;09:00;0.512;0;3;9
2025-02-09;2;2025;domingo;10:00;1;1;3;10
2025-02-09;2;2025;domingo;11:00;1;0;3;11
2025-02-09;2;2025;domingo;12:00;0;0;3;12
2025-02-09;2;2025;domingo;13:00;1;0;3;13
2025-02-09;2;2025;domingo;14:00;1;0;3;14
2025-02-09;2;2025;domingo;15:00;0;0;3;15
2025-02-09;2;2025;domingo;16:00;0;0;3;16
2025-02-09;2;2025;domingo;17:00;1;0;3;17
2025-02-09;2;2025;domingo;18:00;0;0;3;18
2025-02-09;2;2025;domingo;19:00;0;1;3;19
2025-02-09;2;2025;domingo;20:00;0;0;3;20
2025-02-09;2;2025;domingo;21:00;1;0;3;21
2025-02-09;2;2025;domingo;22:00;0;0;3;22
2025-02-09;2;2025;domingo;23:00;0;0;3;23
2025-02-10;2;2025;lunes;00:00:00;0;0;3;0
2025-02-10;2;2025;lunes;01:00;0;0;3;1
2025-02-10;2;2025;lunes;02:00;0;0;3;2
2025-02-10;2;2025;lunes;03:00;1;0;3;3
2025-02-10;2;2025;lunes;04:00;0;0;3;4
2025-02-10;2;2025;lunes;05:00;0;0;3;5
2025-02-10;2;2025;lunes;06:00;0;0;3;6
2025-02-10;2;2025;lunes;07:00;0;0;3;7
2025-02-10;2;2025;lunes;08:00;0;0;2;8
2025-02-10;2;2025;lunes;09:00;1;0;2;9
2025-02-10;2;2025;lunes;10:00;0;0;1;10
2025-02-10;2;2025;lunes;11:00;1;1;1;11
2025-02-10;2;2025;lunes;12:00;1;0;1;12
2025-02-10;2;2025;lunes;13:00;2;0;1;13
2025-02-10;2;2025;lunes;14:00;1;1;2;14
2025-02-10;2;2025;lunes;15:00;0;0;2;15
2025-02-10;2;2025;lunes;16:00;0;0;2;16
2025-02-10;2;2025;lunes;17:00;2;0;2;17
2025-02-10;2;2025;lunes;18:00;1;0;1;18
2025-02-10;2;2025;lunes;19:00;0;0;1;19
2025-02-10;2;2025;lunes;20:00;1;0;1;20
2025-02-10;2;2025;lunes;21:00;0;0;1;21
2025-02-10;2;2025;lunes;22:00;0;0;2;22
2025-02-10;2;2025;lunes;23:00;0;0;2;23
2025-02-11;2;2025;martes;00:00:00;0;0;3;0
2025-02-11;2;2025;martes;01:00;1;0;3;1
2025-02-11;2;2025;martes;02:00;0;0;3;2
2025-02-11;2;2025;martes;03:00;0;1;3;3
2025-02-11;2;2025;martes;04:00;0;0;3;4
2025-02-11;2;2025;martes;05:00;0;0;3;5
2025-02-11;2;2025;martes;06:00;0;0;3;6
2025-02-11;2;2025;martes;07:00;0;0;3;7
2025-02-11;2;2025;martes;08:00;0;0;2;8
2025-02-11;2;2025;martes;09:00;0;0;2;9
2025-02-11;2;2025;martes;10:00;1;0;1;10
2025-02-11;2;2025;martes;11:00;1;1;1;11
2025-02-11;2;2025;martes;12:00;1;0;1;12
2025-02-11;2;2025;martes;13:00;1;0;1;13
2025-02-11;2;2025;martes;14:00;1;1;2;14
2025-02-11;2;2025;martes;15:00;0;0;2;15
2025-02-11;2;2025;martes;16:00;0;0;2;16
2025-02-11;2;2025;martes;17:00;0;0;2;17
2025-02-11;2;2025;martes;18:00;1;1;1;18
2025-02-11;2;2025;martes;19:00;1;0;1;19
2025-02-11;2;2025;martes;20:00;0;0;1;20
2025-02-11;2;2025;martes;21:00;0;0;1;21
2025-02-11;2;2025;martes;22:00;1;0;2;22
2025-02-11;2;2025;martes;23:00;0;0;2;23
2025-02-12;2;2025;miércoles;00:00:00;0;0;3;0
2025-02-12;2;2025;miércoles;01:00;0;0;3;1
2025-02-12;2;2025;miércoles;02:00;0;0;3;2
2025-02-12;2;2025;miércoles;03:00;0;1;3;3
2025-02-12;2;2025;miércoles;04:00;0;0;3;4
2025-02-12;2;2025;miércoles;05:00;0;0;3;5
2025-02-12;2;2025;miércoles;06:00;0;0;3;6
2025-02-12;2;2025;miércoles;07:00;0;0;3;7
2025-02-12;2;2025;miércoles;08:00;2;0;2;8
2025-02-12;2;2025;miércoles;09:00;1;0;2;9
2025-02-12;2;2025;miércoles;10:00;0;0;1;10
2025-02-12;2;2025;miércoles;11:00;1;0;1;11
2025-02-12;2;2025;miércoles;12:00;1;0;1;12
2025-02-12;2;2025;miércoles;13:00;2;0;1;13
2025-02-12;2;2025;miércoles;14:00;1;1;2;14
2025-02-12;2;2025;miércoles;15:00;1;0;2;15
2025-02-12;2;2025;miércoles;16:00;0;1;2;16
2025-02-12;2;2025;miércoles;17:00;1;0;2;17
2025-02-12;2;2025;miércoles;18:00;0;0;1;18
2025-02-12;2;2025;miércoles;19:00;0;0;1;19
2025-02-12;2;2025;miércoles;20:00;0;0;1;20
2025-02-12;2;2025;miércoles;21:00;0;0;1;21
2025-02-12;2;2025;miércoles;22:00;1;0;2;22
2025-02-12;2;2025;miércoles;23:00;0;0;2;23
2025-02-13;2;2025;jueves;00:00:00;0;0;3;0
2025-02-13;2;2025;jueves;01:00;0;0;3;1
2025-02-13;2;2025;jueves;02:00;0;0;3;2
2025-02-13;2;2025;jueves;03:00;0;0;3;3
2025-02-13;2;2025;jueves;04:00;0;0;3;4
2025-02-13;2;2025;jueves;05:00;0;0;3;5
2025-02-13;2;2025;jueves;06:00;1;1;3;6
2025-02-13;2;2025;jueves;07:00;0;0;3;7
2025-02-13;2;2025;jueves;08:00;0;0;2;8
2025-02-13;2;2025;jueves;09:00;0;0;2;9
2025-02-13;2;2025;jueves;10:00;0;0;1;10
2025-02-13;2;2025;jueves;11:00;1;0;1;11
2025-02-13;2;2025;jueves;12:00;2;0;1;12
2025-02-13;2;2025;jueves;13:00;0;0;1;13
2025-02-13;2;2025;jueves;14:00;2;0;2;14
2025-02-13;2;2025;jueves;15:00;1;0;2;15
2025-02-13;2;2025;jueves;16:00;0;0;2;16
2025-02-13;2;2025;jueves;17:00;1;0;2;17
2025-02-13;2;2025;jueves;18:00;0;1;1;18
2025-02-13;2;2025;jueves;19:00;0;0;1;19
2025-02-13;2;2025;jueves;20:00;1;0;1;20
2025-02-13;2;2025;jueves;21:00;0;0;1;21
2025-02-13;2;2025;jueves;22:00;0;0;2;22
2025-02-13;2;2025;jueves;23:00;0;0;2;23
2025-02-14;2;2025;viernes;00:00:00;0;0;3;0
2025-02-14;2;2025;viernes;01:00;1;0;3;1
2025-02-14;2;2025;viernes;02:00;0;0;3;2
2025-02-14;2;2025;viernes;03:00;0;0;3;3
2025-02-14;2;2025;viernes;04:00;0;0;3;4
2025-02-14;2;2025;viernes;05:00;0;0;3;5
2025-02-14;2;2025;viernes;06:00;0;0;3;6
2025-02-14;2;2025;viernes;07:00;0;0;3;7
2025-02-14;2;2025;viernes;08:00;0;0;2;8
2025-02-14;2;2025;viernes;09:00;0;0.494;2;9
2025-02-14;2;2025;viernes;10:00;0;0.506;1;10
2025-02-14;2;2025;viernes;11:00;1;0;1;11
2025-02-14;2;2025;viernes;12:00;1;0;1;12
2025-02-14;2;2025;viernes;13:00;2;1;1;13
2025-02-14;2;2025;viernes;14:00;1;0;2;14
2025-02-14;2;2025;viernes;15:00;0;0;2;15
2025-02-14;2;2025;viernes;16:00;1;0;2;16
2025-02-14;2;2025;viernes;17:00;0;0;2;17
2025-02-14;2;2025;viernes;18:00;0;0;1;18
2025-02-14;2;2025;viernes;19:00;2;0;1;19
2025-02-14;2;2025;viernes;20:00;1;0;1;20
2025-02-14;2;2025;viernes;21:00;1;0;1;21
2025-02-14;2;2025;viernes;22:00;0;0;2;22
2025-02-14;2;2025;viernes;23:00;0;1;2;23
2025-02-15;2;2025;sábado;00:00:00;0;0;3;0
2025-02-15;2;2025;sábado;01:00;0;0;3;1
2025-02-15;2;2025;sábado;02:00;1;0;3;2
2025-02-15;2;2025;sábado;03:00;0;0;3;3
2025-02-15;2;2025;sábado;04:00;0;0;3;4
2025-02-15;2;2025;sábado;05:00;0;0;3;5
2025-02-15;2;2025;sábado;06:00;0;0;3;6
2025-02-15;2;2025;sábado;07:00;0;0;3;7
2025-02-15;2;2025;sábado;08:00;1;0;3;8
2025-02-15;2;2025;sábado;09:00;0;0;3;9
2025-02-15;2;2025;sábado;10:00;1;0;3;10
2025-02-15;2;2025;sábado;11:00;1;0;3;11
2025-02-15;2;2025;sábado;12:00;0;0;3;12
2025-02-15;2;2025;sábado;13:00;1;1;3;13
2025-02-15;2;2025;sábado;14:00;0;0;3;14
2025-02-15;2;2025;sábado;15:00;0;0;3;15
2025-02-15;2;2025;sábado;16:00;0;0;3;16
2025-02-15;2;2025;sábado;17:00;0;0;3;17
2025-02-15;2;2025;sábado;18:00;1;0;3;18
2025-02-15;2;2025;sábado;19:00;0;0;3;19
2025-02-15;2;2025;sábado;20:00;2;0;3;20
2025-02-15;2;2025;sábado;21:00;1;0;3;21
2025-02-15;2;2025;sábado;22:00;0;0;3;22
2025-02-15;2;2025;sábado;23:00;1;0;3;23
2025-02-16;2;2025;domingo;00:00:00;0;0;3;0
2025-02-16;2;2025;domingo;01:00;0;0;3;1
2025-02-16;2;2025;domingo;02:00;0;0;3;2
2025-02-16;2;2025;domingo;03:00;0;1;3;3
2025-02-16;2;2025;domingo;04:00;0;0;3;4
2025-02-16;2;2025;domingo;05:00;0;0;3;5
2025-02-16;2;2025;domingo;06:00;0;0;3;6
2025-02-16;2;2025;domingo;07:00;0;0;3;7
2025-02-16;2;2025;domingo;08:00;1;0;3;8
2025-02-16;2;2025;domingo;09:00;0;0;3;9
2025-02-16;2;2025;domingo;10:00;1;1;3;10
2025-02-16;2;2025;domingo;11:00;1;0;3;11
2025-02-16;2;2025;domingo;12:00;1;0;3;12
2025-02-16;2;2025;domingo;13:00;0;0;3;13
2025-02-16;2;2025;domingo;14:00;1;1;3;14
2025-02-16;2;2025;domingo;15:00;0;0;3;15
2025-02-16;2;2025;domingo;16:00;0;0;3;16
2025-02-16;2;2025;domingo;17:00;1;0;3;17
2025-02-16;2;2025;domingo;18:00;0;0;3;18
2025-02-16;2;2025;domingo;19:00;0;0;3;19
2025-02-16;2;2025;domingo;20:00;0;0;3;20
2025-02-16;2;2025;domingo;21:00;1;0;3;21
2025-02-16;2;2025;domingo;22:00;0;0;3;22
2025-02-16;2;2025;domingo;23:00;0;0;3;23
2025-02-17;2;2025;lunes;00:00:00;0;0;3;0
2025-02-17;2;2025;lunes;01:00;0;0;3;1
2025-02-17;2;2025;lunes;02:00;1;0;3;2
2025-02-17;2;2025;lunes;03:00;0;0;3;3
2025-02-17;2;2025;lunes;04:00;0;1;3;4
2025-02-17;2;2025;lunes;05:00;0;0;3;5
2025-02-17;2;2025;lunes;06:00;0;0;3;6
2025-02-17;2;2025;lunes;07:00;0;0;3;7
2025-02-17;2;2025;lunes;08:00;0;0;2;8
2025-02-17;2;2025;lunes;09:00;1;0;2;9
2025-02-17;2;2025;lunes;10:00;0;0;1;10
2025-02-17;2;2025;lunes;11:00;0;0;1;11
2025-02-17;2;2025;lunes;12:00;3;0;1;12
2025-02-17;2;2025;lunes;13:00;1;1;1;13
2025-02-17;2;2025;lunes;14:00;1;0;2;14
2025-02-17;2;2025;lunes;15:00;1;0;2;15
2025-02-17;2;2025;lunes;16:00;1;1;2;16
2025-02-17;2;2025;lunes;17:00;0;0;2;17
2025-02-17;2;2025;lunes;18:00;1;0;1;18
2025-02-17;2;2025;lunes;19:00;0;0;1;19
2025-02-17;2;2025;lunes;20:00;0;0;1;20
2025-02-17;2;2025;lunes;21:00;0;0;1;21
2025-02-17;2;2025;lunes;22:00;1;0;2;22
2025-02-17;2;2025;lunes;23:00;0;0;2;23
2025-02-18;2;2025;martes;00:00:00;0;0;3;0
2025-02-18;2;2025;martes;01:00;0;1;3;1
2025-02-18;2;2025;martes;02:00;0;0;3;2
2025-02-18;2;2025;martes;03:00;0;0;3;3
2025-02-18;2;2025;martes;04:00;0;0;3;4
2025-02-18;2;2025;martes;05:00;1;0;3;5
2025-02-18;2;2025;martes;06:00;0;0;3;6
2025-02-18;2;2025;martes;07:00;0;0;3;7
2025-02-18;2;2025;martes;08:00;0;0;2;8
2025-02-18;2;2025;martes;09:00;0;0;2;9
2025-02-18;2;2025;martes;10:00;1;0;1;10
2025-02-18;2;2025;martes;11:00;0;0;1;11
2025-02-18;2;2025;martes;12:00;1;1;1;12
2025-02-18;2;2025;martes;13:00;2;0;1;13
2025-02-18;2;2025;martes;14:00;0;0;2;14
2025-02-18;2;2025;martes;15:00;0;1;2;15
2025-02-18;2;2025;martes;16:00;1;0;2;16
2025-02-18;2;2025;martes;17:00;0;0;2;17
2025-02-18;2;2025;martes;18:00;0;0;1;18
2025-02-18;2;2025;martes;19:00;1;0;1;19
2025-02-18;2;2025;martes;20:00;0;1;1;20
2025-02-18;2;2025;martes;21:00;1;0;1;21
2025-02-18;2;2025;martes;22:00;0;0;2;22
2025-02-18;2;2025;martes;23:00;0;0;2;23
2025-02-19;2;2025;miércoles;00:00:00;0;0;3;0
2025-02-19;2;2025;miércoles;01:00;0;0;3;1
2025-02-19;2;2025;miércoles;02:00;0;0;3;2
2025-02-19;2;2025;miércoles;03:00;0;0;3;3
2025-02-19;2;2025;miércoles;04:00;0;0;3;4
2025-02-19;2;2025;miércoles;05:00;0;0;3;5
2025-02-19;2;2025;miércoles;06:00;0;0;3;6
2025-02-19;2;2025;miércoles;07:00;0;0;3;7
2025-02-19;2;2025;miércoles;08:00;1;1;2;8
2025-02-19;2;2025;miércoles;09:00;0;0;2;9
2025-02-19;2;2025;miércoles;10:00;1;0;1;10
2025-02-19;2;2025;miércoles;11:00;0;0;1;11
2025-02-19;2;2025;miércoles;12:00;0;0;1;12
2025-02-19;2;2025;miércoles;13:00;0;0;1;13
2025-02-19;2;2025;miércoles;14:00;0;0;2;14
2025-02-19;2;2025;miércoles;15:00;0;0;2;15
2025-02-19;2;2025;miércoles;16:00;1;0;2;16
2025-02-19;2;2025;miércoles;17:00;0;0;2;17
2025-02-19;2;2025;miércoles;18:00;0;1;1;18
2025-02-19;2;2025;miércoles;19:00;0;0;1;19
2025-02-19;2;2025;miércoles;20:00;0;0;1;20
2025-02-19;2;2025;miércoles;21:00;0;0;1;21
2025-02-19;2;2025;miércoles;22:00;1;0;2;22
2025-02-19;2;2025;miércoles;23:00;0;0;2;23
2025-02-20;2;2025;jueves;00:00:00;0;0;3;0
2025-02-20;2;2025;jueves;01:00;0;0;3;1
2025-02-20;2;2025;jueves;02:00;0;0;3;2
2025-02-20;2;2025;jueves;03:00;0;0;3;3
2025-02-20;2;2025;jueves;04:00;0;0;3;4
2025-02-20;2;2025;jueves;05:00;0;0;3;5
2025-02-20;2;2025;jueves;06:00;0;0;3;6
2025-02-20;2;2025;jueves;07:00;0;1;3;7
2025-02-20;2;2025;jueves;08:00;0;0;2;8
2025-02-20;2;2025;jueves;09:00;1;0;2;9
2025-02-20;2;2025;jueves;10:00;0;0;1;10
2025-02-20;2;2025;jueves;11:00;1;0;1;11
2025-02-20;2;2025;jueves;12:00;2;1;1;12
2025-02-20;2;2025;jueves;13:00;2;0;1;13
2025-02-20;2;2025;jueves;14:00;1;0;2;14
2025-02-20;2;2025;jueves;15:00;0;0;2;15
2025-02-20;2;2025;jueves;16:00;0;0;2;16
2025-02-20;2;2025;jueves;17:00;0;0;2;17
2025-02-20;2;2025;jueves;18:00;0;0;1;18
2025-02-20;2;2025;jueves;19:00;0;0;1;19
2025-02-20;2;2025;jueves;20:00;1;0;1;20
2025-02-20;2;2025;jueves;21:00;0;0;1;21
2025-02-20;2;2025;jueves;22:00;0;1;2;22
2025-02-20;2;2025;jueves;23:00;0;0;2;23
2025-02-21;2;2025;viernes;00:00:00;0;0;3;0
2025-02-21;2;2025;viernes;01:00;0;0;3;1
2025-02-21;2;2025;viernes;02:00;0;0;3;2
2025-02-21;2;2025;viernes;03:00;1;0;3;3
2025-02-21;2;2025;viernes;04:00;0;0;3;4
2025-02-21;2;2025;viernes;05:00;0;0;3;5
2025-02-21;2;2025;viernes;06:00;0;0;3;6
2025-02-21;2;2025;viernes;07:00;0;0;3;7
2025-02-21;2;2025;viernes;08:00;0;0;2;8
2025-02-21;2;2025;viernes;09:00;0;0.242;2;9
2025-02-21;2;2025;viernes;10:00;1;0.252;1;10
2025-02-21;2;2025;viernes;11:00;2;0.251;1;11
2025-02-21;2;2025;viernes;12:00;1;0.247;1;12
2025-02-21;2;2025;viernes;13:00;1;0.233;1;13
2025-02-21;2;2025;viernes;14:00;0;0;2;14
2025-02-21;2;2025;viernes;15:00;0;0;2;15
2025-02-21;2;2025;viernes;16:00;0;0;2;16
2025-02-21;2;2025;viernes;17:00;1;0;2;17
2025-02-21;2;2025;viernes;18:00;0;0.187;1;18
2025-02-21;2;2025;viernes;19:00;1;0.209;1;19
2025-02-21;2;2025;viernes;20:00;1;0.199;1;20
2025-02-21;2;2025;viernes;21:00;0;0.18;1;21
2025-02-21;2;2025;viernes;22:00;0;0;2;22
2025-02-21;2;2025;viernes;23:00;0;0;2;23
2025-02-22;2;2025;sábado;00:00:00;0.263;0.075;3;0
2025-02-22;2;2025;sábado;01:00;0.242;0.069;3;1
2025-02-22;2;2025;sábado;02:00;0.232;0.066;3;2
2025-02-22;2;2025;sábado;03:00;0.227;0.065;3;3
2025-02-22;2;2025;sábado;04:00;0.225;0.064;3;4
2025-02-22;2;2025;sábado;05:00;0.229;0.065;3;5
2025-02-22;2;2025;sábado;06:00;0.245;0.07;3;6
2025-02-22;2;2025;sábado;07:00;0.266;0.076;3;7
2025-02-22;2;2025;sábado;08:00;0.261;0.075;3;8
2025-02-22;2;2025;sábado;09:00;0.291;0.083;3;9
2025-02-22;2;2025;sábado;10:00;0.324;0.093;3;10
2025-02-22;2;2025;sábado;11:00;0.338;0.097;3;11
2025-02-22;2;2025;sábado;12:00;0.347;0.099;3;12
2025-02-22;2;2025;sábado;13:00;0.339;0.097;3;13
2025-02-22;2;2025;sábado;14:00;0.313;0.089;3;14
2025-02-22;2;2025;sábado;15:00;0.297;0.085;3;15
2025-02-22;2;2025;sábado;16:00;0.283;0.081;3;16
2025-02-22;2;2025;sábado;17:00;0.279;0.08;3;17
2025-02-22;2;2025;sábado;18:00;0.302;0.086;3;18
2025-02-22;2;2025;sábado;19:00;0.361;0.103;3;19
2025-02-22;2;2025;sábado;20:00;0.37;0.106;3;20
2025-02-22;2;2025;sábado;21:00;0.35;0.1;3;21
2025-02-22;2;2025;sábado;22:00;0.322;0.092;3;22
2025-02-22;2;2025;sábado;23:00;0.292;0.084;3;23
2025-02-23;2;2025;domingo;00:00:00;0.387;0.129;3;0
2025-02-23;2;2025;domingo;01:00;0.355;0.118;3;1
2025-02-23;2;2025;domingo;02:00;0.342;0.114;3;2
2025-02-23;2;2025;domingo;03:00;0.332;0.111;3;3
2025-02-23;2;2025;domingo;04:00;0.329;0.11;3;4
2025-02-23;2;2025;domingo;05:00;0.331;0.11;3;5
2025-02-23;2;2025;domingo;06:00;0.347;0.116;3;6
2025-02-23;2;2025;domingo;07:00;0.358;0.119;3;7
2025-02-23;2;2025;domingo;08:00;0.325;0.108;3;8
2025-02-23;2;2025;domingo;09:00;0.341;0.114;3;9
2025-02-23;2;2025;domingo;10:00;0.362;0.121;3;10
2025-02-23;2;2025;domingo;11:00;0.38;0.127;3;11
2025-02-23;2;2025;domingo;12:00;0.396;0.132;3;12
2025-02-23;2;2025;domingo;13:00;0.402;0.134;3;13
2025-02-23;2;2025;domingo;14:00;0.39;0.13;3;14
2025-02-23;2;2025;domingo;15:00;0.373;0.124;3;15
2025-02-23;2;2025;domingo;16:00;0.356;0.119;3;16
2025-02-23;2;2025;domingo;17:00;0.349;0.116;3;17
2025-02-23;2;2025;domingo;18:00;0.381;0.127;3;18
2025-02-23;2;2025;domingo;19:00;0.464;0.155;3;19
2025-02-23;2;2025;domingo;20:00;0.469;0.156;3;20
2025-02-23;2;2025;domingo;21:00;0.447;0.149;3;21
2025-02-23;2;2025;domingo;22:00;0.411;0.137;3;22
2025-02-23;2;2025;domingo;23:00;0.372;0.124;3;23
2025-02-24;2;2025;lunes;00:00:00;0.117;0.117;3;0
2025-02-24;2;2025;lunes;01:00;0.113;0.113;3;1
2025-02-24;2;2025;lunes;02:00;0.111;0.111;3;2
2025-02-24;2;2025;lunes;03:00;0.11;0.11;3;3
2025-02-24;2;2025;lunes;04:00;0.111;0.111;3;4
2025-02-24;2;2025;lunes;05:00;0.117;0.117;3;5
2025-02-24;2;2025;lunes;06:00;0.139;0.139;3;6
2025-02-24;2;2025;lunes;07:00;0.182;0.182;3;7
2025-02-24;2;2025;lunes;08:00;0.174;0.174;2;8
2025-02-24;2;2025;lunes;09:00;0.374;0;2;9
2025-02-24;2;2025;lunes;10:00;0.385;0;1;10
2025-02-24;2;2025;lunes;11:00;0.377;0;1;11
2025-02-24;2;2025;lunes;12:00;0.369;0;1;12
2025-02-24;2;2025;lunes;13:00;0.347;0;1;13
2025-02-24;2;2025;lunes;14:00;0.16;0.16;2;14
2025-02-24;2;2025;lunes;15:00;0.151;0.151;2;15
2025-02-24;2;2025;lunes;16:00;0.149;0.149;2;16
2025-02-24;2;2025;lunes;17:00;0.15;0.15;2;17
2025-02-24;2;2025;lunes;18:00;0.293;0;1;18
2025-02-24;2;2025;lunes;19:00;0.317;0;1;19
2025-02-24;2;2025;lunes;20:00;0.288;0;1;20
2025-02-24;2;2025;lunes;21:00;0.251;0;1;21
2025-02-24;2;2025;lunes;22:00;0.114;0.114;2;22
2025-02-24;2;2025;lunes;23:00;0.102;0.102;2;23
2025-02-25;2;2025;martes;00:00:00;0.12;0.12;3;0
2025-02-25;2;2025;martes;01:00;0.114;0.114;3;1
2025-02-25;2;2025;martes;02:00;0.112;0.112;3;2
2025-02-25;2;2025;martes;03:00;0.11;0.11;3;3
2025-02-25;2;2025;martes;04:00;0.111;0.111;3;4
2025-02-25;2;2025;martes;05:00;0.117;0.117;3;5
2025-02-25;2;2025;martes;06:00;0.138;0.138;3;6
2025-02-25;2;2025;martes;07:00;0.179;0.179;3;7
2025-02-25;2;2025;martes;08:00;0;0.168;2;8
2025-02-25;2;2025;martes;09:00;0.852;0.122;2;9
2025-02-25;2;2025;martes;10:00;0.883;0.126;1;10
2025-02-25;2;2025;martes;11:00;0.875;0.125;1;11
2025-02-25;2;2025;martes;12:00;0.866;0.124;1;12
2025-02-25;2;2025;martes;13:00;0.822;0.117;1;13
2025-02-25;2;2025;martes;14:00;0;0.162;2;14
2025-02-25;2;2025;martes;15:00;0;0.153;2;15
2025-02-25;2;2025;martes;16:00;0;0.15;2;16
2025-02-25;2;2025;martes;17:00;0;0.149;2;17
2025-02-25;2;2025;martes;18:00;0.686;0.098;1;18
2025-02-25;2;2025;martes;19:00;0.738;0.105;1;19
2025-02-25;2;2025;martes;20:00;0.682;0.097;1;20
2025-02-25;2;2025;martes;21:00;0.597;0.085;1;21
2025-02-25;2;2025;martes;22:00;0;0.116;2;22
2025-02-25;2;2025;martes;23:00;0;0.102;2;23
2025-02-26;2;2025;miércoles;00:00:00;0.119;0.119;3;0
2025-02-26;2;2025;miércoles;01:00;0.114;0.114;3;1
2025-02-26;2;2025;miércoles;02:00;0.111;0.111;3;2
2025-02-26;2;2025;miércoles;03:00;0.111;0.111;3;3
2025-02-26;2;2025;miércoles;04:00;0.111;0.111;3;4
2025-02-26;2;2025;miércoles;05:00;0.117;0.117;3;5
2025-02-26;2;2025;miércoles;06:00;0.138;0.138;3;6
2025-02-26;2;2025;miércoles;07:00;0.179;0.179;3;7
2025-02-26;2;2025;miércoles;08:00;0.523;0;2;8
2025-02-26;2;2025;miércoles;09:00;0.617;0.123;2;9
2025-02-26;2;2025;miércoles;10:00;0.631;0.126;1;10
2025-02-26;2;2025;miércoles;11:00;0.619;0.124;1;11
2025-02-26;2;2025;miércoles;12:00;0.603;0.121;1;12
2025-02-26;2;2025;miércoles;13:00;0.564;0.113;1;13
2025-02-26;2;2025;miércoles;14:00;0.469;0;2;14
2025-02-26;2;2025;miércoles;15:00;0.442;0;2;15
2025-02-26;2;2025;miércoles;16:00;0.441;0;2;16
2025-02-26;2;2025;miércoles;17:00;0.449;0;2;17
2025-02-26;2;2025;miércoles;18:00;0.496;0.099;1;18
2025-02-26;2;2025;miércoles;19:00;0.537;0.107;1;19
2025-02-26;2;2025;miércoles;20:00;0.497;0.099;1;20
2025-02-26;2;2025;miércoles;21:00;0.436;0.087;1;21
2025-02-26;2;2025;miércoles;22:00;0.358;0;2;22
2025-02-26;2;2025;miércoles;23:00;0.317;0;2;23
2025-02-27;2;2025;jueves;00:00:00;0.119;0;3;0
2025-02-27;2;2025;jueves;01:00;0.114;0;3;1
2025-02-27;2;2025;jueves;02:00;0.111;0;3;2
2025-02-27;2;2025;jueves;03:00;0.111;0;3;3
2025-02-27;2;2025;jueves;04:00;0.111;0;3;4
2025-02-27;2;2025;jueves;05:00;0.117;0;3;5
2025-02-27;2;2025;jueves;06:00;0.138;0;3;6
2025-02-27;2;2025;jueves;07:00;0.178;0;3;7
2025-02-27;2;2025;jueves;08:00;0.718;0.175;2;8
2025-02-27;2;2025;jueves;09:00;0.603;0.124;2;9
2025-02-27;2;2025;jueves;10:00;0.621;0.127;1;10
2025-02-27;2;2025;jueves;11:00;0.615;0.126;1;11
2025-02-27;2;2025;jueves;12:00;0.6;0.123;1;12
2025-02-27;2;2025;jueves;13:00;0.561;0.115;1;13
2025-02-27;2;2025;jueves;14:00;0.661;0.161;2;14
2025-02-27;2;2025;jueves;15:00;0.621;0.152;2;15
2025-02-27;2;2025;jueves;16:00;0;0.15;2;16
2025-02-27;2;2025;jueves;17:00;0;0.152;2;17
2025-02-27;2;2025;jueves;18:00;0;0.098;1;18
2025-02-27;2;2025;jueves;19:00;1;0.105;1;19
2025-02-27;2;2025;jueves;20:00;0;0.097;1;20
2025-02-27;2;2025;jueves;21:00;0;0.085;1;21
2025-02-27;2;2025;jueves;22:00;1;0.119;2;22
2025-02-27;2;2025;jueves;23:00;0;0.092;2;23
2025-02-28;2;2025;viernes;00:00:00;0;0;3;0
2025-02-28;2;2025;viernes;01:00;0;0;3;1
2025-02-28;2;2025;viernes;02:00;0;0;3;2
2025-02-28;2;2025;viernes;03:00;0;0;3;3
2025-02-28;2;2025;viernes;04:00;0;0;3;4
2025-02-28;2;2025;viernes;05:00;1;0;3;5
2025-02-28;2;2025;viernes;06:00;0;1;3;6
2025-02-28;2;2025;viernes;07:00;0;0;3;7
2025-02-28;2;2025;viernes;08:00;0;0;2;8
2025-02-28;2;2025;viernes;09:00;1;0;2;9
2025-02-28;2;2025;viernes;10:00;1;0;1;10
2025-02-28;2;2025;viernes;11:00;3;0;1;11
2025-02-28;2;2025;viernes;12:00;2;0;1;12
2025-02-28;2;2025;viernes;13:00;2;1;1;13
2025-02-28;2;2025;viernes;14:00;1;0;2;14
2025-02-28;2;2025;viernes;15:00;0;0;2;15
2025-02-28;2;2025;viernes;16:00;1;1;2;16
2025-02-28;2;2025;viernes;17:00;0;0;2;17
2025-02-28;2;2025;viernes;18:00;0;0;1;18
2025-02-28;2;2025;viernes;19:00;0;0;1;19
2025-02-28;2;2025;viernes;20:00;0;0;1;20
2025-02-28;2;2025;viernes;21:00;1;0;1;21
2025-02-28;2;2025;viernes;22:00;0;0;2;22
2025-02-28;2;2025;viernes;23:00;0;0;2;23
2025-03-01;3;2025;sábado;00:00:00;0;0;3;0
2025-03-01;3;2025;sábado;01:00;0;0;3;1
2025-03-01;3;2025;sábado;02:00;0;0;3;2
2025-03-01;3;2025;sábado;03:00;0;0;3;3
2025-03-01;3;2025;sábado;04:00;0;0;3;4
2025-03-01;3;2025;sábado;05:00;1;0;3;5
2025-03-01;3;2025;sábado;06:00;0;0;3;6
2025-03-01;3;2025;sábado;07:00;0;0;3;7
2025-03-01;3;2025;sábado;08:00;0;1;3;8
2025-03-01;3;2025;sábado;09:00;0;0;3;9
2025-03-01;3;2025;sábado;10:00;1;0;3;10
2025-03-01;3;2025;sábado;11:00;0;0;3;11
2025-03-01;3;2025;sábado;12:00;0;0;3;12
2025-03-01;3;2025;sábado;13:00;1;0;3;13
2025-03-01;3;2025;sábado;14:00;0;0;3;14
2025-03-01;3;2025;sábado;15:00;0;0;3;15
2025-03-01;3;2025;sábado;16:00;0;0;3;16
2025-03-01;3;2025;sábado;17:00;0;0;3;17
2025-03-01;3;2025;sábado;18:00;1;0;3;18
2025-03-01;3;2025;sábado;19:00;2;0;3;19
2025-03-01;3;2025;sábado;20:00;0;0;3;20
2025-03-01;3;2025;sábado;21:00;0;1;3;21
2025-03-01;3;2025;sábado;22:00;1;0;3;22
2025-03-01;3;2025;sábado;23:00;0;0;3;23
2025-03-02;3;2025;domingo;00:00:00;0;0;3;0
2025-03-02;3;2025;domingo;01:00;0;0;3;1
2025-03-02;3;2025;domingo;02:00;0;0;3;2
2025-03-02;3;2025;domingo;03:00;0;0;3;3
2025-03-02;3;2025;domingo;04:00;0;0;3;4
2025-03-02;3;2025;domingo;05:00;0;0;3;5
2025-03-02;3;2025;domingo;06:00;0;0;3;6
2025-03-02;3;2025;domingo;07:00;0;0;3;7
2025-03-02;3;2025;domingo;08:00;1;0;3;8
2025-03-02;3;2025;domingo;09:00;0;0;3;9
2025-03-02;3;2025;domingo;10:00;0;0;3;10
2025-03-02;3;2025;domingo;11:00;1;0;3;11
2025-03-02;3;2025;domingo;12:00;0;1;3;12
2025-03-02;3;2025;domingo;13:00;1;0;3;13
2025-03-02;3;2025;domingo;14:00;0;0;3;14
2025-03-02;3;2025;domingo;15:00;0;0;3;15
2025-03-02;3;2025;domingo;16:00;0;0;3;16
2025-03-02;3;2025;domingo;17:00;0;0;3;17
2025-03-02;3;2025;domingo;18:00;1;0;3;18
2025-03-02;3;2025;domingo;19:00;0;0;3;19
2025-03-02;3;2025;domingo;20:00;0;0;3;20
2025-03-02;3;2025;domingo;21:00;0;0;3;21
2025-03-02;3;2025;domingo;22:00;0;0;3;22
2025-03-02;3;2025;domingo;23:00;0;0;3;23
2025-03-03;3;2025;lunes;00:00:00;0;0;3;0
2025-03-03;3;2025;lunes;01:00;1;0;3;1
2025-03-03;3;2025;lunes;02:00;0;0;3;2
2025-03-03;3;2025;lunes;03:00;0;0;3;3
2025-03-03;3;2025;lunes;04:00;0;0;3;4
2025-03-03;3;2025;lunes;05:00;0;1;3;5
2025-03-03;3;2025;lunes;06:00;0;0;3;6
2025-03-03;3;2025;lunes;07:00;0;0;3;7
2025-03-03;3;2025;lunes;08:00;0;0;2;8
2025-03-03;3;2025;lunes;09:00;0;0;2;9
2025-03-03;3;2025;lunes;10:00;1;0;1;10
2025-03-03;3;2025;lunes;11:00;0;0;1;11
2025-03-03;3;2025;lunes;12:00;0;0;1;12
2025-03-03;3;2025;lunes;13:00;1;0;1;13
2025-03-03;3;2025;lunes;14:00;0;0;2;14
2025-03-03;3;2025;lunes;15:00;0;0;2;15
2025-03-03;3;2025;lunes;16:00;0;0;2;16
2025-03-03;3;2025;lunes;17:00;0;0;2;17
2025-03-03;3;2025;lunes;18:00;1;1;1;18
2025-03-03;3;2025;lunes;19:00;0;0;1;19
2025-03-03;3;2025;lunes;20:00;0;0;1;20
2025-03-03;3;2025;lunes;21:00;0;0;1;21
2025-03-03;3;2025;lunes;22:00;0;0;2;22
2025-03-03;3;2025;lunes;23:00;1;0;2;23
2025-03-04;3;2025;martes;00:00:00;0;0;3;0
2025-03-04;3;2025;martes;01:00;0;0;3;1
2025-03-04;3;2025;martes;02:00;0;0;3;2
2025-03-04;3;2025;martes;03:00;0;0;3;3
2025-03-04;3;2025;martes;04:00;0;0;3;4
2025-03-04;3;2025;martes;05:00;0;0;3;5
2025-03-04;3;2025;martes;06:00;0;0;3;6
2025-03-04;3;2025;martes;07:00;0;0;3;7
2025-03-04;3;2025;martes;08:00;1;1;2;8
2025-03-04;3;2025;martes;09:00;0;0;2;9
2025-03-04;3;2025;martes;10:00;2;0;1;10
2025-03-04;3;2025;martes;11:00;0;0;1;11
2025-03-04;3;2025;martes;12:00;1;0;1;12
2025-03-04;3;2025;martes;13:00;0;0;1;13
2025-03-04;3;2025;martes;14:00;1;0;2;14
2025-03-04;3;2025;martes;15:00;1;1;2;15
2025-03-04;3;2025;martes;16:00;0;0;2;16
2025-03-04;3;2025;martes;17:00;1;0;2;17
2025-03-04;3;2025;martes;18:00;0;0;1;18
2025-03-04;3;2025;martes;19:00;1;0;1;19
2025-03-04;3;2025;martes;20:00;0;0;1;20
2025-03-04;3;2025;martes;21:00;0;0;1;21
2025-03-04;3;2025;martes;22:00;1;0;2;22
2025-03-04;3;2025;martes;23:00;0;0;2;23
2025-03-05;3;2025;miércoles;00:00:00;0;0;3;0
2025-03-05;3;2025;miércoles;01:00;0;0;3;1
2025-03-05;3;2025;miércoles;02:00;0;1;3;2
2025-03-05;3;2025;miércoles;03:00;0;0;3;3
2025-03-05;3;2025;miércoles;04:00;0;0;3;4
2025-03-05;3;2025;miércoles;05:00;0;0;3;5
2025-03-05;3;2025;miércoles;06:00;1;0;3;6
2025-03-05;3;2025;miércoles;07:00;0;0;3;7
2025-03-05;3;2025;miércoles;08:00;0;0;2;8
2025-03-05;3;2025;miércoles;09:00;0;0;2;9
2025-03-05;3;2025;miércoles;10:00;2;0;1;10
2025-03-05;3;2025;miércoles;11:00;0;0;1;11
2025-03-05;3;2025;miércoles;12:00;0;0;1;12
2025-03-05;3;2025;miércoles;13:00;1;1;1;13
2025-03-05;3;2025;miércoles;14:00;0;0;2;14
2025-03-05;3;2025;miércoles;15:00;0;0;2;15
2025-03-05;3;2025;miércoles;16:00;0;0;2;16
2025-03-05;3;2025;miércoles;17:00;0;0;2;17
2025-03-05;3;2025;miércoles;18:00;1;0;1;18
2025-03-05;3;2025;miércoles;19:00;0;0;1;19
2025-03-05;3;2025;miércoles;20:00;0;0;1;20
2025-03-05;3;2025;miércoles;21:00;0;0;1;21
2025-03-05;3;2025;miércoles;22:00;1;0;2;22
2025-03-05;3;2025;miércoles;23:00;0;1;2;23
2025-03-06;3;2025;jueves;00:00:00;2;0;3;0
2025-03-06;3;2025;jueves;01:00;0;0;3;1
2025-03-06;3;2025;jueves;02:00;0;0;3;2
2025-03-06;3;2025;jueves;03:00;0;0;3;3
2025-03-06;3;2025;jueves;04:00;0;0;3;4
2025-03-06;3;2025;jueves;05:00;0;0;3;5
2025-03-06;3;2025;jueves;06:00;0;0;3;6
2025-03-06;3;2025;jueves;07:00;0;0;3;7
2025-03-06;3;2025;jueves;08:00;1;0;2;8
2025-03-06;3;2025;jueves;09:00;0;0;2;9
2025-03-06;3;2025;jueves;10:00;0;1;1;10
2025-03-06;3;2025;jueves;11:00;2;0;1;11
2025-03-06;3;2025;jueves;12:00;4;1;1;12
2025-03-06;3;2025;jueves;13:00;0;0;1;13
2025-03-06;3;2025;jueves;14:00;1;0;2;14
2025-03-06;3;2025;jueves;15:00;0;0;2;15
2025-03-06;3;2025;jueves;16:00;0;0;2;16
2025-03-06;3;2025;jueves;17:00;1;0;2;17
2025-03-06;3;2025;jueves;18:00;1;1;1;18
2025-03-06;3;2025;jueves;19:00;1;0;1;19
2025-03-06;3;2025;jueves;20:00;0;0;1;20
2025-03-06;3;2025;jueves;21:00;1;0;1;21
2025-03-06;3;2025;jueves;22:00;0;0;2;22
2025-03-06;3;2025;jueves;23:00;0;1;2;23
2025-03-07;3;2025;viernes;00:00:00;0;0;3;0
2025-03-07;3;2025;viernes;01:00;0;0;3;1
2025-03-07;3;2025;viernes;02:00;0;0;3;2
2025-03-07;3;2025;viernes;03:00;1;0;3;3
2025-03-07;3;2025;viernes;04:00;0;0;3;4
2025-03-07;3;2025;viernes;05:00;0;0;3;5
2025-03-07;3;2025;viernes;06:00;0;0;3;6
2025-03-07;3;2025;viernes;07:00;0;0;3;7
2025-03-07;3;2025;viernes;08:00;2;0;2;8
2025-03-07;3;2025;viernes;09:00;1;0;2;9
2025-03-07;3;2025;viernes;10:00;0;1;1;10
2025-03-07;3;2025;viernes;11:00;1;0;1;11
2025-03-07;3;2025;viernes;12:00;0;0;1;12
2025-03-07;3;2025;viernes;13:00;1;0;1;13
2025-03-07;3;2025;viernes;14:00;1;0;2;14
2025-03-07;3;2025;viernes;15:00;0;0;2;15
2025-03-07;3;2025;viernes;16:00;1;0;2;16
2025-03-07;3;2025;viernes;17:00;0;0;2;17
2025-03-07;3;2025;viernes;18:00;0;0;1;18
2025-03-07;3;2025;viernes;19:00;1;0;1;19
2025-03-07;3;2025;viernes;20:00;0;0;1;20
2025-03-07;3;2025;viernes;21:00;1;1;1;21
2025-03-07;3;2025;viernes;22:00;0;0;2;22
2025-03-07;3;2025;viernes;23:00;1;0;2;23
2025-03-08;3;2025;sábado;00:00:00;0;0;3;0
2025-03-08;3;2025;sábado;01:00;0;0;3;1
2025-03-08;3;2025;sábado;02:00;0;0;3;2
2025-03-08;3;2025;sábado;03:00;0;0;3;3
2025-03-08;3;2025;sábado;04:00;0;0;3;4
2025-03-08;3;2025;sábado;05:00;0;0;3;5
2025-03-08;3;2025;sábado;06:00;0;0;3;6
2025-03-08;3;2025;sábado;07:00;0;0;3;7
2025-03-08;3;2025;sábado;08:00;1;0;3;8
2025-03-08;3;2025;sábado;09:00;0;1;3;9
2025-03-08;3;2025;sábado;10:00;1;0;3;10
2025-03-08;3;2025;sábado;11:00;0;0;3;11
2025-03-08;3;2025;sábado;12:00;2;0;3;12
2025-03-08;3;2025;sábado;13:00;1;0;3;13
2025-03-08;3;2025;sábado;14:00;1;1;3;14
2025-03-08;3;2025;sábado;15:00;0;0;3;15
2025-03-08;3;2025;sábado;16:00;0;0;3;16
2025-03-08;3;2025;sábado;17:00;0;0;3;17
2025-03-08;3;2025;sábado;18:00;0;0;3;18
2025-03-08;3;2025;sábado;19:00;1;0;3;19
2025-03-08;3;2025;sábado;20:00;0;0;3;20
2025-03-08;3;2025;sábado;21:00;0;0;3;21
2025-03-08;3;2025;sábado;22:00;0;0;3;22
2025-03-08;3;2025;sábado;23:00;1;0;3;23
2025-03-09;3;2025;domingo;00:00:00;0;0;3;0
2025-03-09;3;2025;domingo;01:00;0;0;3;1
2025-03-09;3;2025;domingo;02:00;0;0;3;2
2025-03-09;3;2025;domingo;03:00;0;0;3;3
2025-03-09;3;2025;domingo;04:00;0;1;3;4
2025-03-09;3;2025;domingo;05:00;0;0;3;5
2025-03-09;3;2025;domingo;06:00;0;0;3;6
2025-03-09;3;2025;domingo;07:00;0;0;3;7
2025-03-09;3;2025;domingo;08:00;0;0;3;8
2025-03-09;3;2025;domingo;09:00;1;0;3;9
2025-03-09;3;2025;domingo;10:00;0;0;3;10
2025-03-09;3;2025;domingo;11:00;2;0;3;11
2025-03-09;3;2025;domingo;12:00;1;1;3;12
2025-03-09;3;2025;domingo;13:00;2;0;3;13
2025-03-09;3;2025;domingo;14:00;1;1;3;14
2025-03-09;3;2025;domingo;15:00;0;0;3;15
2025-03-09;3;2025;domingo;16:00;0;0;3;16
2025-03-09;3;2025;domingo;17:00;0;0;3;17
2025-03-09;3;2025;domingo;18:00;1;0;3;18
2025-03-09;3;2025;domingo;19:00;0;0;3;19
2025-03-09;3;2025;domingo;20:00;0;0;3;20
2025-03-09;3;2025;domingo;21:00;1;0;3;21
2025-03-09;3;2025;domingo;22:00;0;0;3;22
2025-03-09;3;2025;domingo;23:00;0;0;3;23
2025-03-10;3;2025;lunes;00:00:00;0;0;3;0
2025-03-10;3;2025;lunes;01:00;0;0;3;1
2025-03-10;3;2025;lunes;02:00;0;1;3;2
2025-03-10;3;2025;lunes;03:00;0;0;3;3
2025-03-10;3;2025;lunes;04:00;1;0;3;4
2025-03-10;3;2025;lunes;05:00;0;0;3;5
2025-03-10;3;2025;lunes;06:00;0;0;3;6
2025-03-10;3;2025;lunes;07:00;1;0;3;7
2025-03-10;3;2025;lunes;08:00;0;0;2;8
2025-03-10;3;2025;lunes;09:00;2;0;2;9
2025-03-10;3;2025;lunes;10:00;0;0;1;10
2025-03-10;3;2025;lunes;11:00;0;0;1;11
2025-03-10;3;2025;lunes;12:00;0;0;1;12
2025-03-10;3;2025;lunes;13:00;1;0;1;13
2025-03-10;3;2025;lunes;14:00;0;1;2;14
2025-03-10;3;2025;lunes;15:00;1;0;2;15
2025-03-10;3;2025;lunes;16:00;0;0;2;16
2025-03-10;3;2025;lunes;17:00;0;0;2;17
2025-03-10;3;2025;lunes;18:00;1;0;1;18
2025-03-10;3;2025;lunes;19:00;1;0;1;19
2025-03-10;3;2025;lunes;20:00;0;0;1;20
2025-03-10;3;2025;lunes;21:00;0;0;1;21
2025-03-10;3;2025;lunes;22:00;0;0;2;22
2025-03-10;3;2025;lunes;23:00;0;0;2;23
2025-03-11;3;2025;martes;00:00:00;0;0;3;0
2025-03-11;3;2025;martes;01:00;0;0;3;1
2025-03-11;3;2025;martes;02:00;0;0;3;2
2025-03-11;3;2025;martes;03:00;1;0;3;3
2025-03-11;3;2025;martes;04:00;0;0;3;4
2025-03-11;3;2025;martes;05:00;0;1;3;5
2025-03-11;3;2025;martes;06:00;0;0;3;6
2025-03-11;3;2025;martes;07:00;0;0;3;7
2025-03-11;3;2025;martes;08:00;0;0;2;8
2025-03-11;3;2025;martes;09:00;1;0;2;9
2025-03-11;3;2025;martes;10:00;1;0;1;10
2025-03-11;3;2025;martes;11:00;0;0;1;11
2025-03-11;3;2025;martes;12:00;0;0;1;12
2025-03-11;3;2025;martes;13:00;1;1;1;13
2025-03-11;3;2025;martes;14:00;0;0;2;14
2025-03-11;3;2025;martes;15:00;0;0;2;15
2025-03-11;3;2025;martes;16:00;0;0;2;16
2025-03-11;3;2025;martes;17:00;1;0;2;17
2025-03-11;3;2025;martes;18:00;0;0;1;18
2025-03-11;3;2025;martes;19:00;1;0;1;19
2025-03-11;3;2025;martes;20:00;0;0;1;20
2025-03-11;3;2025;martes;21:00;0;0;1;21
2025-03-11;3;2025;martes;22:00;0;0;2;22
2025-03-11;3;2025;martes;23:00;0;0;2;23
2025-03-12;3;2025;miércoles;00:00:00;1;0;3;0
2025-03-12;3;2025;miércoles;01:00;0;0;3;1
2025-03-12;3;2025;miércoles;02:00;0;1;3;2
2025-03-12;3;2025;miércoles;03:00;0;0;3;3
2025-03-12;3;2025;miércoles;04:00;0;0;3;4
2025-03-12;3;2025;miércoles;05:00;0;0;3;5
2025-03-12;3;2025;miércoles;06:00;0;0;3;6
2025-03-12;3;2025;miércoles;07:00;0;0;3;7
2025-03-12;3;2025;miércoles;08:00;2;0;2;8
2025-03-12;3;2025;miércoles;09:00;0;0;2;9
2025-03-12;3;2025;miércoles;10:00;0;0;1;10
2025-03-12;3;2025;miércoles;11:00;1;0;1;11
2025-03-12;3;2025;miércoles;12:00;0;0;1;12
2025-03-12;3;2025;miércoles;13:00;1;0;1;13
2025-03-12;3;2025;miércoles;14:00;1;1;2;14
2025-03-12;3;2025;miércoles;15:00;1;0;2;15
2025-03-12;3;2025;miércoles;16:00;1;0;2;16
2025-03-12;3;2025;miércoles;17:00;0;1;2;17
2025-03-12;3;2025;miércoles;18:00;0;0;1;18
2025-03-12;3;2025;miércoles;19:00;0;0;1;19
2025-03-12;3;2025;miércoles;20:00;1;0;1;20
2025-03-12;3;2025;miércoles;21:00;0;0;1;21
2025-03-12;3;2025;miércoles;22:00;0;0;2;22
2025-03-12;3;2025;miércoles;23:00;1;0;2;23
2025-03-13;3;2025;jueves;00:00:00;0;0;3;0
2025-03-13;3;2025;jueves;01:00;0;0;3;1
2025-03-13;3;2025;jueves;02:00;0;0;3;2
2025-03-13;3;2025;jueves;03:00;0;0;3;3
2025-03-13;3;2025;jueves;04:00;0;0;3;4
2025-03-13;3;2025;jueves;05:00;0;0;3;5
2025-03-13;3;2025;jueves;06:00;0;0;3;6
2025-03-13;3;2025;jueves;07:00;1;1;3;7
2025-03-13;3;2025;jueves;08:00;0;0;2;8
2025-03-13;3;2025;jueves;09:00;0;0;2;9
2025-03-13;3;2025;jueves;10:00;1;0;1;10
2025-03-13;3;2025;jueves;11:00;2;0;1;11
2025-03-13;3;2025;jueves;12:00;1;0;1;12
2025-03-13;3;2025;jueves;13:00;1;0;1;13
2025-03-13;3;2025;jueves;14:00;0;0;2;14
2025-03-13;3;2025;jueves;15:00;0;0;2;15
2025-03-13;3;2025;jueves;16:00;0;0;2;16
2025-03-13;3;2025;jueves;17:00;0;0;2;17
2025-03-13;3;2025;jueves;18:00;0;0;1;18
2025-03-13;3;2025;jueves;19:00;1;0;1;19
2025-03-13;3;2025;jueves;20:00;0;0;1;20
2025-03-13;3;2025;jueves;21:00;0;0;1;21
2025-03-13;3;2025;jueves;22:00;0;1;2;22
2025-03-13;3;2025;jueves;23:00;0;0;2;23
2025-03-14;3;2025;viernes;00:00:00;0;0;3;0
2025-03-14;3;2025;viernes;01:00;0;0;3;1
2025-03-14;3;2025;viernes;02:00;1;0;3;2
2025-03-14;3;2025;viernes;03:00;0;0;3;3
2025-03-14;3;2025;viernes;04:00;0;0;3;4
2025-03-14;3;2025;viernes;05:00;0;0;3;5
2025-03-14;3;2025;viernes;06:00;0;0;3;6
2025-03-14;3;2025;viernes;07:00;0;0;3;7
2025-03-14;3;2025;viernes;08:00;0;0;2;8
2025-03-14;3;2025;viernes;09:00;0;0;2;9
2025-03-14;3;2025;viernes;10:00;1;0;1;10
2025-03-14;3;2025;viernes;11:00;2;0;1;11
2025-03-14;3;2025;viernes;12:00;0;1;1;12
2025-03-14;3;2025;viernes;13:00;2;0;1;13
2025-03-14;3;2025;viernes;14:00;1;0;2;14
2025-03-14;3;2025;viernes;15:00;0;0;2;15
2025-03-14;3;2025;viernes;16:00;0;0;2;16
2025-03-14;3;2025;viernes;17:00;1;0;2;17
2025-03-14;3;2025;viernes;18:00;0;0;1;18
2025-03-14;3;2025;viernes;19:00;0;0;1;19
2025-03-14;3;2025;viernes;20:00;1;0;1;20
2025-03-14;3;2025;viernes;21:00;0;0;1;21
2025-03-14;3;2025;viernes;22:00;1;0;2;22
2025-03-14;3;2025;viernes;23:00;0;0;2;23
2025-03-15;3;2025;sábado;00:00:00;0;0;3;0
2025-03-15;3;2025;sábado;01:00;0;1;3;1
2025-03-15;3;2025;sábado;02:00;0;0;3;2
2025-03-15;3;2025;sábado;03:00;0;0;3;3
2025-03-15;3;2025;sábado;04:00;0;0;3;4
2025-03-15;3;2025;sábado;05:00;0;0;3;5
2025-03-15;3;2025;sábado;06:00;1;0;3;6
2025-03-15;3;2025;sábado;07:00;0;0;3;7
2025-03-15;3;2025;sábado;08:00;0;0;3;8
2025-03-15;3;2025;sábado;09:00;0;0;3;9
2025-03-15;3;2025;sábado;10:00;1;0;3;10
2025-03-15;3;2025;sábado;11:00;0;0;3;11
2025-03-15;3;2025;sábado;12:00;1;0;3;12
2025-03-15;3;2025;sábado;13:00;2;0;3;13
2025-03-15;3;2025;sábado;14:00;0;1;3;14
2025-03-15;3;2025;sábado;15:00;1;0;3;15
2025-03-15;3;2025;sábado;16:00;0;0;3;16
2025-03-15;3;2025;sábado;17:00;0;0;3;17
2025-03-15;3;2025;sábado;18:00;1;0;3;18
2025-03-15;3;2025;sábado;19:00;0;0;3;19
2025-03-15;3;2025;sábado;20:00;1;0;3;20
2025-03-15;3;2025;sábado;21:00;1;0;3;21
2025-03-15;3;2025;sábado;22:00;0;0;3;22
2025-03-15;3;2025;sábado;23:00;0;0;3;23
2025-03-16;3;2025;domingo;00:00:00;0;0;3;0
2025-03-16;3;2025;domingo;01:00;0;0;3;1
2025-03-16;3;2025;domingo;02:00;0;0;3;2
2025-03-16;3;2025;domingo;03:00;1;0;3;3
2025-03-16;3;2025;domingo;04:00;0;0;3;4
2025-03-16;3;2025;domingo;05:00;0;1;3;5
2025-03-16;3;2025;domingo;06:00;0;0;3;6
2025-03-16;3;2025;domingo;07:00;0;0;3;7
2025-03-16;3;2025;domingo;08:00;0;0;3;8
2025-03-16;3;2025;domingo;09:00;1;0;3;9
2025-03-16;3;2025;domingo;10:00;1;0;3;10
2025-03-16;3;2025;domingo;11:00;0;0;3;11
2025-03-16;3;2025;domingo;12:00;2;0;3;12
2025-03-16;3;2025;domingo;13:00;1;0;3;13
2025-03-16;3;2025;domingo;14:00;0;0;3;14
2025-03-16;3;2025;domingo;15:00;2;1;3;15
2025-03-16;3;2025;domingo;16:00;0;0;3;16
2025-03-16;3;2025;domingo;17:00;0;0;3;17
2025-03-16;3;2025;domingo;18:00;0;0;3;18
2025-03-16;3;2025;domingo;19:00;0;1;3;19
2025-03-16;3;2025;domingo;20:00;1;0;3;20
2025-03-16;3;2025;domingo;21:00;0;0;3;21
2025-03-16;3;2025;domingo;22:00;0;0;3;22
2025-03-16;3;2025;domingo;23:00;0;0;3;23
2025-03-17;3;2025;lunes;00:00:00;0;0;3;0
2025-03-17;3;2025;lunes;01:00;1;0;3;1
2025-03-17;3;2025;lunes;02:00;0;0;3;2
2025-03-17;3;2025;lunes;03:00;0;0;3;3
2025-03-17;3;2025;lunes;04:00;0;0;3;4
2025-03-17;3;2025;lunes;05:00;0;0;3;5
2025-03-17;3;2025;lunes;06:00;0;0;3;6
2025-03-17;3;2025;lunes;07:00;0;0;3;7
2025-03-17;3;2025;lunes;08:00;0;1;2;8
2025-03-17;3;2025;lunes;09:00;0;0;2;9
2025-03-17;3;2025;lunes;10:00;1;0;1;10
2025-03-17;3;2025;lunes;11:00;0;0;1;11
2025-03-17;3;2025;lunes;12:00;1;0;1;12
2025-03-17;3;2025;lunes;13:00;3;0;1;13
2025-03-17;3;2025;lunes;14:00;2;1;2;14
2025-03-17;3;2025;lunes;15:00;0;0;2;15
2025-03-17;3;2025;lunes;16:00;1;0;2;16
2025-03-17;3;2025;lunes;17:00;0;0;2;17
2025-03-17;3;2025;lunes;18:00;0;0;1;18
2025-03-17;3;2025;lunes;19:00;0;0;1;19
2025-03-17;3;2025;lunes;20:00;0;0;1;20
2025-03-17;3;2025;lunes;21:00;1;0;1;21
2025-03-17;3;2025;lunes;22:00;0;0;2;22
2025-03-17;3;2025;lunes;23:00;0;0;2;23
2025-03-18;3;2025;martes;00:00:00;0;0;3;0
2025-03-18;3;2025;martes;01:00;0;1;3;1
2025-03-18;3;2025;martes;02:00;0;0;3;2
2025-03-18;3;2025;martes;03:00;0;0;3;3
2025-03-18;3;2025;martes;04:00;1;0;3;4
2025-03-18;3;2025;martes;05:00;0;0;3;5
2025-03-18;3;2025;martes;06:00;0;0;3;6
2025-03-18;3;2025;martes;07:00;0;0;3;7
2025-03-18;3;2025;martes;08:00;0;0;2;8
2025-03-18;3;2025;martes;09:00;1;0;2;9
2025-03-18;3;2025;martes;10:00;0;0;1;10
2025-03-18;3;2025;martes;11:00;0;0;1;11
2025-03-18;3;2025;martes;12:00;0;0;1;12
2025-03-18;3;2025;martes;13:00;0;0;1;13
2025-03-18;3;2025;martes;14:00;1;1;2;14
2025-03-18;3;2025;martes;15:00;0;0;2;15
2025-03-18;3;2025;martes;16:00;0;0;2;16
2025-03-18;3;2025;martes;17:00;0;0;2;17
2025-03-18;3;2025;martes;18:00;0;0;1;18
2025-03-18;3;2025;martes;19:00;1;0;1;19
2025-03-18;3;2025;martes;20:00;0;0;1;20
2025-03-18;3;2025;martes;21:00;2;0;1;21
2025-03-18;3;2025;martes;22:00;1;0;2;22
2025-03-18;3;2025;martes;23:00;1;0;2;23
2025-03-19;3;2025;miércoles;00:00:00;0;0;3;0
2025-03-19;3;2025;miércoles;01:00;0;0;3;1
2025-03-19;3;2025;miércoles;02:00;0;0;3;2
2025-03-19;3;2025;miércoles;03:00;0;0;3;3
2025-03-19;3;2025;miércoles;04:00;0;1;3;4
2025-03-19;3;2025;miércoles;05:00;0;0;3;5
2025-03-19;3;2025;miércoles;06:00;1;0;3;6
2025-03-19;3;2025;miércoles;07:00;2;0;3;7
2025-03-19;3;2025;miércoles;08:00;0;0;2;8
2025-03-19;3;2025;miércoles;09:00;0;0;2;9
2025-03-19;3;2025;miércoles;10:00;0;0;1;10
2025-03-19;3;2025;miércoles;11:00;0;0;1;11
2025-03-19;3;2025;miércoles;12:00;0;0;1;12
2025-03-19;3;2025;miércoles;13:00;1;0;1;13
2025-03-19;3;2025;miércoles;14:00;0;0;2;14
2025-03-19;3;2025;miércoles;15:00;0;0;2;15
2025-03-19;3;2025;miércoles;16:00;0;1;2;16
2025-03-19;3;2025;miércoles;17:00;0;0;2;17
2025-03-19;3;2025;miércoles;18:00;0;0;1;18
2025-03-19;3;2025;miércoles;19:00;0;0;1;19
2025-03-19;3;2025;miércoles;20:00;1;0;1;20
2025-03-19;3;2025;miércoles;21:00;1;0;1;21
2025-03-19;3;2025;miércoles;22:00;0;0;2;22
2025-03-19;3;2025;miércoles;23:00;1;0;2;23
2025-03-20;3;2025;jueves;00:00:00;0;0;3;0
2025-03-20;3;2025;jueves;01:00;0;0;3;1
2025-03-20;3;2025;jueves;02:00;0;0;3;2
2025-03-20;3;2025;jueves;03:00;0;0;3;3
2025-03-20;3;2025;jueves;04:00;0;1;3;4
2025-03-20;3;2025;jueves;05:00;0;0;3;5
2025-03-20;3;2025;jueves;06:00;0;0;3;6
2025-03-20;3;2025;jueves;07:00;1;0;3;7
2025-03-20;3;2025;jueves;08:00;0;0;2;8
2025-03-20;3;2025;jueves;09:00;1;0;2;9
2025-03-20;3;2025;jueves;10:00;1;1;1;10
2025-03-20;3;2025;jueves;11:00;2;0;1;11
2025-03-20;3;2025;jueves;12:00;0;0;1;12
2025-03-20;3;2025;jueves;13:00;1;0;1;13
2025-03-20;3;2025;jueves;14:00;1;1;2;14
2025-03-20;3;2025;jueves;15:00;0;0;2;15
2025-03-20;3;2025;jueves;16:00;1;0;2;16
2025-03-20;3;2025;jueves;17:00;0;1;2;17
2025-03-20;3;2025;jueves;18:00;1;0;1;18
2025-03-20;3;2025;jueves;19:00;0;0;1;19
2025-03-20;3;2025;jueves;20:00;1;0;1;20
2025-03-20;3;2025;jueves;21:00;0;0;1;21
2025-03-20;3;2025;jueves;22:00;1;0;2;22
2025-03-20;3;2025;jueves;23:00;0;0;2;23
2025-03-21;3;2025;viernes;00:00:00;1;0;3;0
2025-03-21;3;2025;viernes;01:00;0;0;3;1
2025-03-21;3;2025;viernes;02:00;0;0;3;2
2025-03-21;3;2025;viernes;03:00;0;0;3;3
2025-03-21;3;2025;viernes;04:00;0;0;3;4
2025-03-21;3;2025;viernes;05:00;0;1;3;5
2025-03-21;3;2025;viernes;06:00;0;0;3;6
2025-03-21;3;2025;viernes;07:00;0;0;3;7
2025-03-21;3;2025;viernes;08:00;2;0;2;8
2025-03-21;3;2025;viernes;09:00;0;0;2;9
2025-03-21;3;2025;viernes;10:00;0;0;1;10
2025-03-21;3;2025;viernes;11:00;1;0;1;11
2025-03-21;3;2025;viernes;12:00;0;0;1;12
2025-03-21;3;2025;viernes;13:00;0;0;1;13
2025-03-21;3;2025;viernes;14:00;1;0;2;14
2025-03-21;3;2025;viernes;15:00;0;1;2;15
2025-03-21;3;2025;viernes;16:00;0;0;2;16
2025-03-21;3;2025;viernes;17:00;1;0;2;17
2025-03-21;3;2025;viernes;18:00;0;0;1;18
2025-03-21;3;2025;viernes;19:00;1;0;1;19
2025-03-21;3;2025;viernes;20:00;1;1;1;20
2025-03-21;3;2025;viernes;21:00;1;0;1;21
2025-03-21;3;2025;viernes;22:00;0;0;2;22
2025-03-21;3;2025;viernes;23:00;0;0;2;23
2025-03-22;3;2025;sábado;00:00:00;0;0;3;0
2025-03-22;3;2025;sábado;01:00;0;0;3;1
2025-03-22;3;2025;sábado;02:00;0;0;3;2
2025-03-22;3;2025;sábado;03:00;0;0;3;3
2025-03-22;3;2025;sábado;04:00;1;1;3;4
2025-03-22;3;2025;sábado;05:00;0;0;3;5
2025-03-22;3;2025;sábado;06:00;0;0;3;6
2025-03-22;3;2025;sábado;07:00;0;0;3;7
2025-03-22;3;2025;sábado;08:00;0;0;3;8
2025-03-22;3;2025;sábado;09:00;1;0;3;9
2025-03-22;3;2025;sábado;10:00;0;0;3;10
2025-03-22;3;2025;sábado;11:00;2;0;3;11
2025-03-22;3;2025;sábado;12:00;0;0;3;12
2025-03-22;3;2025;sábado;13:00;0;0;3;13
2025-03-22;3;2025;sábado;14:00;1;0;3;14
2025-03-22;3;2025;sábado;15:00;0;0;3;15
2025-03-22;3;2025;sábado;16:00;0;0;3;16
2025-03-22;3;2025;sábado;17:00;0;1;3;17
2025-03-22;3;2025;sábado;18:00;0;0;3;18
2025-03-22;3;2025;sábado;19:00;1;0;3;19
2025-03-22;3;2025;sábado;20:00;0;0;3;20
2025-03-22;3;2025;sábado;21:00;0;0;3;21
2025-03-22;3;2025;sábado;22:00;0;0;3;22
2025-03-22;3;2025;sábado;23:00;1;0;3;23
2025-03-23;3;2025;domingo;00:00:00;0;0;3;0
2025-03-23;3;2025;domingo;01:00;0;0;3;1
2025-03-23;3;2025;domingo;02:00;0;0;3;2
2025-03-23;3;2025;domingo;03:00;0;0;3;3
2025-03-23;3;2025;domingo;04:00;0;0;3;4
2025-03-23;3;2025;domingo;05:00;0;0;3;5
2025-03-23;3;2025;domingo;06:00;0;0;3;6
2025-03-23;3;2025;domingo;07:00;2;1;3;7
2025-03-23;3;2025;domingo;08:00;1;0;3;8
2025-03-23;3;2025;domingo;09:00;1;0;3;9
2025-03-23;3;2025;domingo;10:00;1;0;3;10
2025-03-23;3;2025;domingo;11:00;2;1;3;11
2025-03-23;3;2025;domingo;12:00;1;0;3;12
2025-03-23;3;2025;domingo;13:00;1;0;3;13
2025-03-23;3;2025;domingo;14:00;0;0;3;14
2025-03-23;3;2025;domingo;15:00;1;1;3;15
2025-03-23;3;2025;domingo;16:00;1;0;3;16
2025-03-23;3;2025;domingo;17:00;0;0;3;17
2025-03-23;3;2025;domingo;18:00;1;0;3;18
2025-03-23;3;2025;domingo;19:00;0;0;3;19
2025-03-23;3;2025;domingo;20:00;0;0;3;20
2025-03-23;3;2025;domingo;21:00;0;0;3;21
2025-03-23;3;2025;domingo;22:00;0;0;3;22
2025-03-23;3;2025;domingo;23:00;0;0;3;23
2025-03-24;3;2025;lunes;00:00:00;0;0;3;0
2025-03-24;3;2025;lunes;01:00;1;0;3;1
2025-03-24;3;2025;lunes;02:00;0;0;3;2
2025-03-24;3;2025;lunes;03:00;0;0;3;3
2025-03-24;3;2025;lunes;04:00;0;0;3;4
2025-03-24;3;2025;lunes;05:00;0;1;3;5
2025-03-24;3;2025;lunes;06:00;0;0;3;6
2025-03-24;3;2025;lunes;07:00;0;0;3;7
2025-03-24;3;2025;lunes;08:00;0;0;2;8
2025-03-24;3;2025;lunes;09:00;1;0;2;9
2025-03-24;3;2025;lunes;10:00;1;0;1;10
2025-03-24;3;2025;lunes;11:00;0;0;1;11
2025-03-24;3;2025;lunes;12:00;0;0;1;12
2025-03-24;3;2025;lunes;13:00;1;0;1;13
2025-03-24;3;2025;lunes;14:00;1;1;2;14
2025-03-24;3;2025;lunes;15:00;0;0;2;15
2025-03-24;3;2025;lunes;16:00;0;0;2;16
2025-03-24;3;2025;lunes;17:00;0;0;2;17
2025-03-24;3;2025;lunes;18:00;0;0;1;18
2025-03-24;3;2025;lunes;19:00;1;1;1;19
2025-03-24;3;2025;lunes;20:00;1;0;1;20
2025-03-24;3;2025;lunes;21:00;0;0;1;21
2025-03-24;3;2025;lunes;22:00;0;0;2;22
2025-03-24;3;2025;lunes;23:00;0;0;2;23
2025-03-25;3;2025;martes;00:00:00;1;0;3;0
2025-03-25;3;2025;martes;01:00;0;1;3;1
2025-03-25;3;2025;martes;02:00;0;0;3;2
2025-03-25;3;2025;martes;03:00;0;0;3;3
2025-03-25;3;2025;martes;04:00;0;0;3;4
2025-03-25;3;2025;martes;05:00;0;0;3;5
2025-03-25;3;2025;martes;06:00;0;0;3;6
2025-03-25;3;2025;martes;07:00;0;0;3;7
2025-03-25;3;2025;martes;08:00;0;0;2;8
2025-03-25;3;2025;martes;09:00;1;0;2;9
2025-03-25;3;2025;martes;10:00;1;0;1;10
2025-03-25;3;2025;martes;11:00;1;0;1;11
2025-03-25;3;2025;martes;12:00;2;1;1;12
2025-03-25;3;2025;martes;13:00;2;0;1;13
2025-03-25;3;2025;martes;14:00;1;1;2;14
2025-03-25;3;2025;martes;15:00;0;0;2;15
2025-03-25;3;2025;martes;16:00;0;0;2;16
2025-03-25;3;2025;martes;17:00;0;0;2;17
2025-03-25;3;2025;martes;18:00;2;0;1;18
2025-03-25;3;2025;martes;19:00;1;0;1;19
2025-03-25;3;2025;martes;20:00;0;0;1;20
2025-03-25;3;2025;martes;21:00;0;0;1;21
2025-03-25;3;2025;martes;22:00;0;0;2;22
2025-03-25;3;2025;martes;23:00;0;0;2;23
2025-03-26;3;2025;miércoles;00:00:00;0;0;3;0
2025-03-26;3;2025;miércoles;01:00;0;0;3;1
2025-03-26;3;2025;miércoles;02:00;0;0;3;2
2025-03-26;3;2025;miércoles;03:00;1;0;3;3
2025-03-26;3;2025;miércoles;04:00;0;1;3;4
2025-03-26;3;2025;miércoles;05:00;0;0;3;5
2025-03-26;3;2025;miércoles;06:00;0;0;3;6
2025-03-26;3;2025;miércoles;07:00;0;0;3;7
2025-03-26;3;2025;miércoles;08:00;0;0;2;8
2025-03-26;3;2025;miércoles;09:00;0;0;2;9
2025-03-26;3;2025;miércoles;10:00;0;0;1;10
2025-03-26;3;2025;miércoles;11:00;1;0;1;11
2025-03-26;3;2025;miércoles;12:00;0;0;1;12
2025-03-26;3;2025;miércoles;13:00;0;0;1;13
2025-03-26;3;2025;miércoles;14:00;1;0;2;14
2025-03-26;3;2025;miércoles;15:00;0;0;2;15
2025-03-26;3;2025;miércoles;16:00;0;0;2;16
2025-03-26;3;2025;miércoles;17:00;0;1;2;17
2025-03-26;3;2025;miércoles;18:00;1;0;1;18
2025-03-26;3;2025;miércoles;19:00;1;0;1;19
2025-03-26;3;2025;miércoles;20:00;0;0;1;20
2025-03-26;3;2025;miércoles;21:00;1;0;1;21
2025-03-26;3;2025;miércoles;22:00;0;1;2;22
2025-03-26;3;2025;miércoles;23:00;0;0;2;23
2025-03-27;3;2025;jueves;00:00:00;1;0;3;0
2025-03-27;3;2025;jueves;01:00;0;0;3;1
2025-03-27;3;2025;jueves;02:00;0;0;3;2
2025-03-27;3;2025;jueves;03:00;0;0;3;3
2025-03-27;3;2025;jueves;04:00;0;1;3;4
2025-03-27;3;2025;jueves;05:00;0;0;3;5
2025-03-27;3;2025;jueves;06:00;0;0;3;6
2025-03-27;3;2025;jueves;07:00;1;0;3;7
2025-03-27;3;2025;jueves;08:00;2;0;2;8
2025-03-27;3;2025;jueves;09:00;0;0;2;9
2025-03-27;3;2025;jueves;10:00;0;0;1;10
2025-03-27;3;2025;jueves;11:00;0;0;1;11
2025-03-27;3;2025;jueves;12:00;0;0;1;12
2025-03-27;3;2025;jueves;13:00;0;0;1;13
2025-03-27;3;2025;jueves;14:00;0;0;2;14
2025-03-27;3;2025;jueves;15:00;0;0;2;15
2025-03-27;3;2025;jueves;16:00;0;0;2;16
2025-03-27;3;2025;jueves;17:00;1;1;2;17
2025-03-27;3;2025;jueves;18:00;0;0;1;18
2025-03-27;3;2025;jueves;19:00;0;0;1;19
2025-03-27;3;2025;jueves;20:00;0;0;1;20
2025-03-27;3;2025;jueves;21:00;0;0;1;21
2025-03-27;3;2025;jueves;22:00;0;0;2;22
2025-03-27;3;2025;jueves;23:00;0;0;2;23
2025-03-28;3;2025;viernes;00:00:00;0;0;3;0
2025-03-28;3;2025;viernes;01:00;1;0;3;1
2025-03-28;3;2025;viernes;02:00;0;0;3;2
2025-03-28;3;2025;viernes;03:00;0;0;3;3
2025-03-28;3;2025;viernes;04:00;0;0;3;4
2025-03-28;3;2025;viernes;05:00;0;0;3;5
2025-03-28;3;2025;viernes;06:00;0;0;3;6
2025-03-28;3;2025;viernes;07:00;0;1;3;7
2025-03-28;3;2025;viernes;08:00;0;0;2;8
2025-03-28;3;2025;viernes;09:00;0;0;2;9
2025-03-28;3;2025;viernes;10:00;1;0;1;10
2025-03-28;3;2025;viernes;11:00;0;0;1;11
2025-03-28;3;2025;viernes;12:00;0;0;1;12
2025-03-28;3;2025;viernes;13:00;0;0;1;13
2025-03-28;3;2025;viernes;14:00;0;0;2;14
2025-03-28;3;2025;viernes;15:00;0;0;2;15
2025-03-28;3;2025;viernes;16:00;0;0;2;16
2025-03-28;3;2025;viernes;17:00;0;0;2;17
2025-03-28;3;2025;viernes;18:00;0;0;1;18
2025-03-28;3;2025;viernes;19:00;1;0;1;19
2025-03-28;3;2025;viernes;20:00;0;1;1;20
2025-03-28;3;2025;viernes;21:00;0;0;1;21
2025-03-28;3;2025;viernes;22:00;0;0;2;22
2025-03-28;3;2025;viernes;23:00;0;0;2;23
2025-03-29;3;2025;sábado;00:00:00;0;0;3;0
2025-03-29;3;2025;sábado;01:00;0;0;3;1
2025-03-29;3;2025;sábado;02:00;0;0;3;2
2025-03-29;3;2025;sábado;03:00;0;0;3;3
2025-03-29;3;2025;sábado;04:00;1;0;3;4
2025-03-29;3;2025;sábado;05:00;0;0;3;5
2025-03-29;3;2025;sábado;06:00;0;0;3;6
2025-03-29;3;2025;sábado;07:00;0;0;3;7
2025-03-29;3;2025;sábado;08:00;0;0;3;8
2025-03-29;3;2025;sábado;09:00;0;1;3;9
2025-03-29;3;2025;sábado;10:00;0;0;3;10
2025-03-29;3;2025;sábado;11:00;1;0;3;11
2025-03-29;3;2025;sábado;12:00;0;0;3;12
2025-03-29;3;2025;sábado;13:00;0;0;3;13
2025-03-29;3;2025;sábado;14:00;1;0;3;14
2025-03-29;3;2025;sábado;15:00;0;0;3;15
2025-03-29;3;2025;sábado;16:00;0;0;3;16
2025-03-29;3;2025;sábado;17:00;1;0;3;17
2025-03-29;3;2025;sábado;18:00;0;0;3;18
2025-03-29;3;2025;sábado;19:00;1;0;3;19
2025-03-29;3;2025;sábado;20:00;0;1;3;20
2025-03-29;3;2025;sábado;21:00;1;0;3;21
2025-03-29;3;2025;sábado;22:00;1;0;3;22
2025-03-29;3;2025;sábado;23:00;0;0;3;23
2025-03-30;3;2025;domingo;00:00:00;0;0;3;0
2025-03-30;3;2025;domingo;01:00;0;0;3;1
2025-03-30;3;2025;domingo;02:00;0;0;3;2
2025-03-30;3;2025;domingo;03:00;0;0;3;3
2025-03-30;3;2025;domingo;04:00;1;0;3;4
2025-03-30;3;2025;domingo;05:00;0;0;3;5
2025-03-30;3;2025;domingo;06:00;0;0;3;6
2025-03-30;3;2025;domingo;07:00;0;0;3;7
2025-03-30;3;2025;domingo;08:00;0;1;3;8
2025-03-30;3;2025;domingo;09:00;2;0;3;9
2025-03-30;3;2025;domingo;10:00;1;1;3;10
2025-03-30;3;2025;domingo;11:00;0;1;3;11
2025-03-30;3;2025;domingo;12:00;2;0;3;12
2025-03-30;3;2025;domingo;13:00;1;0;3;13
2025-03-30;3;2025;domingo;14:00;0;1;3;14
2025-03-30;3;2025;domingo;15:00;1;0;3;15
2025-03-30;3;2025;domingo;16:00;0;1;3;16
2025-03-30;3;2025;domingo;17:00;2;0;3;17
2025-03-30;3;2025;domingo;18:00;0;0;3;18
2025-03-30;3;2025;domingo;19:00;0;0;3;19
2025-03-30;3;2025;domingo;20:00;1;0;3;20
2025-03-30;3;2025;domingo;21:00;1;0;3;21
2025-03-30;3;2025;domingo;22:00;0;0;3;22
2025-03-31;3;2025;lunes;00:00:00;0;0;3;0
2025-03-31;3;2025;lunes;01:00;0;0;3;1
2025-03-31;3;2025;lunes;02:00;0;0;3;2
2025-03-31;3;2025;lunes;03:00;0;0;3;3
2025-03-31;3;2025;lunes;04:00;0;0;3;4
2025-03-31;3;2025;lunes;05:00;1;1;3;5
2025-03-31;3;2025;lunes;06:00;0;0;3;6
2025-03-31;3;2025;lunes;07:00;0;0;3;7
2025-03-31;3;2025;lunes;08:00;0;0;2;8
2025-03-31;3;2025;lunes;09:00;1;0;2;9
2025-03-31;3;2025;lunes;10:00;1;0;1;10
2025-03-31;3;2025;lunes;11:00;1;0;1;11
2025-03-31;3;2025;lunes;12:00;0;0;1;12
2025-03-31;3;2025;lunes;13:00;1;0;1;13
2025-03-31;3;2025;lunes;14:00;0;0;2;14
2025-03-31;3;2025;lunes;15:00;0;1;2;15
2025-03-31;3;2025;lunes;16:00;1;0;2;16
2025-03-31;3;2025;lunes;17:00;1;0;2;17
2025-03-31;3;2025;lunes;18:00;0;0;1;18
2025-03-31;3;2025;lunes;19:00;0;0;1;19
2025-03-31;3;2025;lunes;20:00;1;0;1;20
2025-03-31;3;2025;lunes;21:00;0;0;1;21
2025-03-31;3;2025;lunes;22:00;1;0;2;22
2025-03-31;3;2025;lunes;23:00;0;0;2;23
2025-04-01;4;2025;martes;00:00:00;0;0;3;0
2025-04-01;4;2025;martes;01:00;0;0;3;1
2025-04-01;4;2025;martes;02:00;1;1;3;2
2025-04-01;4;2025;martes;03:00;0;0;3;3
2025-04-01;4;2025;martes;04:00;0;0;3;4
2025-04-01;4;2025;martes;05:00;0;0;3;5
2025-04-01;4;2025;martes;06:00;0;0;3;6
2025-04-01;4;2025;martes;07:00;0;0;3;7
2025-04-01;4;2025;martes;08:00;1;0;2;8
2025-04-01;4;2025;martes;09:00;1;0;2;9
2025-04-01;4;2025;martes;10:00;1;0;1;10
2025-04-01;4;2025;martes;11:00;1;0;1;11
2025-04-01;4;2025;martes;12:00;0;0;1;12
2025-04-01;4;2025;martes;13:00;0;1;1;13
2025-04-01;4;2025;martes;14:00;1;0;2;14
2025-04-01;4;2025;martes;15:00;0;0;2;15
2025-04-01;4;2025;martes;16:00;1;0;2;16
2025-04-01;4;2025;martes;17:00;0;0;2;17
2025-04-01;4;2025;martes;18:00;1;0;1;18
2025-04-01;4;2025;martes;19:00;0;0;1;19
2025-04-01;4;2025;martes;20:00;0;0;1;20
2025-04-01;4;2025;martes;21:00;1;0;1;21
2025-04-01;4;2025;martes;22:00;0;0;2;22
2025-04-01;4;2025;martes;23:00;1;1;2;23
2025-04-02;4;2025;miércoles;00:00:00;0;0;3;0
2025-04-02;4;2025;miércoles;01:00;0;0;3;1
2025-04-02;4;2025;miércoles;02:00;0;0;3;2
2025-04-02;4;2025;miércoles;03:00;0;0;3;3
2025-04-02;4;2025;miércoles;04:00;0;0;3;4
2025-04-02;4;2025;miércoles;05:00;1;0;3;5
2025-04-02;4;2025;miércoles;06:00;0;0;3;6
2025-04-02;4;2025;miércoles;07:00;0;0;3;7
2025-04-02;4;2025;miércoles;08:00;0;0;2;8
2025-04-02;4;2025;miércoles;09:00;1;0;2;9
2025-04-02;4;2025;miércoles;10:00;0;1;1;10
2025-04-02;4;2025;miércoles;11:00;1;0;1;11
2025-04-02;4;2025;miércoles;12:00;1;0;1;12
2025-04-02;4;2025;miércoles;13:00;0;0;1;13
2025-04-02;4;2025;miércoles;14:00;1;1;2;14
2025-04-02;4;2025;miércoles;15:00;0;0;2;15
2025-04-02;4;2025;miércoles;16:00;1;0;2;16
2025-04-02;4;2025;miércoles;17:00;0;0;2;17
2025-04-02;4;2025;miércoles;18:00;1;0;1;18
2025-04-02;4;2025;miércoles;19:00;0;0;1;19
2025-04-02;4;2025;miércoles;20:00;1;0;1;20
2025-04-02;4;2025;miércoles;21:00;0;0;1;21
2025-04-02;4;2025;miércoles;22:00;1;0;2;22
2025-04-02;4;2025;miércoles;23:00;0;0;2;23
2025-04-03;4;2025;jueves;00:00:00;0;0;3;0
2025-04-03;4;2025;jueves;01:00;0;1;3;1
2025-04-03;4;2025;jueves;02:00;1;0;3;2
2025-04-03;4;2025;jueves;03:00;0;0;3;3
2025-04-03;4;2025;jueves;04:00;0;0;3;4
2025-04-03;4;2025;jueves;05:00;0;0;3;5
2025-04-03;4;2025;jueves;06:00;0;0;3;6
2025-04-03;4;2025;jueves;07:00;0;0;3;7
2025-04-03;4;2025;jueves;08:00;0;0;2;8
2025-04-03;4;2025;jueves;09:00;0;0;2;9
2025-04-03;4;2025;jueves;10:00;1;0;1;10
2025-04-03;4;2025;jueves;11:00;2;0;1;11
2025-04-03;4;2025;jueves;12:00;2;1;1;12
2025-04-03;4;2025;jueves;13:00;1;0;1;13
2025-04-03;4;2025;jueves;14:00;0;0;2;14
2025-04-03;4;2025;jueves;15:00;1;0;2;15
2025-04-03;4;2025;jueves;16:00;0;0;2;16
2025-04-03;4;2025;jueves;17:00;1;0;2;17
2025-04-03;4;2025;jueves;18:00;0;0;1;18
2025-04-03;4;2025;jueves;19:00;1;0;1;19
2025-04-03;4;2025;jueves;20:00;0;0;1;20
2025-04-03;4;2025;jueves;21:00;0;0;1;21
2025-04-03;4;2025;jueves;22:00;1;0;2;22
2025-04-03;4;2025;jueves;23:00;0;1;2;23
2025-04-04;4;2025;viernes;00:00:00;0;0;3;0
2025-04-04;4;2025;viernes;01:00;0;0;3;1
2025-04-04;4;2025;viernes;02:00;0;0;3;2
2025-04-04;4;2025;viernes;03:00;0;0;3;3
2025-04-04;4;2025;viernes;04:00;0;0;3;4
2025-04-04;4;2025;viernes;05:00;0;0;3;5
2025-04-04;4;2025;viernes;06:00;0;0;3;6
2025-04-04;4;2025;viernes;07:00;1;0;3;7
2025-04-04;4;2025;viernes;08:00;0;0;2;8
2025-04-04;4;2025;viernes;09:00;0;0;2;9
2025-04-04;4;2025;viernes;10:00;0;0;1;10
2025-04-04;4;2025;viernes;11:00;0;1;1;11
2025-04-04;4;2025;viernes;12:00;1;0;1;12
2025-04-04;4;2025;viernes;13:00;0;0;1;13
2025-04-04;4;2025;viernes;14:00;0;0;2;14
2025-04-04;4;2025;viernes;15:00;0;0;2;15
2025-04-04;4;2025;viernes;16:00;0;0;2;16
2025-04-04;4;2025;viernes;17:00;1;0;2;17
2025-04-04;4;2025;viernes;18:00;0;0;1;18
2025-04-04;4;2025;viernes;19:00;0;0;1;19
2025-04-04;4;2025;viernes;20:00;0;0;1;20
2025-04-04;4;2025;viernes;21:00;1;0;1;21
2025-04-04;4;2025;viernes;22:00;0;1;2;22
2025-04-04;4;2025;viernes;23:00;0;0;2;23
2025-04-05;4;2025;sábado;00:00:00;0;0;3;0
2025-04-05;4;2025;sábado;01:00;0;0;3;1
2025-04-05;4;2025;sábado;02:00;0;0;3;2
2025-04-05;4;2025;sábado;03:00;0;0;3;3
2025-04-05;4;2025;sábado;04:00;0;0;3;4
2025-04-05;4;2025;sábado;05:00;1;0;3;5
2025-04-05;4;2025;sábado;06:00;0;0;3;6
2025-04-05;4;2025;sábado;07:00;0;0;3;7
2025-04-05;4;2025;sábado;08:00;0;0;3;8
2025-04-05;4;2025;sábado;09:00;0;1;3;9
2025-04-05;4;2025;sábado;10:00;0;0;3;10
2025-04-05;4;2025;sábado;11:00;1;0;3;11
2025-04-05;4;2025;sábado;12:00;0;0;3;12
2025-04-05;4;2025;sábado;13:00;0;0;3;13
2025-04-05;4;2025;sábado;14:00;0;0;3;14
2025-04-05;4;2025;sábado;15:00;0;0;3;15
2025-04-05;4;2025;sábado;16:00;0;0;3;16
2025-04-05;4;2025;sábado;17:00;1;0;3;17
2025-04-05;4;2025;sábado;18:00;0;0;3;18
2025-04-05;4;2025;sábado;19:00;0;0;3;19
2025-04-05;4;2025;sábado;20:00;1;0;3;20
2025-04-05;4;2025;sábado;21:00;0;0;3;21
2025-04-05;4;2025;sábado;22:00;0;0;3;22
2025-04-05;4;2025;sábado;23:00;0;1;3;23
2025-04-06;4;2025;domingo;00:00:00;0;0;3;0
2025-04-06;4;2025;domingo;01:00;0;0;3;1
2025-04-06;4;2025;domingo;02:00;0;0;3;2
2025-04-06;4;2025;domingo;03:00;0;0;3;3
2025-04-06;4;2025;domingo;04:00;1;0;3;4
2025-04-06;4;2025;domingo;05:00;0;0;3;5
2025-04-06;4;2025;domingo;06:00;0;0;3;6
2025-04-06;4;2025;domingo;07:00;0;0;3;7
2025-04-06;4;2025;domingo;08:00;0;0;3;8
2025-04-06;4;2025;domingo;09:00;1;0;3;9
2025-04-06;4;2025;domingo;10:00;0;0;3;10
2025-04-06;4;2025;domingo;11:00;1;1;3;11
2025-04-06;4;2025;domingo;12:00;0;0;3;12
2025-04-06;4;2025;domingo;13:00;1;0;3;13
2025-04-06;4;2025;domingo;14:00;0;0;3;14
2025-04-06;4;2025;domingo;15:00;0;0;3;15
2025-04-06;4;2025;domingo;16:00;0;0;3;16
2025-04-06;4;2025;domingo;17:00;0;0;3;17
2025-04-06;4;2025;domingo;18:00;0;0;3;18
2025-04-06;4;2025;domingo;19:00;1;0;3;19
2025-04-06;4;2025;domingo;20:00;0;0;3;20
2025-04-06;4;2025;domingo;21:00;0;0;3;21
2025-04-06;4;2025;domingo;22:00;0;0;3;22
2025-04-06;4;2025;domingo;23:00;0;0;3;23
2025-04-07;4;2025;lunes;00:00:00;0;1;3;0
2025-04-07;4;2025;lunes;01:00;0;0;3;1
2025-04-07;4;2025;lunes;02:00;1;0;3;2
2025-04-07;4;2025;lunes;03:00;0;0;3;3
2025-04-07;4;2025;lunes;04:00;0;0;3;4
2025-04-07;4;2025;lunes;05:00;0;0;3;5
2025-04-07;4;2025;lunes;06:00;0;0;3;6
2025-04-07;4;2025;lunes;07:00;0;0;3;7
2025-04-07;4;2025;lunes;08:00;0;0;2;8
2025-04-07;4;2025;lunes;09:00;1;0;2;9
2025-04-07;4;2025;lunes;10:00;1;1;1;10
2025-04-07;4;2025;lunes;11:00;2;0;1;11
2025-04-07;4;2025;lunes;12:00;2;1;1;12
2025-04-07;4;2025;lunes;13:00;1;0;1;13
2025-04-07;4;2025;lunes;14:00;0;0;2;14
2025-04-07;4;2025;lunes;15:00;0;0;2;15
2025-04-07;4;2025;lunes;16:00;1;0;2;16
2025-04-07;4;2025;lunes;17:00;1;1;2;17
2025-04-07;4;2025;lunes;18:00;0;0;1;18
2025-04-07;4;2025;lunes;19:00;1;0;1;19
2025-04-07;4;2025;lunes;20:00;1;0;1;20
2025-04-07;4;2025;lunes;21:00;0;0;1;21
2025-04-07;4;2025;lunes;22:00;1;0;2;22
2025-04-07;4;2025;lunes;23:00;0;0;2;23
2025-04-08;4;2025;martes;00:00:00;0;0;3;0
2025-04-08;4;2025;martes;01:00;0;0;3;1
2025-04-08;4;2025;martes;02:00;1;1;3;2
2025-04-08;4;2025;martes;03:00;0;0;3;3
2025-04-08;4;2025;martes;04:00;0;0;3;4
2025-04-08;4;2025;martes;05:00;0;0;3;5
2025-04-08;4;2025;martes;06:00;0;0;3;6
2025-04-08;4;2025;martes;07:00;0;0;3;7
2025-04-08;4;2025;martes;08:00;0;0;2;8
2025-04-08;4;2025;martes;09:00;1;0;2;9
2025-04-08;4;2025;martes;10:00;0;0;1;10
2025-04-08;4;2025;martes;11:00;1;0;1;11
2025-04-08;4;2025;martes;12:00;1;0;1;12
2025-04-08;4;2025;martes;13:00;0;0;1;13
2025-04-08;4;2025;martes;14:00;1;1;2;14
2025-04-08;4;2025;martes;15:00;0;0;2;15
2025-04-08;4;2025;martes;16:00;0;0;2;16
2025-04-08;4;2025;martes;17:00;1;0;2;17
2025-04-08;4;2025;martes;18:00;1;0;1;18
2025-04-08;4;2025;martes;19:00;1;0;1;19
2025-04-08;4;2025;martes;20:00;0;1;1;20
2025-04-08;4;2025;martes;21:00;1;0;1;21
2025-04-08;4;2025;martes;22:00;1;1;2;22
2025-04-08;4;2025;martes;23:00;0;0;2;23
2025-04-09;4;2025;miércoles;00:00:00;0;0;3;0
2025-04-09;4;2025;miércoles;01:00;0;0;3;1
2025-04-09;4;2025;miércoles;02:00;0;0;3;2
2025-04-09;4;2025;miércoles;03:00;0;0;3;3
2025-04-09;4;2025;miércoles;04:00;1;0;3;4
2025-04-09;4;2025;miércoles;05:00;0;0;3;5
2025-04-09;4;2025;miércoles;06:00;0;0;3;6
2025-04-09;4;2025;miércoles;07:00;0;0;3;7
2025-04-09;4;2025;miércoles;08:00;0;1;2;8
2025-04-09;4;2025;miércoles;09:00;1;0;2;9
2025-04-09;4;2025;miércoles;10:00;0;0;1;10
2025-04-09;4;2025;miércoles;11:00;1;0;1;11
2025-04-09;4;2025;miércoles;12:00;0;0;1;12
2025-04-09;4;2025;miércoles;13:00;1;0;1;13
2025-04-09;4;2025;miércoles;14:00;0;0;2;14
2025-04-09;4;2025;miércoles;15:00;1;0;2;15
2025-04-09;4;2025;miércoles;16:00;0;0;2;16
2025-04-09;4;2025;miércoles;17:00;0;0;2;17
2025-04-09;4;2025;miércoles;18:00;1;1;1;18
2025-04-09;4;2025;miércoles;19:00;0;0;1;19
2025-04-09;4;2025;miércoles;20:00;0;0;1;20
2025-04-09;4;2025;miércoles;21:00;1;0;1;21
2025-04-09;4;2025;miércoles;22:00;0;0;2;22
2025-04-09;4;2025;miércoles;23:00;1;0;2;23
2025-04-10;4;2025;jueves;00:00:00;0;0;3;0
2025-04-10;4;2025;jueves;01:00;0;0;3;1
2025-04-10;4;2025;jueves;02:00;0;0;3;2
2025-04-10;4;2025;jueves;03:00;0;0;3;3
2025-04-10;4;2025;jueves;04:00;0;0;3;4
2025-04-10;4;2025;jueves;05:00;0;1;3;5
2025-04-10;4;2025;jueves;06:00;1;0;3;6
2025-04-10;4;2025;jueves;07:00;0;0;3;7
2025-04-10;4;2025;jueves;08:00;0;0;2;8
2025-04-10;4;2025;jueves;09:00;1;0;2;9
2025-04-10;4;2025;jueves;10:00;0;0;1;10
2025-04-10;4;2025;jueves;11:00;2;1;1;11
2025-04-10;4;2025;jueves;12:00;0;0;1;12
2025-04-10;4;2025;jueves;13:00;1;0;1;13
2025-04-10;4;2025;jueves;14:00;1;0;2;14
2025-04-10;4;2025;jueves;15:00;0;0;2;15
2025-04-10;4;2025;jueves;16:00;0;1;2;16
2025-04-10;4;2025;jueves;17:00;1;0;2;17
2025-04-10;4;2025;jueves;18:00;0;0;1;18
2025-04-10;4;2025;jueves;19:00;0;0;1;19
2025-04-10;4;2025;jueves;20:00;1;0;1;20
2025-04-10;4;2025;jueves;21:00;0;0;1;21
2025-04-10;4;2025;jueves;22:00;1;0;2;22
2025-04-10;4;2025;jueves;23:00;0;0;2;23
2025-04-11;4;2025;viernes;00:00:00;0;0;3;0
2025-04-11;4;2025;viernes;01:00;0;1;3;1
2025-04-11;4;2025;viernes;02:00;0;0;3;2
2025-04-11;4;2025;viernes;03:00;1;0;3;3
2025-04-11;4;2025;viernes;04:00;0;0;3;4
2025-04-11;4;2025;viernes;05:00;0;0;3;5
2025-04-11;4;2025;viernes;06:00;0;0;3;6
2025-04-11;4;2025;viernes;07:00;0;0;3;7
2025-04-11;4;2025;viernes;08:00;0;0;2;8
2025-04-11;4;2025;viernes;09:00;2;0;2;9
2025-04-11;4;2025;viernes;10:00;0;0;1;10
2025-04-11;4;2025;viernes;11:00;0;1;1;11
2025-04-11;4;2025;viernes;12:00;0;0;1;12
2025-04-11;4;2025;viernes;13:00;0;0;1;13
2025-04-11;4;2025;viernes;14:00;1;0;2;14
2025-04-11;4;2025;viernes;15:00;1;0;2;15
2025-04-11;4;2025;viernes;16:00;0;0;2;16
2025-04-11;4;2025;viernes;17:00;0;0;2;17
2025-04-11;4;2025;viernes;18:00;1;1;1;18
2025-04-11;4;2025;viernes;19:00;0;0;1;19
2025-04-11;4;2025;viernes;20:00;0;0;1;20
2025-04-11;4;2025;viernes;21:00;1;0;1;21
2025-04-11;4;2025;viernes;22:00;0;0;2;22
2025-04-11;4;2025;viernes;23:00;0;0;2;23
2025-04-12;4;2025;sábado;00:00:00;1;1;3;0
2025-04-12;4;2025;sábado;01:00;0;0;3;1
2025-04-12;4;2025;sábado;02:00;0;0;3;2
2025-04-12;4;2025;sábado;03:00;0;0;3;3
2025-04-12;4;2025;sábado;04:00;0;0;3;4
2025-04-12;4;2025;sábado;05:00;0;0;3;5
2025-04-12;4;2025;sábado;06:00;0;0;3;6
2025-04-12;4;2025;sábado;07:00;1;0;3;7
2025-04-12;4;2025;sábado;08:00;0;0;3;8
2025-04-12;4;2025;sábado;09:00;0;0;3;9
2025-04-12;4;2025;sábado;10:00;0;1;3;10
2025-04-12;4;2025;sábado;11:00;1;0;3;11
2025-04-12;4;2025;sábado;12:00;1;0;3;12
2025-04-12;4;2025;sábado;13:00;1;0;3;13
2025-04-12;4;2025;sábado;14:00;0;0;3;14
2025-04-12;4;2025;sábado;15:00;0;0;3;15
2025-04-12;4;2025;sábado;16:00;0;0;3;16
2025-04-12;4;2025;sábado;17:00;1;0;3;17
2025-04-12;4;2025;sábado;18:00;0;1;3;18
2025-04-12;4;2025;sábado;19:00;0;0;3;19
2025-04-12;4;2025;sábado;20:00;1;0;3;20
2025-04-12;4;2025;sábado;21:00;0;0;3;21
2025-04-12;4;2025;sábado;22:00;1;0;3;22
2025-04-12;4;2025;sábado;23:00;0;0;3;23
2025-04-13;4;2025;domingo;00:00:00;0;0;3;0
2025-04-13;4;2025;domingo;01:00;0;0;3;1
2025-04-13;4;2025;domingo;02:00;0;0;3;2
2025-04-13;4;2025;domingo;03:00;0;0;3;3
2025-04-13;4;2025;domingo;04:00;0;0;3;4
2025-04-13;4;2025;domingo;05:00;0;0;3;5
2025-04-13;4;2025;domingo;06:00;1;0;3;6
2025-04-13;4;2025;domingo;07:00;0;1;3;7
2025-04-13;4;2025;domingo;08:00;0;0;3;8
2025-04-13;4;2025;domingo;09:00;1;0;3;9
2025-04-13;4;2025;domingo;10:00;0;0;3;10
2025-04-13;4;2025;domingo;11:00;1;0;3;11
2025-04-13;4;2025;domingo;12:00;0;0;3;12
2025-04-13;4;2025;domingo;13:00;1;0;3;13
2025-04-13;4;2025;domingo;14:00;0;0;3;14
2025-04-13;4;2025;domingo;15:00;0;0;3;15
2025-04-13;4;2025;domingo;16:00;0;0;3;16
2025-04-13;4;2025;domingo;17:00;1;0;3;17
2025-04-13;4;2025;domingo;18:00;0;1;3;18
2025-04-13;4;2025;domingo;19:00;1;0;3;19
2025-04-13;4;2025;domingo;20:00;1;0;3;20
2025-04-13;4;2025;domingo;21:00;0;0;3;21
2025-04-13;4;2025;domingo;22:00;1;0;3;22
2025-04-13;4;2025;domingo;23:00;0;1;3;23
2025-04-14;4;2025;lunes;00:00:00;0;0;3;0
2025-04-14;4;2025;lunes;01:00;0;0;3;1
2025-04-14;4;2025;lunes;02:00;1;0;3;2
2025-04-14;4;2025;lunes;03:00;0;0;3;3
2025-04-14;4;2025;lunes;04:00;0;0;3;4
2025-04-14;4;2025;lunes;05:00;0;0;3;5
2025-04-14;4;2025;lunes;06:00;0;0;3;6
2025-04-14;4;2025;lunes;07:00;0;0;3;7
2025-04-14;4;2025;lunes;08:00;0;0;2;8
2025-04-14;4;2025;lunes;09:00;1;0;2;9
2025-04-14;4;2025;lunes;10:00;0;0;1;10
2025-04-14;4;2025;lunes;11:00;1;0;1;11
2025-04-14;4;2025;lunes;12:00;1;0;1;12
2025-04-14;4;2025;lunes;13:00;1;1;1;13
2025-04-14;4;2025;lunes;14:00;0;0;2;14
2025-04-14;4;2025;lunes;15:00;0;0;2;15
2025-04-14;4;2025;lunes;16:00;1;0;2;16
2025-04-14;4;2025;lunes;17:00;0;0;2;17
2025-04-14;4;2025;lunes;18:00;0;0;1;18
2025-04-14;4;2025;lunes;19:00;1;0;1;19
2025-04-14;4;2025;lunes;20:00;0;0;1;20
2025-04-14;4;2025;lunes;21:00;1;0;1;21
2025-04-14;4;2025;lunes;22:00;0;1;2;22
2025-04-14;4;2025;lunes;23:00;1;0;2;23
2025-04-15;4;2025;martes;00:00:00;0;0;3;0
2025-04-15;4;2025;martes;01:00;0;0;3;1
2025-04-15;4;2025;martes;02:00;0;0;3;2
2025-04-15;4;2025;martes;03:00;0;0;3;3
2025-04-15;4;2025;martes;04:00;0;0;3;4
2025-04-15;4;2025;martes;05:00;0;0;3;5
2025-04-15;4;2025;martes;06:00;0;0;3;6
2025-04-15;4;2025;martes;07:00;1;0;3;7
2025-04-15;4;2025;martes;08:00;0;1;2;8
2025-04-15;4;2025;martes;09:00;1;0;2;9
2025-04-15;4;2025;martes;10:00;0;0;1;10
2025-04-15;4;2025;martes;11:00;0;0;1;11
2025-04-15;4;2025;martes;12:00;2;0;1;12
2025-04-15;4;2025;martes;13:00;1;1;1;13
2025-04-15;4;2025;martes;14:00;0;0;2;14
2025-04-15;4;2025;martes;15:00;0;0;2;15
2025-04-15;4;2025;martes;16:00;1;0;2;16
2025-04-15;4;2025;martes;17:00;0;0;2;17
2025-04-15;4;2025;martes;18:00;1;0;1;18
2025-04-15;4;2025;martes;19:00;0;0;1;19
2025-04-15;4;2025;martes;20:00;1;0;1;20
2025-04-15;4;2025;martes;21:00;0;0;1;21
2025-04-15;4;2025;martes;22:00;1;0;2;22
2025-04-15;4;2025;martes;23:00;0;0;2;23
2025-04-16;4;2025;miércoles;00:00:00;0;1;3;0
2025-04-16;4;2025;miércoles;01:00;0;0;3;1
2025-04-16;4;2025;miércoles;02:00;0;0;3;2
2025-04-16;4;2025;miércoles;03:00;0;0;3;3
2025-04-16;4;2025;miércoles;04:00;1;0;3;4
2025-04-16;4;2025;miércoles;05:00;0;0;3;5
2025-04-16;4;2025;miércoles;06:00;0;0;3;6
2025-04-16;4;2025;miércoles;07:00;0;0;3;7
2025-04-16;4;2025;miércoles;08:00;2;0;2;8
2025-04-16;4;2025;miércoles;09:00;1;0;2;9
2025-04-16;4;2025;miércoles;10:00;1;0;1;10
2025-04-16;4;2025;miércoles;11:00;0;0;1;11
2025-04-16;4;2025;miércoles;12:00;0;0;1;12
2025-04-16;4;2025;miércoles;13:00;1;1;1;13
2025-04-16;4;2025;miércoles;14:00;0;0;2;14
2025-04-16;4;2025;miércoles;15:00;0;0;2;15
2025-04-16;4;2025;miércoles;16:00;0;0;2;16
2025-04-16;4;2025;miércoles;17:00;1;0;2;17
2025-04-16;4;2025;miércoles;18:00;0;0;1;18
2025-04-16;4;2025;miércoles;19:00;0;0;1;19
2025-04-16;4;2025;miércoles;20:00;0;0;1;20
2025-04-16;4;2025;miércoles;21:00;0;0;1;21
2025-04-16;4;2025;miércoles;22:00;1;0;2;22
2025-04-16;4;2025;miércoles;23:00;0;0;2;23
2025-04-17;4;2025;jueves;00:00:00;0;0;3;0
2025-04-17;4;2025;jueves;01:00;0;0;3;1
2025-04-17;4;2025;jueves;02:00;0;1;3;2
2025-04-17;4;2025;jueves;03:00;0;0;3;3
2025-04-17;4;2025;jueves;04:00;0;0;3;4
2025-04-17;4;2025;jueves;05:00;1;0;3;5
2025-04-17;4;2025;jueves;06:00;0;0;3;6
2025-04-17;4;2025;jueves;07:00;0;0;3;7
2025-04-17;4;2025;jueves;08:00;0;0;2;8
2025-04-17;4;2025;jueves;09:00;1;0;2;9
2025-04-17;4;2025;jueves;10:00;0;0;1;10
2025-04-17;4;2025;jueves;11:00;2;1;1;11
2025-04-17;4;2025;jueves;12:00;0;0;1;12
2025-04-17;4;2025;jueves;13:00;1;0;1;13
2025-04-17;4;2025;jueves;14:00;0;0;2;14
2025-04-17;4;2025;jueves;15:00;0;0;2;15
2025-04-17;4;2025;jueves;16:00;0;0;2;16
2025-04-17;4;2025;jueves;17:00;1;1;2;17
2025-04-17;4;2025;jueves;18:00;0;0;1;18
2025-04-17;4;2025;jueves;19:00;0;0;1;19
2025-04-17;4;2025;jueves;20:00;1;0;1;20
2025-04-17;4;2025;jueves;21:00;1;0;1;21
2025-04-17;4;2025;jueves;22:00;0;0;2;22
2025-04-17;4;2025;jueves;23:00;1;0;2;23
2025-04-18;4;2025;viernes;00:00:00;0;0;3;0
2025-04-18;4;2025;viernes;01:00;0;0;3;1
2025-04-18;4;2025;viernes;02:00;0;0;3;2
2025-04-18;4;2025;viernes;03:00;0;0;3;3
2025-04-18;4;2025;viernes;04:00;0;0;3;4
2025-04-18;4;2025;viernes;05:00;0;0;3;5
2025-04-18;4;2025;viernes;06:00;0;1;3;6
2025-04-18;4;2025;viernes;07:00;0;0;3;7
2025-04-18;4;2025;viernes;08:00;1;0;3;8
2025-04-18;4;2025;viernes;09:00;0;0;3;9
2025-04-18;4;2025;viernes;10:00;1;0;3;10
2025-04-18;4;2025;viernes;11:00;1;0;3;11
2025-04-18;4;2025;viernes;12:00;2;0;3;12
2025-04-18;4;2025;viernes;13:00;2;1;3;13
2025-04-18;4;2025;viernes;14:00;1;0;3;14
2025-04-18;4;2025;viernes;15:00;1;0;3;15
2025-04-18;4;2025;viernes;16:00;0;0;3;16
2025-04-18;4;2025;viernes;17:00;2;0;3;17
2025-04-18;4;2025;viernes;18:00;1;1;3;18
2025-04-18;4;2025;viernes;19:00;1;0;3;19
2025-04-18;4;2025;viernes;20:00;1;0;3;20
2025-04-18;4;2025;viernes;21:00;0;0;3;21
2025-04-18;4;2025;viernes;22:00;1;0;3;22
2025-04-18;4;2025;viernes;23:00;1;0;3;23
2025-04-19;4;2025;sábado;00:00:00;0;0;3;0
2025-04-19;4;2025;sábado;01:00;0;0;3;1
2025-04-19;4;2025;sábado;02:00;0;0;3;2
2025-04-19;4;2025;sábado;03:00;0;1;3;3
2025-04-19;4;2025;sábado;04:00;0;0;3;4
2025-04-19;4;2025;sábado;05:00;0;0;3;5
2025-04-19;4;2025;sábado;06:00;1;0;3;6
2025-04-19;4;2025;sábado;07:00;0;0;3;7
2025-04-19;4;2025;sábado;08:00;0;0;3;8
2025-04-19;4;2025;sábado;09:00;1;0;3;9
2025-04-19;4;2025;sábado;10:00;1;0;3;10
2025-04-19;4;2025;sábado;11:00;0;0;3;11
2025-04-19;4;2025;sábado;12:00;1;0;3;12
2025-04-19;4;2025;sábado;13:00;1;1;3;13
2025-04-19;4;2025;sábado;14:00;1;0;3;14
2025-04-19;4;2025;sábado;15:00;2;0;3;15
2025-04-19;4;2025;sábado;16:00;1;1;3;16
2025-04-19;4;2025;sábado;17:00;1;0;3;17
2025-04-19;4;2025;sábado;18:00;1;0;3;18
2025-04-19;4;2025;sábado;19:00;1;0;3;19
2025-04-19;4;2025;sábado;20:00;1;0;3;20
2025-04-19;4;2025;sábado;21:00;1;1;3;21
2025-04-19;4;2025;sábado;22:00;0;0;3;22
2025-04-19;4;2025;sábado;23:00;1;0;3;23
2025-04-20;4;2025;domingo;00:00:00;0;0;3;0
2025-04-20;4;2025;domingo;01:00;0;0;3;1
2025-04-20;4;2025;domingo;02:00;0;0;3;2
2025-04-20;4;2025;domingo;03:00;0;0;3;3
2025-04-20;4;2025;domingo;04:00;0;0;3;4
2025-04-20;4;2025;domingo;05:00;0;0;3;5
2025-04-20;4;2025;domingo;06:00;1;0;3;6
2025-04-20;4;2025;domingo;07:00;0;0;3;7
2025-04-20;4;2025;domingo;08:00;0;0;3;8
2025-04-20;4;2025;domingo;09:00;0;0;3;9
2025-04-20;4;2025;domingo;10:00;0;1;3;10
2025-04-20;4;2025;domingo;11:00;0;0;3;11
2025-04-20;4;2025;domingo;12:00;0;0;3;12
2025-04-20;4;2025;domingo;13:00;3;0;3;13
2025-04-20;4;2025;domingo;14:00;0;1;3;14
2025-04-20;4;2025;domingo;15:00;0;0;3;15
2025-04-20;4;2025;domingo;16:00;0;0;3;16
2025-04-20;4;2025;domingo;17:00;1;0;3;17
2025-04-20;4;2025;domingo;18:00;0;0;3;18
2025-04-20;4;2025;domingo;19:00;0;0;3;19
2025-04-20;4;2025;domingo;20:00;0;0;3;20
2025-04-20;4;2025;domingo;21:00;0;0;3;21
2025-04-20;4;2025;domingo;22:00;1;0;3;22
2025-04-20;4;2025;domingo;23:00;0;1;3;23
2025-04-21;4;2025;lunes;00:00:00;0;0;3;0
2025-04-21;4;2025;lunes;01:00;0;0;3;1
2025-04-21;4;2025;lunes;02:00;0;0;3;2
2025-04-21;4;2025;lunes;03:00;0;0;3;3
2025-04-21;4;2025;lunes;04:00;0;0;3;4
2025-04-21;4;2025;lunes;05:00;0;0;3;5
2025-04-21;4;2025;lunes;06:00;0;0;3;6
2025-04-21;4;2025;lunes;07:00;1;0;3;7
2025-04-21;4;2025;lunes;08:00;0;0;2;8
2025-04-21;4;2025;lunes;09:00;1;0;2;9
2025-04-21;4;2025;lunes;10:00;0;0;1;10
2025-04-21;4;2025;lunes;11:00;1;1;1;11
2025-04-21;4;2025;lunes;12:00;1;0;1;12
2025-04-21;4;2025;lunes;13:00;1;0;1;13
2025-04-21;4;2025;lunes;14:00;1;0;2;14
2025-04-21;4;2025;lunes;15:00;0;0;2;15
2025-04-21;4;2025;lunes;16:00;0;0;2;16
2025-04-21;4;2025;lunes;17:00;0;0;2;17
2025-04-21;4;2025;lunes;18:00;1;1;1;18
2025-04-21;4;2025;lunes;19:00;0;0;1;19
2025-04-21;4;2025;lunes;20:00;1;0;1;20
2025-04-21;4;2025;lunes;21:00;0;0;1;21
2025-04-21;4;2025;lunes;22:00;0;0;2;22
2025-04-21;4;2025;lunes;23:00;0;0;2;23
2025-04-22;4;2025;martes;00:00:00;1;0;3;0
2025-04-22;4;2025;martes;01:00;0;0;3;1
2025-04-22;4;2025;martes;02:00;0;0;3;2
2025-04-22;4;2025;martes;03:00;0;0;3;3
2025-04-22;4;2025;martes;04:00;0;0;3;4
2025-04-22;4;2025;martes;05:00;0;0;3;5
2025-04-22;4;2025;martes;06:00;0;1;3;6
2025-04-22;4;2025;martes;07:00;0;0;3;7
2025-04-22;4;2025;martes;08:00;2;0;2;8
2025-04-22;4;2025;martes;09:00;2;0;2;9
2025-04-22;4;2025;martes;10:00;0;0;1;10
2025-04-22;4;2025;martes;11:00;0;0;1;11
2025-04-22;4;2025;martes;12:00;2;0;1;12
2025-04-22;4;2025;martes;13:00;1;0;1;13
2025-04-22;4;2025;martes;14:00;1;0;2;14
2025-04-22;4;2025;martes;15:00;0;1;2;15
2025-04-22;4;2025;martes;16:00;0;0;2;16
2025-04-22;4;2025;martes;17:00;1;0;2;17
2025-04-22;4;2025;martes;18:00;0;0;1;18
2025-04-22;4;2025;martes;19:00;0;0;1;19
2025-04-22;4;2025;martes;20:00;1;0;1;20
2025-04-22;4;2025;martes;21:00;0;0;1;21
2025-04-22;4;2025;martes;22:00;0;0;2;22
2025-04-22;4;2025;martes;23:00;0;0;2;23
2025-04-23;4;2025;miércoles;00:00:00;0;0;3;0
2025-04-23;4;2025;miércoles;01:00;1;0;3;1
2025-04-23;4;2025;miércoles;02:00;0;1;3;2
2025-04-23;4;2025;miércoles;03:00;0;0;3;3
2025-04-23;4;2025;miércoles;04:00;0;0;3;4
2025-04-23;4;2025;miércoles;05:00;0;0;3;5
2025-04-23;4;2025;miércoles;06:00;0;0;3;6
2025-04-23;4;2025;miércoles;07:00;0;0;3;7
2025-04-23;4;2025;miércoles;08:00;1;0;2;8
2025-04-23;4;2025;miércoles;09:00;1;0;2;9
2025-04-23;4;2025;miércoles;10:00;0;0;1;10
2025-04-23;4;2025;miércoles;11:00;0;0;1;11
2025-04-23;4;2025;miércoles;12:00;0;0;1;12
2025-04-23;4;2025;miércoles;13:00;1;0;1;13
2025-04-23;4;2025;miércoles;14:00;1;1;2;14
2025-04-23;4;2025;miércoles;15:00;0;0;2;15
2025-04-23;4;2025;miércoles;16:00;0;0;2;16
2025-04-23;4;2025;miércoles;17:00;0;0;2;17
2025-04-23;4;2025;miércoles;18:00;0;0;1;18
2025-04-23;4;2025;miércoles;19:00;0;0;1;19
2025-04-23;4;2025;miércoles;20:00;1;1;1;20
2025-04-23;4;2025;miércoles;21:00;0;0;1;21
2025-04-23;4;2025;miércoles;22:00;0;0;2;22
2025-04-23;4;2025;miércoles;23:00;1;0;2;23
2025-04-24;4;2025;jueves;00:00:00;0;0;3;0
2025-04-24;4;2025;jueves;01:00;0;0;3;1
2025-04-24;4;2025;jueves;02:00;0;0;3;2
2025-04-24;4;2025;jueves;03:00;0;0;3;3
2025-04-24;4;2025;jueves;04:00;0;0;3;4
2025-04-24;4;2025;jueves;05:00;0;0;3;5
2025-04-24;4;2025;jueves;06:00;0;0;3;6
2025-04-24;4;2025;jueves;07:00;1;1;3;7
2025-04-24;4;2025;jueves;08:00;0;0;2;8
2025-04-24;4;2025;jueves;09:00;0;0;2;9
2025-04-24;4;2025;jueves;10:00;1;0;1;10
2025-04-24;4;2025;jueves;11:00;1;1;1;11
2025-04-24;4;2025;jueves;12:00;0;0;1;12
2025-04-24;4;2025;jueves;13:00;1;0;1;13
2025-04-24;4;2025;jueves;14:00;0;0;2;14
2025-04-24;4;2025;jueves;15:00;0;0;2;15
2025-04-24;4;2025;jueves;16:00;0;0;2;16
2025-04-24;4;2025;jueves;17:00;1;0;2;17
2025-04-24;4;2025;jueves;18:00;1;1;1;18
2025-04-24;4;2025;jueves;19:00;0;1;1;19
2025-04-24;4;2025;jueves;20:00;1;0;1;20
2025-04-24;4;2025;jueves;21:00;0;0;1;21
2025-04-24;4;2025;jueves;22:00;0;0;2;22
2025-04-24;4;2025;jueves;23:00;0;0;2;23
2025-04-25;4;2025;viernes;00:00:00;0;0;3;0
2025-04-25;4;2025;viernes;01:00;0;0;3;1
2025-04-25;4;2025;viernes;02:00;1;1;3;2
2025-04-25;4;2025;viernes;03:00;0;0;3;3
2025-04-25;4;2025;viernes;04:00;0;0;3;4
2025-04-25;4;2025;viernes;05:00;0;0;3;5
2025-04-25;4;2025;viernes;06:00;0;0;3;6
2025-04-25;4;2025;viernes;07:00;0;0;3;7
2025-04-25;4;2025;viernes;08:00;0;0;2;8
2025-04-25;4;2025;viernes;09:00;1;1;2;9
2025-04-25;4;2025;viernes;10:00;3;0;1;10
2025-04-25;4;2025;viernes;11:00;1;0;1;11
2025-04-25;4;2025;viernes;12:00;0;0;1;12
2025-04-25;4;2025;viernes;13:00;0;0;1;13
2025-04-25;4;2025;viernes;14:00;0;1;2;14
2025-04-25;4;2025;viernes;15:00;1;0;2;15
2025-04-25;4;2025;viernes;16:00;0;0;2;16
2025-04-25;4;2025;viernes;17:00;0;0;2;17
2025-04-25;4;2025;viernes;18:00;1;0;1;18
2025-04-25;4;2025;viernes;19:00;0;0;1;19
2025-04-25;4;2025;viernes;20:00;0;1;1;20
2025-04-25;4;2025;viernes;21:00;1;0;1;21
2025-04-25;4;2025;viernes;22:00;0;0;2;22
2025-04-25;4;2025;viernes;23:00;0;0;2;23
2025-04-26;4;2025;sábado;00:00:00;0;0;3;0
2025-04-26;4;2025;sábado;01:00;1;0;3;1
2025-04-26;4;2025;sábado;02:00;0;0;3;2
2025-04-26;4;2025;sábado;03:00;0;0;3;3
2025-04-26;4;2025;sábado;04:00;0;0;3;4
2025-04-26;4;2025;sábado;05:00;0;0;3;5
2025-04-26;4;2025;sábado;06:00;0;0;3;6
2025-04-26;4;2025;sábado;07:00;1;1;3;7
2025-04-26;4;2025;sábado;08:00;2;0;3;8
2025-04-26;4;2025;sábado;09:00;0;1;3;9
2025-04-26;4;2025;sábado;10:00;1;0;3;10
2025-04-26;4;2025;sábado;11:00;0;0;3;11
2025-04-26;4;2025;sábado;12:00;1;0;3;12
2025-04-26;4;2025;sábado;13:00;0;0;3;13
2025-04-26;4;2025;sábado;14:00;1;0;3;14
2025-04-26;4;2025;sábado;15:00;0;1;3;15
2025-04-26;4;2025;sábado;16:00;1;0;3;16
2025-04-26;4;2025;sábado;17:00;0;0;3;17
2025-04-26;4;2025;sábado;18:00;0;0;3;18
2025-04-26;4;2025;sábado;19:00;1;0;3;19
2025-04-26;4;2025;sábado;20:00;0;0;3;20
2025-04-26;4;2025;sábado;21:00;0;0;3;21
2025-04-26;4;2025;sábado;22:00;1;0;3;22
2025-04-26;4;2025;sábado;23:00;0;1;3;23
2025-04-27;4;2025;domingo;00:00:00;0;0;3;0
2025-04-27;4;2025;domingo;01:00;0;0;3;1
2025-04-27;4;2025;domingo;02:00;0;0;3;2
2025-04-27;4;2025;domingo;03:00;0;0;3;3
2025-04-27;4;2025;domingo;04:00;0;0;3;4
2025-04-27;4;2025;domingo;05:00;1;0;3;5
2025-04-27;4;2025;domingo;06:00;0;0;3;6
2025-04-27;4;2025;domingo;07:00;0;0;3;7
2025-04-27;4;2025;domingo;08:00;0;1;3;8
2025-04-27;4;2025;domingo;09:00;1;0;3;9
2025-04-27;4;2025;domingo;10:00;0;0;3;10
2025-04-27;4;2025;domingo;11:00;0;0;3;11
2025-04-27;4;2025;domingo;12:00;1;0;3;12
2025-04-27;4;2025;domingo;13:00;1;1;3;13
2025-04-27;4;2025;domingo;14:00;0;0;3;14
2025-04-27;4;2025;domingo;15:00;1;0;3;15
2025-04-27;4;2025;domingo;16:00;0;0;3;16
2025-04-27;4;2025;domingo;17:00;0;0;3;17
2025-04-27;4;2025;domingo;18:00;0;0;3;18
2025-04-27;4;2025;domingo;19:00;1;0;3;19
2025-04-27;4;2025;domingo;20:00;0;1;3;20
2025-04-27;4;2025;domingo;21:00;0;0;3;21
2025-04-27;4;2025;domingo;22:00;1;0;3;22
2025-04-27;4;2025;domingo;23:00;0;1;3;23
2025-04-28;4;2025;lunes;00:00:00;1;0;3;0
2025-04-28;4;2025;lunes;01:00;0;0;3;1
2025-04-28;4;2025;lunes;02:00;0;0;3;2
2025-04-28;4;2025;lunes;03:00;0;0;3;3
2025-04-28;4;2025;lunes;04:00;0;1;3;4
2025-04-28;4;2025;lunes;05:00;0;0;3;5
2025-04-28;4;2025;lunes;06:00;1;0;3;6
2025-04-28;4;2025;lunes;07:00;0;0;3;7
2025-04-28;4;2025;lunes;08:00;0;0;2;8
2025-04-28;4;2025;lunes;09:00;1;1;2;9
2025-04-28;4;2025;lunes;10:00;1;0;1;10
2025-04-28;4;2025;lunes;11:00;1;1;1;11
2025-04-28;4;2025;lunes;12:00;0.201;0;1;12
2025-04-28;4;2025;lunes;13:00;0.193;0;1;13
2025-04-28;4;2025;lunes;14:00;0;0;2;14
2025-04-28;4;2025;lunes;15:00;0;0;2;15
2025-04-28;4;2025;lunes;16:00;0;0;2;16
2025-04-28;4;2025;lunes;17:00;0;0;2;17
2025-04-28;4;2025;lunes;18:00;0.153;0;1;18
2025-04-28;4;2025;lunes;19:00;0.149;0;1;19
2025-04-28;4;2025;lunes;20:00;0.148;0;1;20
2025-04-28;4;2025;lunes;21:00;0.156;0;1;21
2025-04-28;4;2025;lunes;22:00;0;0;2;22
2025-04-28;4;2025;lunes;23:00;0;0;2;23
2025-04-29;4;2025;martes;00:00:00;0;0;3;0
2025-04-29;4;2025;martes;01:00;0;0;3;1
2025-04-29;4;2025;martes;02:00;0;0;3;2
2025-04-29;4;2025;martes;03:00;0;0;3;3
2025-04-29;4;2025;martes;04:00;0;0;3;4
2025-04-29;4;2025;martes;05:00;0;0;3;5
2025-04-29;4;2025;martes;06:00;0;0;3;6
2025-04-29;4;2025;martes;07:00;0;0;3;7
2025-04-29;4;2025;martes;08:00;1;0;2;8
2025-04-29;4;2025;martes;09:00;1;0;2;9
2025-04-29;4;2025;martes;10:00;0;0;1;10
2025-04-29;4;2025;martes;11:00;1;1;1;11
2025-04-29;4;2025;martes;12:00;0;0;1;12
2025-04-29;4;2025;martes;13:00;1;0;1;13
2025-04-29;4;2025;martes;14:00;0;0;2;14
2025-04-29;4;2025;martes;15:00;1;0;2;15
2025-04-29;4;2025;martes;16:00;0;0;2;16
2025-04-29;4;2025;martes;17:00;1;0;2;17
2025-04-29;4;2025;martes;18:00;0;0;1;18
2025-04-29;4;2025;martes;19:00;1;1;1;19
2025-04-29;4;2025;martes;20:00;0;0;1;20
2025-04-29;4;2025;martes;21:00;1;0;1;21
2025-04-29;4;2025;martes;22:00;1;0;2;22
2025-04-29;4;2025;martes;23:00;0;1;2;23
2025-04-30;4;2025;miércoles;00:00:00;1;0;3;0
2025-04-30;4;2025;miércoles;01:00;0;0;3;1
2025-04-30;4;2025;miércoles;02:00;0;0;3;2
2025-04-30;4;2025;miércoles;03:00;0;0;3;3
2025-04-30;4;2025;miércoles;04:00;0;0;3;4
2025-04-30;4;2025;miércoles;05:00;0;0;3;5
2025-04-30;4;2025;miércoles;06:00;0;0;3;6
2025-04-30;4;2025;miércoles;07:00;0;1;3;7
2025-04-30;4;2025;miércoles;08:00;1;0;2;8
2025-04-30;4;2025;miércoles;09:00;1;0;2;9
2025-04-30;4;2025;miércoles;10:00;0;0;1;10
2025-04-30;4;2025;miércoles;11:00;1;0;1;11
2025-04-30;4;2025;miércoles;12:00;2;0;1;12
2025-04-30;4;2025;miércoles;13:00;0;0;1;13
2025-04-30;4;2025;miércoles;14:00;1;1;2;14
2025-04-30;4;2025;miércoles;15:00;0;0;2;15
2025-04-30;4;2025;miércoles;16:00;1;0;2;16
2025-04-30;4;2025;miércoles;17:00;1;1;2;17
2025-04-30;4;2025;miércoles;18:00;0;0;1;18
2025-04-30;4;2025;miércoles;19:00;0;0;1;19
2025-04-30;4;2025;miércoles;20:00;0;0;1;20
2025-04-30;4;2025;miércoles;21:00;1;0;1;21
2025-04-30;4;2025;miércoles;22:00;0;0;2;22
2025-04-30;4;2025;miércoles;23:00;0;0;2;23
2025-05-01;5;2025;jueves;00:00:00;0;0;3;0
2025-05-01;5;2025;jueves;01:00;0;0;3;1
2025-05-01;5;2025;jueves;02:00;1;0;3;2
2025-05-01;5;2025;jueves;03:00;0;1;3;3
2025-05-01;5;2025;jueves;04:00;0;0;3;4
2025-05-01;5;2025;jueves;05:00;0;0;3;5
2025-05-01;5;2025;jueves;06:00;0;0;3;6
2025-05-01;5;2025;jueves;07:00;0;0;3;7
2025-05-01;5;2025;jueves;08:00;1;0;3;8
2025-05-01;5;2025;jueves;09:00;1;1;3;9
2025-05-01;5;2025;jueves;10:00;1;0;3;10
2025-05-01;5;2025;jueves;11:00;1;1;3;11
2025-05-01;5;2025;jueves;12:00;1;0;3;12
2025-05-01;5;2025;jueves;13:00;1;0;3;13
2025-05-01;5;2025;jueves;14:00;0;0;3;14
2025-05-01;5;2025;jueves;15:00;0;1;3;15
2025-05-01;5;2025;jueves;16:00;0;0;3;16
2025-05-01;5;2025;jueves;17:00;0;0;3;17
2025-05-01;5;2025;jueves;18:00;1;0;3;18
2025-05-01;5;2025;jueves;19:00;0;0;3;19
2025-05-01;5;2025;jueves;20:00;0;0;3;20
2025-05-01;5;2025;jueves;21:00;0;0;3;21
2025-05-01;5;2025;jueves;22:00;0;0;3;22
2025-05-01;5;2025;jueves;23:00;1;0;3;23
2025-05-02;5;2025;viernes;00:00:00;0;0;3;0
2025-05-02;5;2025;viernes;01:00;0;0;3;1
2025-05-02;5;2025;viernes;02:00;0;0;3;2
2025-05-02;5;2025;viernes;03:00;0;1;3;3
2025-05-02;5;2025;viernes;04:00;0;0;3;4
2025-05-02;5;2025;viernes;05:00;0;0;3;5
2025-05-02;5;2025;viernes;06:00;1;0;3;6
2025-05-02;5;2025;viernes;07:00;0;0;3;7
2025-05-02;5;2025;viernes;08:00;1;0;2;8
2025-05-02;5;2025;viernes;09:00;1;0;2;9
2025-05-02;5;2025;viernes;10:00;1;1;1;10
2025-05-02;5;2025;viernes;11:00;1;0;1;11
2025-05-02;5;2025;viernes;12:00;0;0;1;12
2025-05-02;5;2025;viernes;13:00;0;0;1;13
2025-05-02;5;2025;viernes;14:00;1;0;2;14
2025-05-02;5;2025;viernes;15:00;0;1;2;15
2025-05-02;5;2025;viernes;16:00;0;0;2;16
2025-05-02;5;2025;viernes;17:00;1;0;2;17
2025-05-02;5;2025;viernes;18:00;0;0;1;18
2025-05-02;5;2025;viernes;19:00;0;0;1;19
2025-05-02;5;2025;viernes;20:00;0;0;1;20
2025-05-02;5;2025;viernes;21:00;1;0;1;21
2025-05-02;5;2025;viernes;22:00;0;0;2;22
2025-05-02;5;2025;viernes;23:00;1;0;2;23
2025-05-03;5;2025;sábado;00:00:00;0;0;3;0
2025-05-03;5;2025;sábado;01:00;0;1;3;1
2025-05-03;5;2025;sábado;02:00;0;0;3;2
2025-05-03;5;2025;sábado;03:00;0;0;3;3
2025-05-03;5;2025;sábado;04:00;0;0;3;4
2025-05-03;5;2025;sábado;05:00;1;0;3;5
2025-05-03;5;2025;sábado;06:00;0;0;3;6
2025-05-03;5;2025;sábado;07:00;0;0;3;7
2025-05-03;5;2025;sábado;08:00;0;0;3;8
2025-05-03;5;2025;sábado;09:00;1;1;3;9
2025-05-03;5;2025;sábado;10:00;0;0;3;10
2025-05-03;5;2025;sábado;11:00;0;0;3;11
2025-05-03;5;2025;sábado;12:00;1;0;3;12
2025-05-03;5;2025;sábado;13:00;2;1;3;13
2025-05-03;5;2025;sábado;14:00;1;0;3;14
2025-05-03;5;2025;sábado;15:00;0;1;3;15
2025-05-03;5;2025;sábado;16:00;1;0;3;16
2025-05-03;5;2025;sábado;17:00;0;0;3;17
2025-05-03;5;2025;sábado;18:00;0;0;3;18
2025-05-03;5;2025;sábado;19:00;1;0;3;19
2025-05-03;5;2025;sábado;20:00;0;0;3;20
2025-05-03;5;2025;sábado;21:00;0;0;3;21
2025-05-03;5;2025;sábado;22:00;0;0;3;22
2025-05-03;5;2025;sábado;23:00;0;0;3;23
2025-05-04;5;2025;domingo;00:00:00;1;0;3;0
2025-05-04;5;2025;domingo;01:00;0;1;3;1
2025-05-04;5;2025;domingo;02:00;0;0;3;2
2025-05-04;5;2025;domingo;03:00;0;0;3;3
2025-05-04;5;2025;domingo;04:00;0;0;3;4
2025-05-04;5;2025;domingo;05:00;0;0;3;5
2025-05-04;5;2025;domingo;06:00;0;0;3;6
2025-05-04;5;2025;domingo;07:00;1;0;3;7
2025-05-04;5;2025;domingo;08:00;0;0;3;8
2025-05-04;5;2025;domingo;09:00;0;0;3;9
2025-05-04;5;2025;domingo;10:00;0;1;3;10
2025-05-04;5;2025;domingo;11:00;2;0;3;11
2025-05-04;5;2025;domingo;12:00;0;1;3;12
2025-05-04;5;2025;domingo;13:00;1;0;3;13
2025-05-04;5;2025;domingo;14:00;0;0;3;14
2025-05-04;5;2025;domingo;15:00;0;0;3;15
2025-05-04;5;2025;domingo;16:00;0;0;3;16
2025-05-04;5;2025;domingo;17:00;1;0;3;17
2025-05-04;5;2025;domingo;18:00;0;0;3;18
2025-05-04;5;2025;domingo;19:00;1;1;3;19
2025-05-04;5;2025;domingo;20:00;0;0;3;20
2025-05-04;5;2025;domingo;21:00;0;0;3;21
2025-05-04;5;2025;domingo;22:00;0;0;3;22
2025-05-04;5;2025;domingo;23:00;0;0;3;23
2025-05-05;5;2025;lunes;00:00:00;1;0;3;0
2025-05-05;5;2025;lunes;01:00;0;0;3;1
2025-05-05;5;2025;lunes;02:00;0;0;3;2
2025-05-05;5;2025;lunes;03:00;0;0;3;3
2025-05-05;5;2025;lunes;04:00;0;0;3;4
2025-05-05;5;2025;lunes;05:00;0;0;3;5
2025-05-05;5;2025;lunes;06:00;0;0;3;6
2025-05-05;5;2025;lunes;07:00;0;0;3;7
2025-05-05;5;2025;lunes;08:00;1;1;2;8
2025-05-05;5;2025;lunes;09:00;0;0;2;9
2025-05-05;5;2025;lunes;10:00;0;0;1;10
2025-05-05;5;2025;lunes;11:00;1;0;1;11
2025-05-05;5;2025;lunes;12:00;0;0;1;12
2025-05-05;5;2025;lunes;13:00;0;0;1;13
2025-05-05;5;2025;lunes;14:00;0;1;2;14
2025-05-05;5;2025;lunes;15:00;1;0;2;15
2025-05-05;5;2025;lunes;16:00;0;0;2;16
2025-05-05;5;2025;lunes;17:00;0;0;2;17
2025-05-05;5;2025;lunes;18:00;0;0;1;18
2025-05-05;5;2025;lunes;19:00;0;0;1;19
2025-05-05;5;2025;lunes;20:00;1;0;1;20
2025-05-05;5;2025;lunes;21:00;0;0;1;21
2025-05-05;5;2025;lunes;22:00;0;0;2;22
2025-05-05;5;2025;lunes;23:00;0;0;2;23
2025-05-06;5;2025;martes;00:00:00;0;0;3;0
2025-05-06;5;2025;martes;01:00;1;0;3;1
2025-05-06;5;2025;martes;02:00;0;0;3;2
2025-05-06;5;2025;martes;03:00;0;0;3;3
2025-05-06;5;2025;martes;04:00;0;0;3;4
2025-05-06;5;2025;martes;05:00;0;1;3;5
2025-05-06;5;2025;martes;06:00;0;0;3;6
2025-05-06;5;2025;martes;07:00;0;0;3;7
2025-05-06;5;2025;martes;08:00;0;0;2;8
2025-05-06;5;2025;martes;09:00;0;0;2;9
2025-05-06;5;2025;martes;10:00;2;0;1;10
2025-05-06;5;2025;martes;11:00;2;0;1;11
2025-05-06;5;2025;martes;12:00;1;0;1;12
2025-05-06;5;2025;martes;13:00;1;1;1;13
2025-05-06;5;2025;martes;14:00;1;0;2;14
2025-05-06;5;2025;martes;15:00;0;0;2;15
2025-05-06;5;2025;martes;16:00;0;0;2;16
2025-05-06;5;2025;martes;17:00;0;0;2;17
2025-05-06;5;2025;martes;18:00;0;0;1;18
2025-05-06;5;2025;martes;19:00;1;0;1;19
2025-05-06;5;2025;martes;20:00;0;0;1;20
2025-05-06;5;2025;martes;21:00;0;0;1;21
2025-05-06;5;2025;martes;22:00;0;0;2;22
2025-05-06;5;2025;martes;23:00;0;0;2;23
2025-05-07;5;2025;miércoles;00:00:00;0;1;3;0
2025-05-07;5;2025;miércoles;01:00;0;0;3;1
2025-05-07;5;2025;miércoles;02:00;1;0;3;2
2025-05-07;5;2025;miércoles;03:00;0;0;3;3
2025-05-07;5;2025;miércoles;04:00;0;0;3;4
2025-05-07;5;2025;miércoles;05:00;0;0;3;5
2025-05-07;5;2025;miércoles;06:00;0;0;3;6
2025-05-07;5;2025;miércoles;07:00;0;0;3;7
2025-05-07;5;2025;miércoles;08:00;0;0;2;8
2025-05-07;5;2025;miércoles;09:00;1;0;2;9
2025-05-07;5;2025;miércoles;10:00;0;0;1;10
2025-05-07;5;2025;miércoles;11:00;1;1;1;11
2025-05-07;5;2025;miércoles;12:00;0;0;1;12
2025-05-07;5;2025;miércoles;13:00;0;0;1;13
2025-05-07;5;2025;miércoles;14:00;1;0;2;14
2025-05-07;5;2025;miércoles;15:00;0;0;2;15
2025-05-07;5;2025;miércoles;16:00;0;0;2;16
2025-05-07;5;2025;miércoles;17:00;1;0;2;17
2025-05-07;5;2025;miércoles;18:00;1;0;1;18
2025-05-07;5;2025;miércoles;19:00;0;0;1;19
2025-05-07;5;2025;miércoles;20:00;0;0;1;20
2025-05-07;5;2025;miércoles;21:00;1;1;1;21
2025-05-07;5;2025;miércoles;22:00;0;0;2;22
2025-05-07;5;2025;miércoles;23:00;0;0;2;23
2025-05-08;5;2025;jueves;00:00:00;0;0;3;0
2025-05-08;5;2025;jueves;01:00;1;0;3;1
2025-05-08;5;2025;jueves;02:00;0;0;3;2
2025-05-08;5;2025;jueves;03:00;0;0;3;3
2025-05-08;5;2025;jueves;04:00;0;0;3;4
2025-05-08;5;2025;jueves;05:00;0;0;3;5
2025-05-08;5;2025;jueves;06:00;0;0;3;6
2025-05-08;5;2025;jueves;07:00;1;1;3;7
2025-05-08;5;2025;jueves;08:00;0;0;2;8
2025-05-08;5;2025;jueves;09:00;1;0;2;9
2025-05-08;5;2025;jueves;10:00;0;0;1;10
2025-05-08;5;2025;jueves;11:00;2;0;1;11
2025-05-08;5;2025;jueves;12:00;1;0;1;12
2025-05-08;5;2025;jueves;13:00;1;0;1;13
2025-05-08;5;2025;jueves;14:00;1;1;2;14
2025-05-08;5;2025;jueves;15:00;1;0;2;15
2025-05-08;5;2025;jueves;16:00;0;1;2;16
2025-05-08;5;2025;jueves;17:00;0;0;2;17
2025-05-08;5;2025;jueves;18:00;0;0;1;18
2025-05-08;5;2025;jueves;19:00;1;0;1;19
2025-05-08;5;2025;jueves;20:00;0;0;1;20
2025-05-08;5;2025;jueves;21:00;0;0;1;21
2025-05-08;5;2025;jueves;22:00;0;0;2;22
2025-05-08;5;2025;jueves;23:00;1;0;2;23
2025-05-09;5;2025;viernes;00:00:00;0;0;3;0
2025-05-09;5;2025;viernes;01:00;0;1;3;1
2025-05-09;5;2025;viernes;02:00;0;0;3;2
2025-05-09;5;2025;viernes;03:00;0;0;3;3
2025-05-09;5;2025;viernes;04:00;0;0;3;4
2025-05-09;5;2025;viernes;05:00;0;0;3;5
2025-05-09;5;2025;viernes;06:00;1;0;3;6
2025-05-09;5;2025;viernes;07:00;0;1;3;7
2025-05-09;5;2025;viernes;08:00;0;0;2;8
2025-05-09;5;2025;viernes;09:00;1;0;2;9
2025-05-09;5;2025;viernes;10:00;1;0;1;10
2025-05-09;5;2025;viernes;11:00;0;0;1;11
2025-05-09;5;2025;viernes;12:00;0;0;1;12
2025-05-09;5;2025;viernes;13:00;2;0;1;13
2025-05-09;5;2025;viernes;14:00;0;0;2;14
2025-05-09;5;2025;viernes;15:00;0;0;2;15
2025-05-09;5;2025;viernes;16:00;0;0;2;16
2025-05-09;5;2025;viernes;17:00;0;1;2;17
2025-05-09;5;2025;viernes;18:00;0;0;1;18
2025-05-09;5;2025;viernes;19:00;0;0;1;19
2025-05-09;5;2025;viernes;20:00;1;0;1;20
2025-05-09;5;2025;viernes;21:00;0;0;1;21
2025-05-09;5;2025;viernes;22:00;0;0;2;22
2025-05-09;5;2025;viernes;23:00;0;0;2;23
2025-05-10;5;2025;sábado;00:00:00;0;0;3;0
2025-05-10;5;2025;sábado;01:00;0;0;3;1
2025-05-10;5;2025;sábado;02:00;1;0;3;2
2025-05-10;5;2025;sábado;03:00;0;1;3;3
2025-05-10;5;2025;sábado;04:00;0;0;3;4
2025-05-10;5;2025;sábado;05:00;0;0;3;5
2025-05-10;5;2025;sábado;06:00;0;0;3;6
2025-05-10;5;2025;sábado;07:00;0;0;3;7
2025-05-10;5;2025;sábado;08:00;0;0;3;8
2025-05-10;5;2025;sábado;09:00;1;0;3;9
2025-05-10;5;2025;sábado;10:00;0;0;3;10
2025-05-10;5;2025;sábado;11:00;2;1;3;11
2025-05-10;5;2025;sábado;12:00;1;0;3;12
2025-05-10;5;2025;sábado;13:00;0;0;3;13
2025-05-10;5;2025;sábado;14:00;0;1;3;14
2025-05-10;5;2025;sábado;15:00;1;0;3;15
2025-05-10;5;2025;sábado;16:00;0;0;3;16
2025-05-10;5;2025;sábado;17:00;0;0;3;17
2025-05-10;5;2025;sábado;18:00;0;0;3;18
2025-05-10;5;2025;sábado;19:00;0;0;3;19
2025-05-10;5;2025;sábado;20:00;1;0;3;20
2025-05-10;5;2025;sábado;21:00;0;0;3;21
2025-05-10;5;2025;sábado;22:00;0;0;3;22
2025-05-10;5;2025;sábado;23:00;0;0;3;23
2025-05-11;5;2025;domingo;00:00:00;0;1;3;0
2025-05-11;5;2025;domingo;01:00;1;0;3;1
2025-05-11;5;2025;domingo;02:00;0;0;3;2
2025-05-11;5;2025;domingo;03:00;0;0;3;3
2025-05-11;5;2025;domingo;04:00;0;0;3;4
2025-05-11;5;2025;domingo;05:00;0;0;3;5
2025-05-11;5;2025;domingo;06:00;0;0;3;6
2025-05-11;5;2025;domingo;07:00;0;0;3;7
2025-05-11;5;2025;domingo;08:00;0;0;3;8
2025-05-11;5;2025;domingo;09:00;1;0;3;9
2025-05-11;5;2025;domingo;10:00;0;0;3;10
2025-05-11;5;2025;domingo;11:00;2;1;3;11
2025-05-11;5;2025;domingo;12:00;0;0;3;12
2025-05-11;5;2025;domingo;13:00;1;0;3;13
2025-05-11;5;2025;domingo;14:00;0;0;3;14
2025-05-11;5;2025;domingo;15:00;0;0;3;15
2025-05-11;5;2025;domingo;16:00;0;0;3;16
2025-05-11;5;2025;domingo;17:00;0;0;3;17
2025-05-11;5;2025;domingo;18:00;1;1;3;18
2025-05-11;5;2025;domingo;19:00;1;0;3;19
2025-05-11;5;2025;domingo;20:00;2;0;3;20
2025-05-11;5;2025;domingo;21:00;0;0;3;21
2025-05-11;5;2025;domingo;22:00;0;0;3;22
2025-05-11;5;2025;domingo;23:00;0;0;3;23
2025-05-12;5;2025;lunes;00:00:00;0;0;3;0
2025-05-12;5;2025;lunes;01:00;0;0;3;1
2025-05-12;5;2025;lunes;02:00;1;1;3;2
2025-05-12;5;2025;lunes;03:00;0;0;3;3
2025-05-12;5;2025;lunes;04:00;0;0;3;4
2025-05-12;5;2025;lunes;05:00;0;0;3;5
2025-05-12;5;2025;lunes;06:00;0;0;3;6
2025-05-12;5;2025;lunes;07:00;0;0;3;7
2025-05-12;5;2025;lunes;08:00;0;0;2;8
2025-05-12;5;2025;lunes;09:00;1;0;2;9
2025-05-12;5;2025;lunes;10:00;0;0;1;10
2025-05-12;5;2025;lunes;11:00;0;0;1;11
2025-05-12;5;2025;lunes;12:00;0;0;1;12
2025-05-12;5;2025;lunes;13:00;0;0;1;13
2025-05-12;5;2025;lunes;14:00;1;1;2;14
2025-05-12;5;2025;lunes;15:00;0;0;2;15
2025-05-12;5;2025;lunes;16:00;0;0;2;16
2025-05-12;5;2025;lunes;17:00;0;0;2;17
2025-05-12;5;2025;lunes;18:00;0;0;1;18
2025-05-12;5;2025;lunes;19:00;1;0;1;19
2025-05-12;5;2025;lunes;20:00;0;0;1;20
2025-05-12;5;2025;lunes;21:00;1;0;1;21
2025-05-12;5;2025;lunes;22:00;0;0;2;22
2025-05-12;5;2025;lunes;23:00;0;1;2;23
2025-05-13;5;2025;martes;00:00:00;0;0;3;0
2025-05-13;5;2025;martes;01:00;0;0;3;1
2025-05-13;5;2025;martes;02:00;0;0;3;2
2025-05-13;5;2025;martes;03:00;0;0;3;3
2025-05-13;5;2025;martes;04:00;1;0;3;4
2025-05-13;5;2025;martes;05:00;0;0;3;5
2025-05-13;5;2025;martes;06:00;0;0;3;6
2025-05-13;5;2025;martes;07:00;0;0;3;7
2025-05-13;5;2025;martes;08:00;0;0;2;8
2025-05-13;5;2025;martes;09:00;1;1;2;9
2025-05-13;5;2025;martes;10:00;0;0;1;10
2025-05-13;5;2025;martes;11:00;1;0;1;11
2025-05-13;5;2025;martes;12:00;1;0;1;12
2025-05-13;5;2025;martes;13:00;0;0;1;13
2025-05-13;5;2025;martes;14:00;1;0;2;14
2025-05-13;5;2025;martes;15:00;0;0;2;15
2025-05-13;5;2025;martes;16:00;1;0;2;16
2025-05-13;5;2025;martes;17:00;0;1;2;17
2025-05-13;5;2025;martes;18:00;1;0;1;18
2025-05-13;5;2025;martes;19:00;1;1;1;19
2025-05-13;5;2025;martes;20:00;1;0;1;20
2025-05-13;5;2025;martes;21:00;0;0;1;21
2025-05-13;5;2025;martes;22:00;0;0;2;22
2025-05-13;5;2025;martes;23:00;0;0;2;23
2025-05-14;5;2025;miércoles;00:00:00;1;1;3;0
2025-05-14;5;2025;miércoles;01:00;0;0;3;1
2025-05-14;5;2025;miércoles;02:00;0;0;3;2
2025-05-14;5;2025;miércoles;03:00;0;0;3;3
2025-05-14;5;2025;miércoles;04:00;0;0;3;4
2025-05-14;5;2025;miércoles;05:00;0;0;3;5
2025-05-14;5;2025;miércoles;06:00;1;0;3;6
2025-05-14;5;2025;miércoles;07:00;1;0;3;7
2025-05-14;5;2025;miércoles;08:00;0;0;2;8
2025-05-14;5;2025;miércoles;09:00;0;1;2;9
2025-05-14;5;2025;miércoles;10:00;0;0;1;10
2025-05-14;5;2025;miércoles;11:00;1;0;1;11
2025-05-14;5;2025;miércoles;12:00;0;0;1;12
2025-05-14;5;2025;miércoles;13:00;1;0;1;13
2025-05-14;5;2025;miércoles;14:00;0;0;2;14
2025-05-14;5;2025;miércoles;15:00;0;0;2;15
2025-05-14;5;2025;miércoles;16:00;0;0;2;16
2025-05-14;5;2025;miércoles;17:00;1;0;2;17
2025-05-14;5;2025;miércoles;18:00;0;0;1;18
2025-05-14;5;2025;miércoles;19:00;0;0;1;19
2025-05-14;5;2025;miércoles;20:00;0;1;1;20
2025-05-14;5;2025;miércoles;21:00;1;0;1;21
2025-05-14;5;2025;miércoles;22:00;0;0;2;22
2025-05-14;5;2025;miércoles;23:00;0;0;2;23
2025-05-15;5;2025;jueves;00:00:00;0;0;3;0
2025-05-15;5;2025;jueves;01:00;0;0;3;1
2025-05-15;5;2025;jueves;02:00;1;0;3;2
2025-05-15;5;2025;jueves;03:00;0;0;3;3
2025-05-15;5;2025;jueves;04:00;0;0;3;4
2025-05-15;5;2025;jueves;05:00;0;0;3;5
2025-05-15;5;2025;jueves;06:00;0;0;3;6
2025-05-15;5;2025;jueves;07:00;0;0;3;7
2025-05-15;5;2025;jueves;08:00;0;1;2;8
2025-05-15;5;2025;jueves;09:00;1;0;2;9
2025-05-15;5;2025;jueves;10:00;1;0;1;10
2025-05-15;5;2025;jueves;11:00;1;0;1;11
2025-05-15;5;2025;jueves;12:00;1;0;1;12
2025-05-15;5;2025;jueves;13:00;0;1;1;13
2025-05-15;5;2025;jueves;14:00;0.51;0.51;2;14
2025-05-15;5;2025;jueves;15:00;0.49;0.49;2;15
2025-05-15;5;2025;jueves;16:00;0;0;2;16
2025-05-15;5;2025;jueves;17:00;0;0;2;17
2025-05-15;5;2025;jueves;18:00;0;0;1;18
2025-05-15;5;2025;jueves;19:00;1;0;1;19
2025-05-15;5;2025;jueves;20:00;0;0;1;20
2025-05-15;5;2025;jueves;21:00;0;0;1;21
2025-05-15;5;2025;jueves;22:00;1;1;2;22
2025-05-15;5;2025;jueves;23:00;0;0;2;23
2025-05-16;5;2025;viernes;00:00:00;0;0;3;0
2025-05-16;5;2025;viernes;01:00;0;0;3;1
2025-05-16;5;2025;viernes;02:00;0;0;3;2
2025-05-16;5;2025;viernes;03:00;0;0;3;3
2025-05-16;5;2025;viernes;04:00;0;0;3;4
2025-05-16;5;2025;viernes;05:00;0;0;3;5
2025-05-16;5;2025;viernes;06:00;1;0;3;6
2025-05-16;5;2025;viernes;07:00;1;0;3;7
2025-05-16;5;2025;viernes;08:00;1;1;2;8
2025-05-16;5;2025;viernes;09:00;0;0;2;9
2025-05-16;5;2025;viernes;10:00;0;0;1;10
2025-05-16;5;2025;viernes;11:00;1;1;1;11
2025-05-16;5;2025;viernes;12:00;0;0;1;12
2025-05-16;5;2025;viernes;13:00;1;0;1;13
2025-05-16;5;2025;viernes;14:00;0;0;2;14
2025-05-16;5;2025;viernes;15:00;0;0;2;15
2025-05-16;5;2025;viernes;16:00;0;0;2;16
2025-05-16;5;2025;viernes;17:00;0;0;2;17
2025-05-16;5;2025;viernes;18:00;0;0;1;18
2025-05-16;5;2025;viernes;19:00;1;0;1;19
2025-05-16;5;2025;viernes;20:00;0;0;1;20
2025-05-16;5;2025;viernes;21:00;0;0;1;21
2025-05-16;5;2025;viernes;22:00;0;0;2;22
2025-05-16;5;2025;viernes;23:00;0;1;2;23
2025-05-17;5;2025;sábado;00:00:00;0;0;3;0
2025-05-17;5;2025;sábado;01:00;1;0;3;1
2025-05-17;5;2025;sábado;02:00;0;0;3;2
2025-05-17;5;2025;sábado;03:00;0;0;3;3
2025-05-17;5;2025;sábado;04:00;0;0;3;4
2025-05-17;5;2025;sábado;05:00;0;0;3;5
2025-05-17;5;2025;sábado;06:00;0;0;3;6
2025-05-17;5;2025;sábado;07:00;0;0;3;7
2025-05-17;5;2025;sábado;08:00;1;0;3;8
2025-05-17;5;2025;sábado;09:00;0;1;3;9
2025-05-17;5;2025;sábado;10:00;1;0;3;10
2025-05-17;5;2025;sábado;11:00;3;1;3;11
2025-05-17;5;2025;sábado;12:00;1;0;3;12
2025-05-17;5;2025;sábado;13:00;1;0;3;13
2025-05-17;5;2025;sábado;14:00;0;1;3;14
2025-05-17;5;2025;sábado;15:00;1;0;3;15
2025-05-17;5;2025;sábado;16:00;1;0;3;16
2025-05-17;5;2025;sábado;17:00;0;0;3;17
2025-05-17;5;2025;sábado;18:00;0;1;3;18
2025-05-17;5;2025;sábado;19:00;1;0;3;19
2025-05-17;5;2025;sábado;20:00;1;0;3;20
2025-05-17;5;2025;sábado;21:00;1;0;3;21
2025-05-17;5;2025;sábado;22:00;0;1;3;22
2025-05-17;5;2025;sábado;23:00;0;0;3;23
2025-05-18;5;2025;domingo;00:00:00;0;0;3;0
2025-05-18;5;2025;domingo;01:00;1;0;3;1
2025-05-18;5;2025;domingo;02:00;0;0;3;2
2025-05-18;5;2025;domingo;03:00;0;0;3;3
2025-05-18;5;2025;domingo;04:00;0;0;3;4
2025-05-18;5;2025;domingo;05:00;0;1;3;5
2025-05-18;5;2025;domingo;06:00;0;0;3;6
2025-05-18;5;2025;domingo;07:00;0;0;3;7
2025-05-18;5;2025;domingo;08:00;1;0;3;8
2025-05-18;5;2025;domingo;09:00;0;0;3;9
2025-05-18;5;2025;domingo;10:00;0;0;3;10
2025-05-18;5;2025;domingo;11:00;1;1;3;11
2025-05-18;5;2025;domingo;12:00;0;0;3;12
2025-05-18;5;2025;domingo;13:00;1;0;3;13
2025-05-18;5;2025;domingo;14:00;0;0;3;14
2025-05-18;5;2025;domingo;15:00;1;0;3;15
2025-05-18;5;2025;domingo;16:00;0;0;3;16
2025-05-18;5;2025;domingo;17:00;0;0;3;17
2025-05-18;5;2025;domingo;18:00;0;1;3;18
2025-05-18;5;2025;domingo;19:00;1;0;3;19
2025-05-18;5;2025;domingo;20:00;0;0;3;20
2025-05-18;5;2025;domingo;21:00;0;0;3;21
2025-05-18;5;2025;domingo;22:00;0;0;3;22
2025-05-18;5;2025;domingo;23:00;0;0;3;23
2025-05-19;5;2025;lunes;00:00:00;0;0;3;0
2025-05-19;5;2025;lunes;01:00;1;0;3;1
2025-05-19;5;2025;lunes;02:00;0;0;3;2
2025-05-19;5;2025;lunes;03:00;0;0;3;3
2025-05-19;5;2025;lunes;04:00;0;1;3;4
2025-05-19;5;2025;lunes;05:00;0;0;3;5
2025-05-19;5;2025;lunes;06:00;0;0;3;6
2025-05-19;5;2025;lunes;07:00;0;0;3;7
2025-05-19;5;2025;lunes;08:00;1;0;2;8
2025-05-19;5;2025;lunes;09:00;0;0;2;9
2025-05-19;5;2025;lunes;10:00;2;1;1;10
2025-05-19;5;2025;lunes;11:00;2;0;1;11
2025-05-19;5;2025;lunes;12:00;0;0;1;12
2025-05-19;5;2025;lunes;13:00;0;0;1;13
2025-05-19;5;2025;lunes;14:00;1;0;2;14
2025-05-19;5;2025;lunes;15:00;0;0;2;15
2025-05-19;5;2025;lunes;16:00;0;0;2;16
2025-05-19;5;2025;lunes;17:00;0;0;2;17
2025-05-19;5;2025;lunes;18:00;1;1;1;18
2025-05-19;5;2025;lunes;19:00;1;0;1;19
2025-05-19;5;2025;lunes;20:00;1;0;1;20
2025-05-19;5;2025;lunes;21:00;1;1;1;21
2025-05-19;5;2025;lunes;22:00;0;0;2;22
2025-05-19;5;2025;lunes;23:00;0;0;2;23
2025-05-20;5;2025;martes;00:00:00;1;0;3;0
2025-05-20;5;2025;martes;01:00;0;0;3;1
2025-05-20;5;2025;martes;02:00;0;0;3;2
2025-05-20;5;2025;martes;03:00;0;1;3;3
2025-05-20;5;2025;martes;04:00;0;0;3;4
2025-05-20;5;2025;martes;05:00;0;0;3;5
2025-05-20;5;2025;martes;06:00;0;0;3;6
2025-05-20;5;2025;martes;07:00;1;0;3;7
2025-05-20;5;2025;martes;08:00;0;0;2;8
2025-05-20;5;2025;martes;09:00;0;0;2;9
2025-05-20;5;2025;martes;10:00;1;0;1;10
2025-05-20;5;2025;martes;11:00;0;0;1;11
2025-05-20;5;2025;martes;12:00;0;1;1;12
2025-05-20;5;2025;martes;13:00;1;0;1;13
2025-05-20;5;2025;martes;14:00;0;0;2;14
2025-05-20;5;2025;martes;15:00;0;0;2;15
2025-05-20;5;2025;martes;16:00;0;0;2;16
2025-05-20;5;2025;martes;17:00;1;0;2;17
2025-05-20;5;2025;martes;18:00;0;0;1;18
2025-05-20;5;2025;martes;19:00;0;0;1;19
2025-05-20;5;2025;martes;20:00;1;1;1;20
2025-05-20;5;2025;martes;21:00;0;0;1;21
2025-05-20;5;2025;martes;22:00;0;0;2;22
2025-05-20;5;2025;martes;23:00;0;0;2;23
2025-05-21;5;2025;miércoles;00:00:00;1;0;3;0
2025-05-21;5;2025;miércoles;01:00;0;0;3;1
2025-05-21;5;2025;miércoles;02:00;0;0;3;2
2025-05-21;5;2025;miércoles;03:00;0;0;3;3
2025-05-21;5;2025;miércoles;04:00;0;0;3;4
2025-05-21;5;2025;miércoles;05:00;0;0;3;5
2025-05-21;5;2025;miércoles;06:00;0;1;3;6
2025-05-21;5;2025;miércoles;07:00;1;0;3;7
2025-05-21;5;2025;miércoles;08:00;0;0;2;8
2025-05-21;5;2025;miércoles;09:00;0;0;2;9
2025-05-21;5;2025;miércoles;10:00;1;0;1;10
2025-05-21;5;2025;miércoles;11:00;0;0;1;11
2025-05-21;5;2025;miércoles;12:00;1;0;1;12
2025-05-21;5;2025;miércoles;13:00;1;0;1;13
2025-05-21;5;2025;miércoles;14:00;0;0;2;14
2025-05-21;5;2025;miércoles;15:00;0;1;2;15
2025-05-21;5;2025;miércoles;16:00;0;0;2;16
2025-05-21;5;2025;miércoles;17:00;1;0;2;17
2025-05-21;5;2025;miércoles;18:00;0;0;1;18
2025-05-21;5;2025;miércoles;19:00;0;0;1;19
2025-05-21;5;2025;miércoles;20:00;1;0;1;20
2025-05-21;5;2025;miércoles;21:00;0;0;1;21
2025-05-21;5;2025;miércoles;22:00;1;1;2;22
2025-05-21;5;2025;miércoles;23:00;0;0;2;23
2025-05-22;5;2025;jueves;00:00:00;0;0;3;0
2025-05-22;5;2025;jueves;01:00;0;0;3;1
2025-05-22;5;2025;jueves;02:00;0;0;3;2
2025-05-22;5;2025;jueves;03:00;0;0;3;3
2025-05-22;5;2025;jueves;04:00;1;0;3;4
2025-05-22;5;2025;jueves;05:00;0;0;3;5
2025-05-22;5;2025;jueves;06:00;0;0;3;6
2025-05-22;5;2025;jueves;07:00;0;1;3;7
2025-05-22;5;2025;jueves;08:00;0;0;2;8
2025-05-22;5;2025;jueves;09:00;1;0;2;9
2025-05-22;5;2025;jueves;10:00;0;0;1;10
2025-05-22;5;2025;jueves;11:00;1;0;1;11
2025-05-22;5;2025;jueves;12:00;0;0;1;12
2025-05-22;5;2025;jueves;13:00;1;0;1;13
2025-05-22;5;2025;jueves;14:00;1;1;2;14
2025-05-22;5;2025;jueves;15:00;0;0;2;15
2025-05-22;5;2025;jueves;16:00;1;0;2;16
2025-05-22;5;2025;jueves;17:00;0;0;2;17
2025-05-22;5;2025;jueves;18:00;0;1;1;18
2025-05-22;5;2025;jueves;19:00;1;0;1;19
2025-05-22;5;2025;jueves;20:00;1;0;1;20
2025-05-22;5;2025;jueves;21:00;0;0;1;21
2025-05-22;5;2025;jueves;22:00;0;0;2;22
2025-05-22;5;2025;jueves;23:00;0;0;2;23
2025-05-23;5;2025;viernes;00:00:00;1;0;3;0
2025-05-23;5;2025;viernes;01:00;0;1;3;1
2025-05-23;5;2025;viernes;02:00;0;0;3;2
2025-05-23;5;2025;viernes;03:00;0;0;3;3
2025-05-23;5;2025;viernes;04:00;0;0;3;4
2025-05-23;5;2025;viernes;05:00;0;0;3;5
2025-05-23;5;2025;viernes;06:00;0;0;3;6
2025-05-23;5;2025;viernes;07:00;1;0;3;7
2025-05-23;5;2025;viernes;08:00;0;0;2;8
2025-05-23;5;2025;viernes;09:00;2;1;2;9
2025-05-23;5;2025;viernes;10:00;0;0;1;10
2025-05-23;5;2025;viernes;11:00;1;0;1;11
2025-05-23;5;2025;viernes;12:00;0;0;1;12
2025-05-23;5;2025;viernes;13:00;0;0;1;13
2025-05-23;5;2025;viernes;14:00;0;0;2;14
2025-05-23;5;2025;viernes;15:00;0;1;2;15
2025-05-23;5;2025;viernes;16:00;1;0;2;16
2025-05-23;5;2025;viernes;17:00;0;0;2;17
2025-05-23;5;2025;viernes;18:00;0;0;1;18
2025-05-23;5;2025;viernes;19:00;0;0;1;19
2025-05-23;5;2025;viernes;20:00;0;0;1;20
2025-05-23;5;2025;viernes;21:00;1;0;1;21
2025-05-23;5;2025;viernes;22:00;0;0;2;22
2025-05-23;5;2025;viernes;23:00;0;0;2;23
2025-05-24;5;2025;sábado;00:00:00;0;0;3;0
2025-05-24;5;2025;sábado;01:00;0;0;3;1
2025-05-24;5;2025;sábado;02:00;0;1;3;2
2025-05-24;5;2025;sábado;03:00;1;0;3;3
2025-05-24;5;2025;sábado;04:00;0;0;3;4
2025-05-24;5;2025;sábado;05:00;0;0;3;5
2025-05-24;5;2025;sábado;06:00;0;0;3;6
2025-05-24;5;2025;sábado;07:00;0;0;3;7
2025-05-24;5;2025;sábado;08:00;1;1;3;8
2025-05-24;5;2025;sábado;09:00;0;0;3;9
2025-05-24;5;2025;sábado;10:00;1;1;3;10
2025-05-24;5;2025;sábado;11:00;0;0;3;11
2025-05-24;5;2025;sábado;12:00;0;0;3;12
2025-05-24;5;2025;sábado;13:00;1;0;3;13
2025-05-24;5;2025;sábado;14:00;0;0;3;14
2025-05-24;5;2025;sábado;15:00;0;0;3;15
2025-05-24;5;2025;sábado;16:00;1;0;3;16
2025-05-24;5;2025;sábado;17:00;0;0;3;17
2025-05-24;5;2025;sábado;18:00;0;0;3;18
2025-05-24;5;2025;sábado;19:00;0;1;3;19
2025-05-24;5;2025;sábado;20:00;0;0;3;20
2025-05-24;5;2025;sábado;21:00;1;0;3;21
2025-05-24;5;2025;sábado;22:00;0;0;3;22
2025-05-24;5;2025;sábado;23:00;0;0;3;23
2025-05-25;5;2025;domingo;00:00:00;0;0;3;0
2025-05-25;5;2025;domingo;01:00;0;0;3;1
2025-05-25;5;2025;domingo;02:00;1;0;3;2
2025-05-25;5;2025;domingo;03:00;0;0;3;3
2025-05-25;5;2025;domingo;04:00;0;0;3;4
2025-05-25;5;2025;domingo;05:00;0;1;3;5
2025-05-25;5;2025;domingo;06:00;0;0;3;6
2025-05-25;5;2025;domingo;07:00;0;0;3;7
2025-05-25;5;2025;domingo;08:00;0;0;3;8
2025-05-25;5;2025;domingo;09:00;1;0;3;9
2025-05-25;5;2025;domingo;10:00;0;0;3;10
2025-05-25;5;2025;domingo;11:00;0;0;3;11
2025-05-25;5;2025;domingo;12:00;1;0;3;12
2025-05-25;5;2025;domingo;13:00;0;1;3;13
2025-05-25;5;2025;domingo;14:00;1;0;3;14
2025-05-25;5;2025;domingo;15:00;0;0;3;15
2025-05-25;5;2025;domingo;16:00;0;0;3;16
2025-05-25;5;2025;domingo;17:00;0;0;3;17
2025-05-25;5;2025;domingo;18:00;0;0;3;18
2025-05-25;5;2025;domingo;19:00;0;0;3;19
2025-05-25;5;2025;domingo;20:00;1;0;3;20
2025-05-25;5;2025;domingo;21:00;0;0;3;21
2025-05-25;5;2025;domingo;22:00;0;0;3;22
2025-05-25;5;2025;domingo;23:00;0;0;3;23
2025-05-26;5;2025;lunes;00:00:00;0;1;3;0
2025-05-26;5;2025;lunes;01:00;1;0;3;1
2025-05-26;5;2025;lunes;02:00;0;0;3;2
2025-05-26;5;2025;lunes;03:00;0;0;3;3
2025-05-26;5;2025;lunes;04:00;0;0;3;4
2025-05-26;5;2025;lunes;05:00;0;0;3;5
2025-05-26;5;2025;lunes;06:00;0;0;3;6
2025-05-26;5;2025;lunes;07:00;1;0;3;7
2025-05-26;5;2025;lunes;08:00;0;1;2;8
2025-05-26;5;2025;lunes;09:00;1;0;2;9
2025-05-26;5;2025;lunes;10:00;0;1;1;10
2025-05-26;5;2025;lunes;11:00;2;1;1;11
2025-05-26;5;2025;lunes;12:00;1;1;1;12
2025-05-26;5;2025;lunes;13:00;1;0;1;13
2025-05-26;5;2025;lunes;14:00;0;0;2;14
2025-05-26;5;2025;lunes;15:00;1;0;2;15
2025-05-26;5;2025;lunes;16:00;0;0;2;16
2025-05-26;5;2025;lunes;17:00;0;0;2;17
2025-05-26;5;2025;lunes;18:00;1;0;1;18
2025-05-26;5;2025;lunes;19:00;0;0;1;19
2025-05-26;5;2025;lunes;20:00;0;1;1;20
2025-05-26;5;2025;lunes;21:00;0;0;1;21
2025-05-26;5;2025;lunes;22:00;1;0;2;22
2025-05-26;5;2025;lunes;23:00;0;0;2;23
2025-05-27;5;2025;martes;00:00:00;0;0;3;0
2025-05-27;5;2025;martes;01:00;0;0;3;1
2025-05-27;5;2025;martes;02:00;0;0;3;2
2025-05-27;5;2025;martes;03:00;1;0;3;3
2025-05-27;5;2025;martes;04:00;0;0;3;4
2025-05-27;5;2025;martes;05:00;0;1;3;5
2025-05-27;5;2025;martes;06:00;0;0;3;6
2025-05-27;5;2025;martes;07:00;0;0;3;7
2025-05-27;5;2025;martes;08:00;1;1;2;8
2025-05-27;5;2025;martes;09:00;1;0;2;9
2025-05-27;5;2025;martes;10:00;1;0;1;10
2025-05-27;5;2025;martes;11:00;1;1;1;11
2025-05-27;5;2025;martes;12:00;0;0;1;12
2025-05-27;5;2025;martes;13:00;0;0;1;13
2025-05-27;5;2025;martes;14:00;0;0;2;14
2025-05-27;5;2025;martes;15:00;0;0;2;15
2025-05-27;5;2025;martes;16:00;0;0;2;16
2025-05-27;5;2025;martes;17:00;0;0;2;17
2025-05-27;5;2025;martes;18:00;1;0;1;18
2025-05-27;5;2025;martes;19:00;0;0;1;19
2025-05-27;5;2025;martes;20:00;0;1;1;20
2025-05-27;5;2025;martes;21:00;0;0;1;21
2025-05-27;5;2025;martes;22:00;0;0;2;22
2025-05-27;5;2025;martes;23:00;1;0;2;23
2025-05-28;5;2025;miércoles;00:00:00;0;0;3;0
2025-05-28;5;2025;miércoles;01:00;0;0;3;1
2025-05-28;5;2025;miércoles;02:00;0;0;3;2
2025-05-28;5;2025;miércoles;03:00;0;0;3;3
2025-05-28;5;2025;miércoles;04:00;1;0;3;4
2025-05-28;5;2025;miércoles;05:00;0;0;3;5
2025-05-28;5;2025;miércoles;06:00;0;1;3;6
2025-05-28;5;2025;miércoles;07:00;0;0;3;7
2025-05-28;5;2025;miércoles;08:00;0;0;2;8
2025-05-28;5;2025;miércoles;09:00;1;0;2;9
2025-05-28;5;2025;miércoles;10:00;0;0;1;10
2025-05-28;5;2025;miércoles;11:00;0;0;1;11
2025-05-28;5;2025;miércoles;12:00;1;0;1;12
2025-05-28;5;2025;miércoles;13:00;0;0;1;13
2025-05-28;5;2025;miércoles;14:00;1;1;2;14
2025-05-28;5;2025;miércoles;15:00;0;0;2;15
2025-05-28;5;2025;miércoles;16:00;0;0;2;16
2025-05-28;5;2025;miércoles;17:00;0;0;2;17
2025-05-28;5;2025;miércoles;18:00;0;0;1;18
2025-05-28;5;2025;miércoles;19:00;1;0;1;19
2025-05-28;5;2025;miércoles;20:00;1;1;1;20
2025-05-28;5;2025;miércoles;21:00;0;0;1;21
2025-05-28;5;2025;miércoles;22:00;0;0;2;22
2025-05-28;5;2025;miércoles;23:00;1;0;2;23
2025-05-29;5;2025;jueves;00:00:00;0;1;3;0
2025-05-29;5;2025;jueves;01:00;0;0;3;1
2025-05-29;5;2025;jueves;02:00;0;0;3;2
2025-05-29;5;2025;jueves;03:00;0;0;3;3
2025-05-29;5;2025;jueves;04:00;1;0;3;4
2025-05-29;5;2025;jueves;05:00;0;0;3;5
2025-05-29;5;2025;jueves;06:00;0;0;3;6
2025-05-29;5;2025;jueves;07:00;0;0;3;7
2025-05-29;5;2025;jueves;08:00;1;1;2;8
2025-05-29;5;2025;jueves;09:00;0;0;2;9
2025-05-29;5;2025;jueves;10:00;1;0;1;10
2025-05-29;5;2025;jueves;11:00;0;0;1;11
2025-05-29;5;2025;jueves;12:00;1;1;1;12
2025-05-29;5;2025;jueves;13:00;0;0;1;13
2025-05-29;5;2025;jueves;14:00;0;0;2;14
2025-05-29;5;2025;jueves;15:00;0;0;2;15
2025-05-29;5;2025;jueves;16:00;1;0;2;16
2025-05-29;5;2025;jueves;17:00;0;0;2;17
2025-05-29;5;2025;jueves;18:00;0;0;1;18
2025-05-29;5;2025;jueves;19:00;0;1;1;19
2025-05-29;5;2025;jueves;20:00;1;0;1;20
2025-05-29;5;2025;jueves;21:00;0;0;1;21
2025-05-29;5;2025;jueves;22:00;0;0;2;22
2025-05-29;5;2025;jueves;23:00;1;0;2;23
2025-05-30;5;2025;viernes;00:00:00;0;0;3;0
2025-05-30;5;2025;viernes;01:00;0;0;3;1
2025-05-30;5;2025;viernes;02:00;0;0;3;2
2025-05-30;5;2025;viernes;03:00;0;1;3;3
2025-05-30;5;2025;viernes;04:00;1;0;3;4
2025-05-30;5;2025;viernes;05:00;0;0;3;5
2025-05-30;5;2025;viernes;06:00;0;0;3;6
2025-05-30;5;2025;viernes;07:00;0;0;3;7
2025-05-30;5;2025;viernes;08:00;1;0;2;8
2025-05-30;5;2025;viernes;09:00;0;1;2;9
2025-05-30;5;2025;viernes;10:00;1;0;1;10
2025-05-30;5;2025;viernes;11:00;0;0;1;11
2025-05-30;5;2025;viernes;12:00;0;0;1;12
2025-05-30;5;2025;viernes;13:00;1;0;1;13
2025-05-30;5;2025;viernes;14:00;1;0;2;14
2025-05-30;5;2025;viernes;15:00;0;0;2;15
2025-05-30;5;2025;viernes;16:00;0;0;2;16
2025-05-30;5;2025;viernes;17:00;0;1;2;17
2025-05-30;5;2025;viernes;18:00;1;0;1;18
2025-05-30;5;2025;viernes;19:00;0;0;1;19
2025-05-30;5;2025;viernes;20:00;0;0;1;20
2025-05-30;5;2025;viernes;21:00;1;0;1;21
2025-05-30;5;2025;viernes;22:00;0;0;2;22
2025-05-30;5;2025;viernes;23:00;0;0;2;23
2025-05-31;5;2025;sábado;00:00:00;0;0;3;0
2025-05-31;5;2025;sábado;01:00;0;0;3;1
2025-05-31;5;2025;sábado;02:00;1;0;3;2
2025-05-31;5;2025;sábado;03:00;0;1;3;3
2025-05-31;5;2025;sábado;04:00;0;0;3;4
2025-05-31;5;2025;sábado;05:00;0;0;3;5
2025-05-31;5;2025;sábado;06:00;0;0;3;6
2025-05-31;5;2025;sábado;07:00;1;0;3;7
2025-05-31;5;2025;sábado;08:00;0;0;3;8
2025-05-31;5;2025;sábado;09:00;0;0;3;9
2025-05-31;5;2025;sábado;10:00;1;0;3;10
2025-05-31;5;2025;sábado;11:00;0;1;3;11
2025-05-31;5;2025;sábado;12:00;1;0;3;12
2025-05-31;5;2025;sábado;13:00;1;0;3;13
2025-05-31;5;2025;sábado;14:00;1;0;3;14
2025-05-31;5;2025;sábado;15:00;0;0;3;15
2025-05-31;5;2025;sábado;16:00;1;1;3;16
2025-05-31;5;2025;sábado;17:00;0;0;3;17
2025-05-31;5;2025;sábado;18:00;0;0;3;18
2025-05-31;5;2025;sábado;19:00;1;0;3;19
2025-05-31;5;2025;sábado;20:00;1;1;3;20
2025-05-31;5;2025;sábado;21:00;0;0;3;21
2025-05-31;5;2025;sábado;22:00;1;0;3;22
2025-05-31;5;2025;sábado;23:00;0;1;3;23
2025-06-01;6;2025;domingo;00:00:00;1;0;3;0
2025-06-01;6;2025;domingo;01:00;0;0;3;1
2025-06-01;6;2025;domingo;02:00;0;0;3;2
2025-06-01;6;2025;domingo;03:00;0;0;3;3
2025-06-01;6;2025;domingo;04:00;1;0;3;4
2025-06-01;6;2025;domingo;05:00;0;1;3;5
2025-06-01;6;2025;domingo;06:00;0;0;3;6
2025-06-01;6;2025;domingo;07:00;1;0;3;7
2025-06-01;6;2025;domingo;08:00;0;0;3;8
2025-06-01;6;2025;domingo;09:00;1;0;3;9
2025-06-01;6;2025;domingo;10:00;1;1;3;10
2025-06-01;6;2025;domingo;11:00;0;0;3;11
2025-06-01;6;2025;domingo;12:00;2;0;3;12
2025-06-01;6;2025;domingo;13:00;1;0;3;13
2025-06-01;6;2025;domingo;14:00;0;1;3;14
2025-06-01;6;2025;domingo;15:00;0;0;3;15
2025-06-01;6;2025;domingo;16:00;1;0;3;16
2025-06-01;6;2025;domingo;17:00;0;0;3;17
2025-06-01;6;2025;domingo;18:00;1;0;3;18
2025-06-01;6;2025;domingo;19:00;0;0;3;19
2025-06-01;6;2025;domingo;20:00;0;1;3;20
2025-06-01;6;2025;domingo;21:00;0;0;3;21
2025-06-01;6;2025;domingo;22:00;1;0;3;22
2025-06-01;6;2025;domingo;23:00;0;0;3;23
2025-06-02;6;2025;lunes;00:00:00;1;0;3;0
2025-06-02;6;2025;lunes;01:00;0;0;3;1
2025-06-02;6;2025;lunes;02:00;0;1;3;2
2025-06-02;6;2025;lunes;03:00;0;0;3;3
2025-06-02;6;2025;lunes;04:00;1;0;3;4
2025-06-02;6;2025;lunes;05:00;0;0;3;5
2025-06-02;6;2025;lunes;06:00;0;0;3;6
2025-06-02;6;2025;lunes;07:00;1;0;3;7
2025-06-02;6;2025;lunes;08:00;0;1;2;8
2025-06-02;6;2025;lunes;09:00;1;0;2;9
2025-06-02;6;2025;lunes;10:00;0;0;1;10
2025-06-02;6;2025;lunes;11:00;1;0;1;11
2025-06-02;6;2025;lunes;12:00;0;0;1;12
2025-06-02;6;2025;lunes;13:00;1;1;1;13
2025-06-02;6;2025;lunes;14:00;0;0;2;14
2025-06-02;6;2025;lunes;15:00;1;1;2;15
2025-06-02;6;2025;lunes;16:00;0;0;2;16
2025-06-02;6;2025;lunes;17:00;0;0;2;17
2025-06-02;6;2025;lunes;18:00;1;0;1;18
2025-06-02;6;2025;lunes;19:00;0;0;1;19
2025-06-02;6;2025;lunes;20:00;0;0;1;20
2025-06-02;6;2025;lunes;21:00;1;1;1;21
2025-06-02;6;2025;lunes;22:00;0;0;2;22
2025-06-02;6;2025;lunes;23:00;0;0;2;23
2025-06-03;6;2025;martes;00:00:00;0;0;3;0
2025-06-03;6;2025;martes;01:00;1;0;3;1
2025-06-03;6;2025;martes;02:00;0;0;3;2
2025-06-03;6;2025;martes;03:00;0;1;3;3
2025-06-03;6;2025;martes;04:00;0;0;3;4
2025-06-03;6;2025;martes;05:00;1;0;3;5
2025-06-03;6;2025;martes;06:00;0;0;3;6
2025-06-03;6;2025;martes;07:00;0;0;3;7
2025-06-03;6;2025;martes;08:00;1;0;2;8
2025-06-03;6;2025;martes;09:00;0;0;2;9
2025-06-03;6;2025;martes;10:00;1;1;1;10
2025-06-03;6;2025;martes;11:00;1;0;1;11
2025-06-03;6;2025;martes;12:00;1;0;1;12
2025-06-03;6;2025;martes;13:00;0;1;1;13
2025-06-03;6;2025;martes;14:00;0;0;2;14
2025-06-03;6;2025;martes;15:00;1;0;2;15
2025-06-03;6;2025;martes;16:00;0;0;2;16
2025-06-03;6;2025;martes;17:00;0;0;2;17
2025-06-03;6;2025;martes;18:00;1;1;1;18
2025-06-03;6;2025;martes;19:00;0;0;1;19
2025-06-03;6;2025;martes;20:00;1;0;1;20
2025-06-03;6;2025;martes;21:00;0;0;1;21
2025-06-03;6;2025;martes;22:00;0;0;2;22
2025-06-03;6;2025;martes;23:00;1;0;2;23
2025-06-04;6;2025;miércoles;00:00:00;0;0;3;0
2025-06-04;6;2025;miércoles;01:00;0;0;3;1
2025-06-04;6;2025;miércoles;02:00;0;1;3;2
2025-06-04;6;2025;miércoles;03:00;0;0;3;3
2025-06-04;6;2025;miércoles;04:00;1;0;3;4
2025-06-04;6;2025;miércoles;05:00;0;0;3;5
2025-06-04;6;2025;miércoles;06:00;0;0;3;6
2025-06-04;6;2025;miércoles;07:00;0;0;3;7
2025-06-04;6;2025;miércoles;08:00;1;0;2;8
2025-06-04;6;2025;miércoles;09:00;0;0;2;9
2025-06-04;6;2025;miércoles;10:00;1;0;1;10
2025-06-04;6;2025;miércoles;11:00;1;1;1;11
2025-06-04;6;2025;miércoles;12:00;0;0;1;12
2025-06-04;6;2025;miércoles;13:00;1;0;1;13
2025-06-04;6;2025;miércoles;14:00;0;0;2;14
2025-06-04;6;2025;miércoles;15:00;0;0;2;15
2025-06-04;6;2025;miércoles;16:00;0;0;2;16
2025-06-04;6;2025;miércoles;17:00;1;0;2;17
2025-06-04;6;2025;miércoles;18:00;0;1;1;18
2025-06-04;6;2025;miércoles;19:00;0;0;1;19
2025-06-04;6;2025;miércoles;20:00;1;0;1;20
2025-06-04;6;2025;miércoles;21:00;0;0;1;21
2025-06-04;6;2025;miércoles;22:00;1;0;2;22
2025-06-04;6;2025;miércoles;23:00;0;0;2;23
2025-06-05;6;2025;jueves;00:00:00;0;1;3;0
2025-06-05;6;2025;jueves;01:00;0;0;3;1
2025-06-05;6;2025;jueves;02:00;1;0;3;2
2025-06-05;6;2025;jueves;03:00;0;0;3;3
2025-06-05;6;2025;jueves;04:00;0;0;3;4
2025-06-05;6;2025;jueves;05:00;0;0;3;5
2025-06-05;6;2025;jueves;06:00;0;0;3;6
2025-06-05;6;2025;jueves;07:00;1;1;3;7
2025-06-05;6;2025;jueves;08:00;1;0;2;8
2025-06-05;6;2025;jueves;09:00;1;0;2;9
2025-06-05;6;2025;jueves;10:00;0;0;1;10
2025-06-05;6;2025;jueves;11:00;1;1;1;11
2025-06-05;6;2025;jueves;12:00;0;0;1;12
2025-06-05;6;2025;jueves;13:00;1;0;1;13
2025-06-05;6;2025;jueves;14:00;0;0;2;14
2025-06-05;6;2025;jueves;15:00;0;0;2;15
2025-06-05;6;2025;jueves;16:00;0;0;2;16
2025-06-05;6;2025;jueves;17:00;1;0;2;17
2025-06-05;6;2025;jueves;18:00;1;1;1;18
2025-06-05;6;2025;jueves;19:00;0;0;1;19
2025-06-05;6;2025;jueves;20:00;0;0;1;20
2025-06-05;6;2025;jueves;21:00;1;0;1;21
2025-06-05;6;2025;jueves;22:00;0;0;2;22
2025-06-05;6;2025;jueves;23:00;1;0;2;23
2025-06-06;6;2025;viernes;00:00:00;0;0;3;0
2025-06-06;6;2025;viernes;01:00;0;0;3;1
2025-06-06;6;2025;viernes;02:00;0;1;3;2
2025-06-06;6;2025;viernes;03:00;0;0;3;3
2025-06-06;6;2025;viernes;04:00;1;0;3;4
2025-06-06;6;2025;viernes;05:00;0;0;3;5
2025-06-06;6;2025;viernes;06:00;0;0;3;6
2025-06-06;6;2025;viernes;07:00;0;0;3;7
2025-06-06;6;2025;viernes;08:00;1;0;2;8
2025-06-06;6;2025;viernes;09:00;0;1;2;9
2025-06-06;6;2025;viernes;10:00;1;0;1;10
2025-06-06;6;2025;viernes;11:00;1;0;1;11
2025-06-06;6;2025;viernes;12:00;1;1;1;12
2025-06-06;6;2025;viernes;13:00;1;0;1;13
2025-06-06;6;2025;viernes;14:00;0;0;2;14
2025-06-06;6;2025;viernes;15:00;0;0;2;15
2025-06-06;6;2025;viernes;16:00;1;0;2;16
2025-06-06;6;2025;viernes;17:00;0;0;2;17
2025-06-06;6;2025;viernes;18:00;0;1;1;18
2025-06-06;6;2025;viernes;19:00;0;0;1;19
2025-06-06;6;2025;viernes;20:00;1;0;1;20
2025-06-06;6;2025;viernes;21:00;0;0;1;21
2025-06-06;6;2025;viernes;22:00;0;0;2;22
2025-06-06;6;2025;viernes;23:00;1;0;2;23
2025-06-07;6;2025;sábado;00:00:00;0;0;3;0
2025-06-07;6;2025;sábado;01:00;0;0;3;1
2025-06-07;6;2025;sábado;02:00;0;1;3;2
2025-06-07;6;2025;sábado;03:00;1;0;3;3
2025-06-07;6;2025;sábado;04:00;0;0;3;4
2025-06-07;6;2025;sábado;05:00;0;0;3;5
2025-06-07;6;2025;sábado;06:00;0;0;3;6
2025-06-07;6;2025;sábado;07:00;0;0;3;7
2025-06-07;6;2025;sábado;08:00;1;0;3;8
2025-06-07;6;2025;sábado;09:00;1;1;3;9
2025-06-07;6;2025;sábado;10:00;1;0;3;10
2025-06-07;6;2025;sábado;11:00;1;0;3;11
2025-06-07;6;2025;sábado;12:00;1;1;3;12
2025-06-07;6;2025;sábado;13:00;1;0;3;13
2025-06-07;6;2025;sábado;14:00;0;0;3;14
2025-06-07;6;2025;sábado;15:00;1;0;3;15
2025-06-07;6;2025;sábado;16:00;0;0;3;16
2025-06-07;6;2025;sábado;17:00;0;0;3;17
2025-06-07;6;2025;sábado;18:00;1;0;3;18
2025-06-07;6;2025;sábado;19:00;0;1;3;19
2025-06-07;6;2025;sábado;20:00;0;0;3;20
2025-06-07;6;2025;sábado;21:00;1;0;3;21
2025-06-07;6;2025;sábado;22:00;0;0;3;22
2025-06-07;6;2025;sábado;23:00;0;0;3;23
2025-06-08;6;2025;domingo;00:00:00;1;0;3;0
2025-06-08;6;2025;domingo;01:00;0;0;3;1
2025-06-08;6;2025;domingo;02:00;0;0;3;2
2025-06-08;6;2025;domingo;03:00;0;1;3;3
2025-06-08;6;2025;domingo;04:00;0;0;3;4
2025-06-08;6;2025;domingo;05:00;1;0;3;5
2025-06-08;6;2025;domingo;06:00;0;0;3;6
2025-06-08;6;2025;domingo;07:00;0;0;3;7
2025-06-08;6;2025;domingo;08:00;1;1;3;8
2025-06-08;6;2025;domingo;09:00;0;0;3;9
2025-06-08;6;2025;domingo;10:00;1;0;3;10
2025-06-08;6;2025;domingo;11:00;0;1;3;11
2025-06-08;6;2025;domingo;12:00;1;0;3;12
2025-06-08;6;2025;domingo;13:00;1;0;3;13
2025-06-08;6;2025;domingo;14:00;0;1;3;14
2025-06-08;6;2025;domingo;15:00;1;0;3;15
2025-06-08;6;2025;domingo;16:00;0;0;3;16
2025-06-08;6;2025;domingo;17:00;0;0;3;17
2025-06-08;6;2025;domingo;18:00;1;0;3;18
2025-06-08;6;2025;domingo;19:00;0;0;3;19
2025-06-08;6;2025;domingo;20:00;0;0;3;20
2025-06-08;6;2025;domingo;21:00;0;1;3;21
2025-06-08;6;2025;domingo;22:00;1;0;3;22
2025-06-08;6;2025;domingo;23:00;0;0;3;23
2025-06-09;6;2025;lunes;00:00:00;0;0;3;0
2025-06-09;6;2025;lunes;01:00;0;0;3;1
2025-06-09;6;2025;lunes;02:00;1;0;3;2
2025-06-09;6;2025;lunes;03:00;0;0;3;3
2025-06-09;6;2025;lunes;04:00;0;0;3;4
2025-06-09;6;2025;lunes;05:00;1;1;3;5
2025-06-09;6;2025;lunes;06:00;0;0;3;6
2025-06-09;6;2025;lunes;07:00;0;0;3;7
2025-06-09;6;2025;lunes;08:00;0;0;2;8
2025-06-09;6;2025;lunes;09:00;1;0;2;9
2025-06-09;6;2025;lunes;10:00;0;0;1;10
2025-06-09;6;2025;lunes;11:00;0;0;1;11
2025-06-09;6;2025;lunes;12:00;1;1;1;12
2025-06-09;6;2025;lunes;13:00;0;0;1;13
2025-06-09;6;2025;lunes;14:00;1;0;2;14
2025-06-09;6;2025;lunes;15:00;0;1;2;15
2025-06-09;6;2025;lunes;16:00;0;0;2;16
2025-06-09;6;2025;lunes;17:00;1;0;2;17
2025-06-09;6;2025;lunes;18:00;0;0;1;18
2025-06-09;6;2025;lunes;19:00;1;0;1;19
2025-06-09;6;2025;lunes;20:00;0;0;1;20
2025-06-09;6;2025;lunes;21:00;0;0;1;21
2025-06-09;6;2025;lunes;22:00;1;1;2;22
2025-06-09;6;2025;lunes;23:00;0;0;2;23
2025-06-10;6;2025;martes;00:00:00;0;0;3;0
2025-06-10;6;2025;martes;01:00;0;0;3;1
2025-06-10;6;2025;martes;02:00;1;0;3;2
2025-06-10;6;2025;martes;03:00;0;0;3;3
2025-06-10;6;2025;martes;04:00;0;0;3;4
2025-06-10;6;2025;martes;05:00;1;0;3;5
2025-06-10;6;2025;martes;06:00;0;1;3;6
2025-06-10;6;2025;martes;07:00;0;0;3;7
2025-06-10;6;2025;martes;08:00;0;0;2;8
2025-06-10;6;2025;martes;09:00;1;0;2;9
2025-06-10;6;2025;martes;10:00;0;0;1;10
2025-06-10;6;2025;martes;11:00;1;0;1;11
2025-06-10;6;2025;martes;12:00;0;0;1;12
2025-06-10;6;2025;martes;13:00;1;1;1;13
2025-06-10;6;2025;martes;14:00;1;0;2;14
2025-06-10;6;2025;martes;15:00;1;1;2;15
2025-06-10;6;2025;martes;16:00;0;0;2;16
2025-06-10;6;2025;martes;17:00;0;0;2;17
2025-06-10;6;2025;martes;18:00;1;0;1;18
2025-06-10;6;2025;martes;19:00;0;0;1;19
2025-06-10;6;2025;martes;20:00;0;0;1;20
2025-06-10;6;2025;martes;21:00;1;0;1;21
2025-06-10;6;2025;martes;22:00;0;1;2;22
2025-06-10;6;2025;martes;23:00;0;0;2;23
2025-06-11;6;2025;miércoles;00:00:00;1;0;3;0
2025-06-11;6;2025;miércoles;01:00;0;0;3;1
2025-06-11;6;2025;miércoles;02:00;0;0;3;2
2025-06-11;6;2025;miércoles;03:00;0;0;3;3
2025-06-11;6;2025;miércoles;04:00;1;0;3;4
2025-06-11;6;2025;miércoles;05:00;0;0;3;5
2025-06-11;6;2025;miércoles;06:00;0;0;3;6
2025-06-11;6;2025;miércoles;07:00;0;1;3;7
2025-06-11;6;2025;miércoles;08:00;0;0;2;8
2025-06-11;6;2025;miércoles;09:00;1;0;2;9
2025-06-11;6;2025;miércoles;10:00;0;0;1;10
2025-06-11;6;2025;miércoles;11:00;1;0;1;11
2025-06-11;6;2025;miércoles;12:00;0;0;1;12
2025-06-11;6;2025;miércoles;13:00;1;0;1;13
2025-06-11;6;2025;miércoles;14:00;0;0;2;14
2025-06-11;6;2025;miércoles;15:00;1;1;2;15
2025-06-11;6;2025;miércoles;16:00;0;0;2;16
2025-06-11;6;2025;miércoles;17:00;0;0;2;17
2025-06-11;6;2025;miércoles;18:00;1;0;1;18
2025-06-11;6;2025;miércoles;19:00;0;0;1;19
2025-06-11;6;2025;miércoles;20:00;1;0;1;20
2025-06-11;6;2025;miércoles;21:00;0;0;1;21
2025-06-11;6;2025;miércoles;22:00;0;1;2;22
2025-06-11;6;2025;miércoles;23:00;1;0;2;23
2025-06-12;6;2025;jueves;00:00:00;0;0;3;0
2025-06-12;6;2025;jueves;01:00;0;0;3;1
2025-06-12;6;2025;jueves;02:00;0;0;3;2
2025-06-12;6;2025;jueves;03:00;0;0;3;3
2025-06-12;6;2025;jueves;04:00;0;0;3;4
2025-06-12;6;2025;jueves;05:00;1;0;3;5
2025-06-12;6;2025;jueves;06:00;0;0;3;6
2025-06-12;6;2025;jueves;07:00;0;1;3;7
2025-06-12;6;2025;jueves;08:00;0;0;2;8
2025-06-12;6;2025;jueves;09:00;1;0;2;9
2025-06-12;6;2025;jueves;10:00;0;0;1;10
2025-06-12;6;2025;jueves;11:00;0;0;1;11
2025-06-12;6;2025;jueves;12:00;1;1;1;12
2025-06-12;6;2025;jueves;13:00;1;0;1;13
2025-06-12;6;2025;jueves;14:00;0;1;2;14
2025-06-12;6;2025;jueves;15:00;1;0;2;15
2025-06-12;6;2025;jueves;16:00;0;0;2;16
2025-06-12;6;2025;jueves;17:00;0;0;2;17
2025-06-12;6;2025;jueves;18:00;0;0;1;18
2025-06-12;6;2025;jueves;19:00;1;0;1;19
2025-06-12;6;2025;jueves;20:00;0;0;1;20
2025-06-12;6;2025;jueves;21:00;0;0;1;21
2025-06-12;6;2025;jueves;22:00;1;0;2;22
2025-06-12;6;2025;jueves;23:00;0;1;2;23
2025-06-13;6;2025;viernes;00:00:00;0;0;3;0
2025-06-13;6;2025;viernes;01:00;0;0;3;1
2025-06-13;6;2025;viernes;02:00;0;0;3;2
2025-06-13;6;2025;viernes;03:00;0;0;3;3
2025-06-13;6;2025;viernes;04:00;1;0;3;4
2025-06-13;6;2025;viernes;05:00;0;0;3;5
2025-06-13;6;2025;viernes;06:00;0;0;3;6
2025-06-13;6;2025;viernes;07:00;0;1;3;7
2025-06-13;6;2025;viernes;08:00;1;0;2;8
2025-06-13;6;2025;viernes;09:00;0;0;2;9
2025-06-13;6;2025;viernes;10:00;1;1;1;10
2025-06-13;6;2025;viernes;11:00;1;0;1;11
2025-06-13;6;2025;viernes;12:00;1;1;1;12
2025-06-13;6;2025;viernes;13:00;0;0;1;13
2025-06-13;6;2025;viernes;14:00;0;0;2;14
2025-06-13;6;2025;viernes;15:00;1;0;2;15
2025-06-13;6;2025;viernes;16:00;0;0;2;16
2025-06-13;6;2025;viernes;17:00;0;0;2;17
2025-06-13;6;2025;viernes;18:00;0;0;1;18
2025-06-13;6;2025;viernes;19:00;1;0;1;19
2025-06-13;6;2025;viernes;20:00;0;1;1;20
2025-06-13;6;2025;viernes;21:00;0;0;1;21
2025-06-13;6;2025;viernes;22:00;0;0;2;22
2025-06-13;6;2025;viernes;23:00;1;0;2;23
2025-06-14;6;2025;sábado;00:00:00;0;0;3;0
2025-06-14;6;2025;sábado;01:00;0;0;3;1
2025-06-14;6;2025;sábado;02:00;0;0;3;2
2025-06-14;6;2025;sábado;03:00;1;0;3;3
2025-06-14;6;2025;sábado;04:00;0;0;3;4
2025-06-14;6;2025;sábado;05:00;0;1;3;5
2025-06-14;6;2025;sábado;06:00;0;0;3;6
2025-06-14;6;2025;sábado;07:00;0;0;3;7
2025-06-14;6;2025;sábado;08:00;1;0;3;8
2025-06-14;6;2025;sábado;09:00;1;0;3;9
2025-06-14;6;2025;sábado;10:00;0;0;3;10
2025-06-14;6;2025;sábado;11:00;1;1;3;11
2025-06-14;6;2025;sábado;12:00;1;1;3;12
2025-06-14;6;2025;sábado;13:00;1;0;3;13
2025-06-14;6;2025;sábado;14:00;1;0;3;14
2025-06-14;6;2025;sábado;15:00;0;0;3;15
2025-06-14;6;2025;sábado;16:00;0;0;3;16
2025-06-14;6;2025;sábado;17:00;1;1;3;17
2025-06-14;6;2025;sábado;18:00;0;0;3;18
2025-06-14;6;2025;sábado;19:00;0;0;3;19
2025-06-14;6;2025;sábado;20:00;1;0;3;20
2025-06-14;6;2025;sábado;21:00;0;0;3;21
2025-06-14;6;2025;sábado;22:00;1;0;3;22
2025-06-14;6;2025;sábado;23:00;0;1;3;23
2025-06-15;6;2025;domingo;00:00:00;0;0;3;0
2025-06-15;6;2025;domingo;01:00;0;0;3;1
2025-06-15;6;2025;domingo;02:00;1;0;3;2
2025-06-15;6;2025;domingo;03:00;0;0;3;3
2025-06-15;6;2025;domingo;04:00;0;0;3;4
2025-06-15;6;2025;domingo;05:00;0;0;3;5
2025-06-15;6;2025;domingo;06:00;1;0;3;6
2025-06-15;6;2025;domingo;07:00;0;0;3;7
2025-06-15;6;2025;domingo;08:00;0;1;3;8
2025-06-15;6;2025;domingo;09:00;1;0;3;9
2025-06-15;6;2025;domingo;10:00;1;0;3;10
2025-06-15;6;2025;domingo;11:00;0;1;3;11
2025-06-15;6;2025;domingo;12:00;1;0;3;12
2025-06-15;6;2025;domingo;13:00;0;0;3;13
2025-06-15;6;2025;domingo;14:00;0;0;3;14
2025-06-15;6;2025;domingo;15:00;1;0;3;15
2025-06-15;6;2025;domingo;16:00;0;0;3;16
2025-06-15;6;2025;domingo;17:00;1;0;3;17
2025-06-15;6;2025;domingo;18:00;0;1;3;18
2025-06-15;6;2025;domingo;19:00;1;0;3;19
2025-06-15;6;2025;domingo;20:00;0;0;3;20
2025-06-15;6;2025;domingo;21:00;0;0;3;21
2025-06-15;6;2025;domingo;22:00;1;0;3;22
2025-06-15;6;2025;domingo;23:00;1;0;3;23
2025-06-16;6;2025;lunes;00:00:00;0;0;3;0
2025-06-16;6;2025;lunes;01:00;0;1;3;1
2025-06-16;6;2025;lunes;02:00;0;0;3;2
2025-06-16;6;2025;lunes;03:00;1;0;3;3
2025-06-16;6;2025;lunes;04:00;0;0;3;4
2025-06-16;6;2025;lunes;05:00;0;0;3;5
2025-06-16;6;2025;lunes;06:00;0;0;3;6
2025-06-16;6;2025;lunes;07:00;1;0;3;7
2025-06-16;6;2025;lunes;08:00;0;0;2;8
2025-06-16;6;2025;lunes;09:00;0;1;2;9
2025-06-16;6;2025;lunes;10:00;1;0;1;10
2025-06-16;6;2025;lunes;11:00;0;0;1;11
2025-06-16;6;2025;lunes;12:00;1;0;1;12
2025-06-16;6;2025;lunes;13:00;1;0;1;13
2025-06-16;6;2025;lunes;14:00;0;0;2;14
2025-06-16;6;2025;lunes;15:00;0.498;0;2;15
2025-06-16;6;2025;lunes;16:00;0.502;0;2;16
2025-06-16;6;2025;lunes;17:00;1;1;2;17
2025-06-16;6;2025;lunes;18:00;0;0;1;18
2025-06-16;6;2025;lunes;19:00;0;0;1;19
2025-06-16;6;2025;lunes;20:00;0;0;1;20
2025-06-16;6;2025;lunes;21:00;1;0;1;21
2025-06-16;6;2025;lunes;22:00;0;0;2;22
2025-06-16;6;2025;lunes;23:00;1;0;2;23
2025-06-17;6;2025;martes;00:00:00;0;1;3;0
2025-06-17;6;2025;martes;01:00;0;0;3;1
2025-06-17;6;2025;martes;02:00;0;0;3;2
2025-06-17;6;2025;martes;03:00;1;0;3;3
2025-06-17;6;2025;martes;04:00;0;0;3;4
2025-06-17;6;2025;martes;05:00;0;0;3;5
2025-06-17;6;2025;martes;06:00;0;0;3;6
2025-06-17;6;2025;martes;07:00;1;0;3;7
2025-06-17;6;2025;martes;08:00;0;0;2;8
2025-06-17;6;2025;martes;09:00;1;1;2;9
2025-06-17;6;2025;martes;10:00;1;0;1;10
2025-06-17;6;2025;martes;11:00;0;0;1;11
2025-06-17;6;2025;martes;12:00;1;0;1;12
2025-06-17;6;2025;martes;13:00;0;1;1;13
2025-06-17;6;2025;martes;14:00;1;0;2;14
2025-06-17;6;2025;martes;15:00;0;0;2;15
2025-06-17;6;2025;martes;16:00;0;0;2;16
2025-06-17;6;2025;martes;17:00;1;0;2;17
2025-06-17;6;2025;martes;18:00;1;1;1;18
2025-06-17;6;2025;martes;19:00;1;0;1;19
2025-06-17;6;2025;martes;20:00;1;0;1;20
2025-06-17;6;2025;martes;21:00;0;0;1;21
2025-06-17;6;2025;martes;22:00;0;0;2;22
2025-06-17;6;2025;martes;23:00;1;0;2;23
2025-06-18;6;2025;miércoles;00:00:00;0;1;3;0
2025-06-18;6;2025;miércoles;01:00;0;0;3;1
2025-06-18;6;2025;miércoles;02:00;1;0;3;2
2025-06-18;6;2025;miércoles;03:00;0;0;3;3
2025-06-18;6;2025;miércoles;04:00;0;0;3;4
2025-06-18;6;2025;miércoles;05:00;0;0;3;5
2025-06-18;6;2025;miércoles;06:00;1;0;3;6
2025-06-18;6;2025;miércoles;07:00;0;0;3;7
2025-06-18;6;2025;miércoles;08:00;1;1;2;8
2025-06-18;6;2025;miércoles;09:00;1;0;2;9
2025-06-18;6;2025;miércoles;10:00;1;1;1;10
2025-06-18;6;2025;miércoles;11:00;0;0;1;11
2025-06-18;6;2025;miércoles;12:00;1;0;1;12
2025-06-18;6;2025;miércoles;13:00;1;1;1;13
2025-06-18;6;2025;miércoles;14:00;1;0;2;14
2025-06-18;6;2025;miércoles;15:00;0;0;2;15
2025-06-18;6;2025;miércoles;16:00;0;0;2;16
2025-06-18;6;2025;miércoles;17:00;1;0;2;17
2025-06-18;6;2025;miércoles;18:00;2;0;1;18
2025-06-18;6;2025;miércoles;19:00;1;1;1;19
2025-06-18;6;2025;miércoles;20:00;0;0;1;20
2025-06-18;6;2025;miércoles;21:00;0;0;1;21
2025-06-18;6;2025;miércoles;22:00;1;0;2;22
2025-06-18;6;2025;miércoles;23:00;0;0;2;23
2025-06-19;6;2025;jueves;00:00:00;1;0;3;0
2025-06-19;6;2025;jueves;01:00;0;0;3;1
2025-06-19;6;2025;jueves;02:00;0;1;3;2
2025-06-19;6;2025;jueves;03:00;0;0;3;3
2025-06-19;6;2025;jueves;04:00;1;0;3;4
2025-06-19;6;2025;jueves;05:00;0;0;3;5
2025-06-19;6;2025;jueves;06:00;0;0;3;6
2025-06-19;6;2025;jueves;07:00;1;0;3;7
2025-06-19;6;2025;jueves;08:00;0;0;2;8
2025-06-19;6;2025;jueves;09:00;0;0;2;9
2025-06-19;6;2025;jueves;10:00;1;1;1;10
2025-06-19;6;2025;jueves;11:00;1;0;1;11
2025-06-19;6;2025;jueves;12:00;0;1;1;12
2025-06-19;6;2025;jueves;13:00;1;0;1;13
2025-06-19;6;2025;jueves;14:00;1;0;2;14
2025-06-19;6;2025;jueves;15:00;0;0;2;15
2025-06-19;6;2025;jueves;16:00;1;0;2;16
2025-06-19;6;2025;jueves;17:00;0;0;2;17
2025-06-19;6;2025;jueves;18:00;1;0;1;18
2025-06-19;6;2025;jueves;19:00;1;1;1;19
2025-06-19;6;2025;jueves;20:00;0;0;1;20
2025-06-19;6;2025;jueves;21:00;1;0;1;21
2025-06-19;6;2025;jueves;22:00;0;0;2;22
2025-06-19;6;2025;jueves;23:00;0;0;2;23
2025-06-20;6;2025;viernes;00:00:00;1;0;3;0
2025-06-20;6;2025;viernes;01:00;0;0;3;1
2025-06-20;6;2025;viernes;02:00;0;0;3;2
2025-06-20;6;2025;viernes;03:00;1;1;3;3
2025-06-20;6;2025;viernes;04:00;0;0;3;4
2025-06-20;6;2025;viernes;05:00;0;0;3;5
2025-06-20;6;2025;viernes;06:00;0;0;3;6
2025-06-20;6;2025;viernes;07:00;1;0;3;7
2025-06-20;6;2025;viernes;08:00;0;0;2;8
2025-06-20;6;2025;viernes;09:00;0;0;2;9
2025-06-20;6;2025;viernes;10:00;2;1;1;10
2025-06-20;6;2025;viernes;11:00;0;0;1;11
2025-06-20;6;2025;viernes;12:00;1;1;1;12
2025-06-20;6;2025;viernes;13:00;1;0;1;13
2025-06-20;6;2025;viernes;14:00;0;0;2;14
2025-06-20;6;2025;viernes;15:00;1;0;2;15
2025-06-20;6;2025;viernes;16:00;0;0;2;16
2025-06-20;6;2025;viernes;17:00;0;0;2;17
2025-06-20;6;2025;viernes;18:00;1;0;1;18
2025-06-20;6;2025;viernes;19:00;0;1;1;19
2025-06-20;6;2025;viernes;20:00;0;0;1;20
2025-06-20;6;2025;viernes;21:00;1;0;1;21
2025-06-20;6;2025;viernes;22:00;0;0;2;22
2025-06-20;6;2025;viernes;23:00;0;0;2;23
2025-06-21;6;2025;sábado;00:00:00;1;0;3;0
2025-06-21;6;2025;sábado;01:00;0;0;3;1
2025-06-21;6;2025;sábado;02:00;0;0;3;2
2025-06-21;6;2025;sábado;03:00;0;0;3;3
2025-06-21;6;2025;sábado;04:00;1;1;3;4
2025-06-21;6;2025;sábado;05:00;0;0;3;5
2025-06-21;6;2025;sábado;06:00;0;0;3;6
2025-06-21;6;2025;sábado;07:00;0;0;3;7
2025-06-21;6;2025;sábado;08:00;1;0;3;8
2025-06-21;6;2025;sábado;09:00;0;0;3;9
2025-06-21;6;2025;sábado;10:00;1;1;3;10
2025-06-21;6;2025;sábado;11:00;1;0;3;11
2025-06-21;6;2025;sábado;12:00;0;0;3;12
2025-06-21;6;2025;sábado;13:00;1;0;3;13
2025-06-21;6;2025;sábado;14:00;1;0;3;14
2025-06-21;6;2025;sábado;15:00;0;1;3;15
2025-06-21;6;2025;sábado;16:00;0;0;3;16
2025-06-21;6;2025;sábado;17:00;1;0;3;17
2025-06-21;6;2025;sábado;18:00;0;0;3;18
2025-06-21;6;2025;sábado;19:00;1;0;3;19
2025-06-21;6;2025;sábado;20:00;0;0;3;20
2025-06-21;6;2025;sábado;21:00;0;1;3;21
2025-06-21;6;2025;sábado;22:00;1;0;3;22
2025-06-21;6;2025;sábado;23:00;0;0;3;23
2025-06-22;6;2025;domingo;00:00:00;0;0;3;0
2025-06-22;6;2025;domingo;01:00;1;0;3;1
2025-06-22;6;2025;domingo;02:00;0;0;3;2
2025-06-22;6;2025;domingo;03:00;0;0;3;3
2025-06-22;6;2025;domingo;04:00;1;0;3;4
2025-06-22;6;2025;domingo;05:00;0;1;3;5
2025-06-22;6;2025;domingo;06:00;0;0;3;6
2025-06-22;6;2025;domingo;07:00;0;0;3;7
2025-06-22;6;2025;domingo;08:00;1;0;3;8
2025-06-22;6;2025;domingo;09:00;0;0;3;9
2025-06-22;6;2025;domingo;10:00;0;0;3;10
2025-06-22;6;2025;domingo;11:00;1;1;3;11
2025-06-22;6;2025;domingo;12:00;1;0;3;12
2025-06-22;6;2025;domingo;13:00;0;1;3;13
2025-06-22;6;2025;domingo;14:00;1;0;3;14
2025-06-22;6;2025;domingo;15:00;0;0;3;15
2025-06-22;6;2025;domingo;16:00;1;0;3;16
2025-06-22;6;2025;domingo;17:00;0;0;3;17
2025-06-22;6;2025;domingo;18:00;0;0;3;18
2025-06-22;6;2025;domingo;19:00;1;0;3;19
2025-06-22;6;2025;domingo;20:00;0;0;3;20
2025-06-22;6;2025;domingo;21:00;0;1;3;21
2025-06-22;6;2025;domingo;22:00;1;0;3;22
2025-06-22;6;2025;domingo;23:00;0;0;3;23
2025-06-23;6;2025;lunes;00:00:00;1;0;3;0
2025-06-23;6;2025;lunes;01:00;0;0;3;1
2025-06-23;6;2025;lunes;02:00;0;0;3;2
2025-06-23;6;2025;lunes;03:00;0;0;3;3
2025-06-23;6;2025;lunes;04:00;0;0;3;4
2025-06-23;6;2025;lunes;05:00;1;1;3;5
2025-06-23;6;2025;lunes;06:00;0;0;3;6
2025-06-23;6;2025;lunes;07:00;0;0;3;7
2025-06-23;6;2025;lunes;08:00;1;0;2;8
2025-06-23;6;2025;lunes;09:00;0;0;2;9
2025-06-23;6;2025;lunes;10:00;1;1;1;10
2025-06-23;6;2025;lunes;11:00;1;0;1;11
2025-06-23;6;2025;lunes;12:00;1;0;1;12
2025-06-23;6;2025;lunes;13:00;1;1;1;13
2025-06-23;6;2025;lunes;14:00;1;0;2;14
2025-06-23;6;2025;lunes;15:00;0;1;2;15
2025-06-23;6;2025;lunes;16:00;0;0;2;16
2025-06-23;6;2025;lunes;17:00;1;0;2;17
2025-06-23;6;2025;lunes;18:00;0;0;1;18
2025-06-23;6;2025;lunes;19:00;1;0;1;19
2025-06-23;6;2025;lunes;20:00;0;0;1;20
2025-06-23;6;2025;lunes;21:00;0;0;1;21
2025-06-23;6;2025;lunes;22:00;1;0;2;22
2025-06-23;6;2025;lunes;23:00;0;0;2;23
2025-06-24;6;2025;martes;00:00:00;0;0;3;0
2025-06-24;6;2025;martes;01:00;0;1;3;1
2025-06-24;6;2025;martes;02:00;1;0;3;2
2025-06-24;6;2025;martes;03:00;0;0;3;3
2025-06-24;6;2025;martes;04:00;0;0;3;4
2025-06-24;6;2025;martes;05:00;0;0;3;5
2025-06-24;6;2025;martes;06:00;1;0;3;6
2025-06-24;6;2025;martes;07:00;0;0;3;7
2025-06-24;6;2025;martes;08:00;0;0;2;8
2025-06-24;6;2025;martes;09:00;1;0;2;9
2025-06-24;6;2025;martes;10:00;0;0;1;10
2025-06-24;6;2025;martes;11:00;0;0;1;11
2025-06-24;6;2025;martes;12:00;1;1;1;12
2025-06-24;6;2025;martes;13:00;0;0;1;13
2025-06-24;6;2025;martes;14:00;0;0;2;14
2025-06-24;6;2025;martes;15:00;1;0;2;15
2025-06-24;6;2025;martes;16:00;0;0;2;16
2025-06-24;6;2025;martes;17:00;1;0;2;17
2025-06-24;6;2025;martes;18:00;1;0;1;18
2025-06-24;6;2025;martes;19:00;1;0;1;19
2025-06-24;6;2025;martes;20:00;0;1;1;20
2025-06-24;6;2025;martes;21:00;0;0;1;21
2025-06-24;6;2025;martes;22:00;1;0;2;22
2025-06-24;6;2025;martes;23:00;0;0;2;23
2025-06-25;6;2025;miércoles;00:00:00;0;0;3;0
2025-06-25;6;2025;miércoles;01:00;0;0;3;1
2025-06-25;6;2025;miércoles;02:00;1;0;3;2
2025-06-25;6;2025;miércoles;03:00;0;0;3;3
2025-06-25;6;2025;miércoles;04:00;0;0;3;4
2025-06-25;6;2025;miércoles;05:00;0;0;3;5
2025-06-25;6;2025;miércoles;06:00;0;0;3;6
2025-06-25;6;2025;miércoles;07:00;1;0;3;7
2025-06-25;6;2025;miércoles;08:00;0;1;2;8
2025-06-25;6;2025;miércoles;09:00;0;0;2;9
2025-06-25;6;2025;miércoles;10:00;1;0;1;10
2025-06-25;6;2025;miércoles;11:00;0;0;1;11
2025-06-25;6;2025;miércoles;12:00;1;0;1;12
2025-06-25;6;2025;miércoles;13:00;0;0;1;13
2025-06-25;6;2025;miércoles;14:00;0;0;2;14
2025-06-25;6;2025;miércoles;15:00;1;0;2;15
2025-06-25;6;2025;miércoles;16:00;0;0;2;16
2025-06-25;6;2025;miércoles;17:00;0;0;2;17
2025-06-25;6;2025;miércoles;18:00;1;0;1;18
2025-06-25;6;2025;miércoles;19:00;1;1;1;19
2025-06-25;6;2025;miércoles;20:00;1;0;1;20
2025-06-25;6;2025;miércoles;21:00;0;0;1;21
2025-06-25;6;2025;miércoles;22:00;1;0;2;22
2025-06-25;6;2025;miércoles;23:00;0;0;2;23
2025-06-26;6;2025;jueves;00:00:00;0;0;3;0
2025-06-26;6;2025;jueves;01:00;0;0;3;1
2025-06-26;6;2025;jueves;02:00;1;0;3;2
2025-06-26;6;2025;jueves;03:00;0;0;3;3
2025-06-26;6;2025;jueves;04:00;0;0;3;4
2025-06-26;6;2025;jueves;05:00;0;0;3;5
2025-06-26;6;2025;jueves;06:00;0;0;3;6
2025-06-26;6;2025;jueves;07:00;1;1;3;7
2025-06-26;6;2025;jueves;08:00;0;0;2;8
2025-06-26;6;2025;jueves;09:00;2;0;2;9
2025-06-26;6;2025;jueves;10:00;0;1;1;10
2025-06-26;6;2025;jueves;11:00;0;0;1;11
2025-06-26;6;2025;jueves;12:00;1;0;1;12
2025-06-26;6;2025;jueves;13:00;1;1;1;13
2025-06-26;6;2025;jueves;14:00;0;0;2;14
2025-06-26;6;2025;jueves;15:00;1;0;2;15
2025-06-26;6;2025;jueves;16:00;0;0;2;16
2025-06-26;6;2025;jueves;17:00;1;0;2;17
2025-06-26;6;2025;jueves;18:00;1;0;1;18
2025-06-26;6;2025;jueves;19:00;1;1;1;19
2025-06-26;6;2025;jueves;20:00;1;0;1;20
2025-06-26;6;2025;jueves;21:00;0;0;1;21
2025-06-26;6;2025;jueves;22:00;1;0;2;22
2025-06-26;6;2025;jueves;23:00;0;0;2;23
2025-06-27;6;2025;viernes;00:00:00;0;0;3;0
2025-06-27;6;2025;viernes;01:00;0;0;3;1
2025-06-27;6;2025;viernes;02:00;1;0;3;2
2025-06-27;6;2025;viernes;03:00;0;0;3;3
2025-06-27;6;2025;viernes;04:00;0;0;3;4
2025-06-27;6;2025;viernes;05:00;0;0;3;5
2025-06-27;6;2025;viernes;06:00;1;0;3;6
2025-06-27;6;2025;viernes;07:00;0;1;3;7
2025-06-27;6;2025;viernes;08:00;0;0;2;8
2025-06-27;6;2025;viernes;09:00;2;0;2;9
2025-06-27;6;2025;viernes;10:00;1;0;1;10
2025-06-27;6;2025;viernes;11:00;0;0;1;11
2025-06-27;6;2025;viernes;12:00;1;0;1;12
2025-06-27;6;2025;viernes;13:00;0;0;1;13
2025-06-27;6;2025;viernes;14:00;1;0;2;14
2025-06-27;6;2025;viernes;15:00;1;1;2;15
2025-06-27;6;2025;viernes;16:00;1;0;2;16
2025-06-27;6;2025;viernes;17:00;0;0;2;17
2025-06-27;6;2025;viernes;18:00;0;0;1;18
2025-06-27;6;2025;viernes;19:00;1;0;1;19
2025-06-27;6;2025;viernes;20:00;0;0;1;20
2025-06-27;6;2025;viernes;21:00;0;1;1;21
2025-06-27;6;2025;viernes;22:00;1;0;2;22
2025-06-27;6;2025;viernes;23:00;0;0;2;23
2025-06-28;6;2025;sábado;00:00:00;0;0;3;0
2025-06-28;6;2025;sábado;01:00;0;0;3;1
2025-06-28;6;2025;sábado;02:00;1;0;3;2
2025-06-28;6;2025;sábado;03:00;0;0;3;3
2025-06-28;6;2025;sábado;04:00;0;0;3;4
2025-06-28;6;2025;sábado;05:00;1;0;3;5
2025-06-28;6;2025;sábado;06:00;0;0;3;6
2025-06-28;6;2025;sábado;07:00;0;0;3;7
2025-06-28;6;2025;sábado;08:00;0;0;3;8
2025-06-28;6;2025;sábado;09:00;1;1;3;9
2025-06-28;6;2025;sábado;10:00;0;0;3;10
2025-06-28;6;2025;sábado;11:00;1;0;3;11
2025-06-28;6;2025;sábado;12:00;1;0;3;12
2025-06-28;6;2025;sábado;13:00;0;0;3;13
2025-06-28;6;2025;sábado;14:00;1;0;3;14
2025-06-28;6;2025;sábado;15:00;0;0;3;15
2025-06-28;6;2025;sábado;16:00;0;1;3;16
2025-06-28;6;2025;sábado;17:00;1;0;3;17
2025-06-28;6;2025;sábado;18:00;0;0;3;18
2025-06-28;6;2025;sábado;19:00;1;0;3;19
2025-06-28;6;2025;sábado;20:00;0;0;3;20
2025-06-28;6;2025;sábado;21:00;0;0;3;21
2025-06-28;6;2025;sábado;22:00;1;0;3;22
2025-06-28;6;2025;sábado;23:00;0;0;3;23
2025-06-29;6;2025;domingo;00:00:00;1;1;3;0
2025-06-29;6;2025;domingo;01:00;0;0;3;1
2025-06-29;6;2025;domingo;02:00;0;0;3;2
2025-06-29;6;2025;domingo;03:00;0;0;3;3
2025-06-29;6;2025;domingo;04:00;1;0;3;4
2025-06-29;6;2025;domingo;05:00;0;0;3;5
2025-06-29;6;2025;domingo;06:00;0;0;3;6
2025-06-29;6;2025;domingo;07:00;0;1;3;7
2025-06-29;6;2025;domingo;08:00;1;0;3;8
2025-06-29;6;2025;domingo;09:00;0;0;3;9
2025-06-29;6;2025;domingo;10:00;1;0;3;10
2025-06-29;6;2025;domingo;11:00;0;0;3;11
2025-06-29;6;2025;domingo;12:00;1;0;3;12
2025-06-29;6;2025;domingo;13:00;1;1;3;13
2025-06-29;6;2025;domingo;14:00;1;0;3;14
2025-06-29;6;2025;domingo;15:00;0;0;3;15
2025-06-29;6;2025;domingo;16:00;0;0;3;16
2025-06-29;6;2025;domingo;17:00;1;0;3;17
2025-06-29;6;2025;domingo;18:00;1;0;3;18
2025-06-29;6;2025;domingo;19:00;1;0;3;19
2025-06-29;6;2025;domingo;20:00;0;1;3;20
2025-06-29;6;2025;domingo;21:00;1;0;3;21
2025-06-29;6;2025;domingo;22:00;0;0;3;22
2025-06-29;6;2025;domingo;23:00;0;0;3;23
2025-06-30;6;2025;lunes;00:00:00;1;0;3;0
2025-06-30;6;2025;lunes;01:00;0;0;3;1
2025-06-30;6;2025;lunes;02:00;0;0;3;2
2025-06-30;6;2025;lunes;03:00;1;0;3;3
2025-06-30;6;2025;lunes;04:00;0;1;3;4
2025-06-30;6;2025;lunes;05:00;0;0;3;5
2025-06-30;6;2025;lunes;06:00;0;0;3;6
2025-06-30;6;2025;lunes;07:00;1;0;3;7
2025-06-30;6;2025;lunes;08:00;0;0;2;8
2025-06-30;6;2025;lunes;09:00;0;0;2;9
2025-06-30;6;2025;lunes;10:00;1;1;1;10
2025-06-30;6;2025;lunes;11:00;0;0;1;11
2025-06-30;6;2025;lunes;12:00;0;0;1;12
2025-06-30;6;2025;lunes;13:00;1;0;1;13
2025-06-30;6;2025;lunes;14:00;1;0;2;14
2025-06-30;6;2025;lunes;15:00;1;0;2;15
2025-06-30;6;2025;lunes;16:00;0;0;2;16
2025-06-30;6;2025;lunes;17:00;0;1;2;17
2025-06-30;6;2025;lunes;18:00;0.514;0;1;18
2025-06-30;6;2025;lunes;19:00;0.486;0;1;19
2025-06-30;6;2025;lunes;20:00;1;0;1;20
2025-06-30;6;2025;lunes;21:00;0;0;1;21
2025-06-30;6;2025;lunes;22:00;0;0;2;22
2025-06-30;6;2025;lunes;23:00;1;0;2;23
2025-07-01;7;2025;martes;00:00:00;0;1;3;0
2025-07-01;7;2025;martes;01:00;0;0;3;1
2025-07-01;7;2025;martes;02:00;1;0;3;2
2025-07-01;7;2025;martes;03:00;0;0;3;3
2025-07-01;7;2025;martes;04:00;0;0;3;4
2025-07-01;7;2025;martes;05:00;1;0;3;5
2025-07-01;7;2025;martes;06:00;0;0;3;6
2025-07-01;7;2025;martes;07:00;0;0;3;7
2025-07-01;7;2025;martes;08:00;1;1;2;8
2025-07-01;7;2025;martes;09:00;0;0;2;9
2025-07-01;7;2025;martes;10:00;0;0;1;10
2025-07-01;7;2025;martes;11:00;1;0;1;11
2025-07-01;7;2025;martes;12:00;0;0;1;12
2025-07-01;7;2025;martes;13:00;1;1;1;13
2025-07-01;7;2025;martes;14:00;1;0;2;14
2025-07-01;7;2025;martes;15:00;0;0;2;15
2025-07-01;7;2025;martes;16:00;0;0;2;16
2025-07-01;7;2025;martes;17:00;1;0;2;17
2025-07-01;7;2025;martes;18:00;1;0;1;18
2025-07-01;7;2025;martes;19:00;1;1;1;19
2025-07-01;7;2025;martes;20:00;1;0;1;20
2025-07-01;7;2025;martes;21:00;1;1;1;21
2025-07-01;7;2025;martes;22:00;1;0;2;22
2025-07-01;7;2025;martes;23:00;0;0;2;23
2025-07-02;7;2025;miércoles;00:00:00;0;0;3;0
2025-07-02;7;2025;miércoles;01:00;0;0;3;1
2025-07-02;7;2025;miércoles;02:00;1;1;3;2
2025-07-02;7;2025;miércoles;03:00;0;0;3;3
2025-07-02;7;2025;miércoles;04:00;0;0;3;4
2025-07-02;7;2025;miércoles;05:00;1;0;3;5
2025-07-02;7;2025;miércoles;06:00;0;0;3;6
2025-07-02;7;2025;miércoles;07:00;0;0;3;7
2025-07-02;7;2025;miércoles;08:00;0;0;2;8
2025-07-02;7;2025;miércoles;09:00;1;1;2;9
2025-07-02;7;2025;miércoles;10:00;1;0;1;10
2025-07-02;7;2025;miércoles;11:00;0;0;1;11
2025-07-02;7;2025;miércoles;12:00;1;0;1;12
2025-07-02;7;2025;miércoles;13:00;0;0;1;13
2025-07-02;7;2025;miércoles;14:00;1;1;2;14
2025-07-02;7;2025;miércoles;15:00;1;0;2;15
2025-07-02;7;2025;miércoles;16:00;0;0;2;16
2025-07-02;7;2025;miércoles;17:00;1;1;2;17
2025-07-02;7;2025;miércoles;18:00;1;0;1;18
2025-07-02;7;2025;miércoles;19:00;1;0;1;19
2025-07-02;7;2025;miércoles;20:00;1;0;1;20
2025-07-02;7;2025;miércoles;21:00;0;0;1;21
2025-07-02;7;2025;miércoles;22:00;1;0;2;22
2025-07-02;7;2025;miércoles;23:00;0;0;2;23
2025-07-03;7;2025;jueves;00:00:00;0;0;3;0
2025-07-03;7;2025;jueves;01:00;1;1;3;1
2025-07-03;7;2025;jueves;02:00;0;0;3;2
2025-07-03;7;2025;jueves;03:00;0;0;3;3
2025-07-03;7;2025;jueves;04:00;0;0;3;4
2025-07-03;7;2025;jueves;05:00;1;0;3;5
2025-07-03;7;2025;jueves;06:00;0;0;3;6
2025-07-03;7;2025;jueves;07:00;0;0;3;7
2025-07-03;7;2025;jueves;08:00;1;1;2;8
2025-07-03;7;2025;jueves;09:00;0;0;2;9
2025-07-03;7;2025;jueves;10:00;0;0;1;10
2025-07-03;7;2025;jueves;11:00;0;0;1;11
2025-07-03;7;2025;jueves;12:00;1;0;1;12
2025-07-03;7;2025;jueves;13:00;0;0;1;13
2025-07-03;7;2025;jueves;14:00;1;0;2;14
2025-07-03;7;2025;jueves;15:00;0;1;2;15
2025-07-03;7;2025;jueves;16:00;0;0;2;16
2025-07-03;7;2025;jueves;17:00;1;0;2;17
2025-07-03;7;2025;jueves;18:00;1;0;1;18
2025-07-03;7;2025;jueves;19:00;0;0;1;19
2025-07-03;7;2025;jueves;20:00;0;0;1;20
2025-07-03;7;2025;jueves;21:00;1;0;1;21
2025-07-03;7;2025;jueves;22:00;0;1;2;22
2025-07-03;7;2025;jueves;23:00;1;0;2;23
2025-07-04;7;2025;viernes;00:00:00;0;0;3;0
2025-07-04;7;2025;viernes;01:00;0;0;3;1
2025-07-04;7;2025;viernes;02:00;0;0;3;2
2025-07-04;7;2025;viernes;03:00;1;0;3;3
2025-07-04;7;2025;viernes;04:00;0;0;3;4
2025-07-04;7;2025;viernes;05:00;0;1;3;5
2025-07-04;7;2025;viernes;06:00;1;0;3;6
2025-07-04;7;2025;viernes;07:00;0;0;3;7
2025-07-04;7;2025;viernes;08:00;0;0;2;8
2025-07-04;7;2025;viernes;09:00;1;0;2;9
2025-07-04;7;2025;viernes;10:00;1;1;1;10
2025-07-04;7;2025;viernes;11:00;1;0;1;11
2025-07-04;7;2025;viernes;12:00;1;1;1;12
2025-07-04;7;2025;viernes;13:00;0;0;1;13
2025-07-04;7;2025;viernes;14:00;1;0;2;14
2025-07-04;7;2025;viernes;15:00;1;0;2;15
2025-07-04;7;2025;viernes;16:00;0;1;2;16
2025-07-04;7;2025;viernes;17:00;1;0;2;17
2025-07-04;7;2025;viernes;18:00;0;0;1;18
2025-07-04;7;2025;viernes;19:00;1;0;1;19
2025-07-04;7;2025;viernes;20:00;0;0;1;20
2025-07-04;7;2025;viernes;21:00;1;0;1;21
2025-07-04;7;2025;viernes;22:00;0;0;2;22
2025-07-04;7;2025;viernes;23:00;0;1;2;23
2025-07-05;7;2025;sábado;00:00:00;1;0;3;0
2025-07-05;7;2025;sábado;01:00;0;0;3;1
2025-07-05;7;2025;sábado;02:00;0;0;3;2
2025-07-05;7;2025;sábado;03:00;1;0;3;3
2025-07-05;7;2025;sábado;04:00;0;0;3;4
2025-07-05;7;2025;sábado;05:00;0;0;3;5
2025-07-05;7;2025;sábado;06:00;1;0;3;6
2025-07-05;7;2025;sábado;07:00;0;1;3;7
2025-07-05;7;2025;sábado;08:00;0;0;3;8
2025-07-05;7;2025;sábado;09:00;1;0;3;9
2025-07-05;7;2025;sábado;10:00;1;1;3;10
2025-07-05;7;2025;sábado;11:00;2;1;3;11
2025-07-05;7;2025;sábado;12:00;1;0;3;12
2025-07-05;7;2025;sábado;13:00;1;0;3;13
2025-07-05;7;2025;sábado;14:00;0;0;3;14
2025-07-05;7;2025;sábado;15:00;1;0;3;15
2025-07-05;7;2025;sábado;16:00;0;1;3;16
2025-07-05;7;2025;sábado;17:00;1;0;3;17
2025-07-05;7;2025;sábado;18:00;1;0;3;18
2025-07-05;7;2025;sábado;19:00;0;0;3;19
2025-07-05;7;2025;sábado;20:00;1;0;3;20
2025-07-05;7;2025;sábado;21:00;0;0;3;21
2025-07-05;7;2025;sábado;22:00;1;1;3;22
2025-07-05;7;2025;sábado;23:00;0;0;3;23
2025-07-06;7;2025;domingo;00:00:00;1;0;3;0
2025-07-06;7;2025;domingo;01:00;0;0;3;1
2025-07-06;7;2025;domingo;02:00;0;0;3;2
2025-07-06;7;2025;domingo;03:00;1;0;3;3
2025-07-06;7;2025;domingo;04:00;0;0;3;4
2025-07-06;7;2025;domingo;05:00;0;1;3;5
2025-07-06;7;2025;domingo;06:00;1;0;3;6
2025-07-06;7;2025;domingo;07:00;0;0;3;7
2025-07-06;7;2025;domingo;08:00;0;0;3;8
2025-07-06;7;2025;domingo;09:00;1;0;3;9
2025-07-06;7;2025;domingo;10:00;0;0;3;10
2025-07-06;7;2025;domingo;11:00;1;0;3;11
2025-07-06;7;2025;domingo;12:00;1;1;3;12
2025-07-06;7;2025;domingo;13:00;1;0;3;13
2025-07-06;7;2025;domingo;14:00;1;0;3;14
2025-07-06;7;2025;domingo;15:00;0;0;3;15
2025-07-06;7;2025;domingo;16:00;0;0;3;16
2025-07-06;7;2025;domingo;17:00;1;1;3;17
2025-07-06;7;2025;domingo;18:00;1;0;3;18
2025-07-06;7;2025;domingo;19:00;0;0;3;19
2025-07-06;7;2025;domingo;20:00;1;0;3;20
2025-07-06;7;2025;domingo;21:00;0;0;3;21
2025-07-06;7;2025;domingo;22:00;1;0;3;22
2025-07-06;7;2025;domingo;23:00;0;0;3;23
2025-07-07;7;2025;lunes;00:00:00;1;0;3;0
2025-07-07;7;2025;lunes;01:00;0;1;3;1
2025-07-07;7;2025;lunes;02:00;0;0;3;2
2025-07-07;7;2025;lunes;03:00;1;0;3;3
2025-07-07;7;2025;lunes;04:00;0;0;3;4
2025-07-07;7;2025;lunes;05:00;0;0;3;5
2025-07-07;7;2025;lunes;06:00;0;0;3;6
2025-07-07;7;2025;lunes;07:00;1;0;3;7
2025-07-07;7;2025;lunes;08:00;0;1;2;8
2025-07-07;7;2025;lunes;09:00;0;0;2;9
2025-07-07;7;2025;lunes;10:00;1;0;1;10
2025-07-07;7;2025;lunes;11:00;0;0;1;11
2025-07-07;7;2025;lunes;12:00;1;1;1;12
2025-07-07;7;2025;lunes;13:00;1;0;1;13
2025-07-07;7;2025;lunes;14:00;1;0;2;14
2025-07-07;7;2025;lunes;15:00;0;1;2;15
2025-07-07;7;2025;lunes;16:00;1;0;2;16
2025-07-07;7;2025;lunes;17:00;1;0;2;17
2025-07-07;7;2025;lunes;18:00;0;0;1;18
2025-07-07;7;2025;lunes;19:00;1;0;1;19
2025-07-07;7;2025;lunes;20:00;0;0;1;20
2025-07-07;7;2025;lunes;21:00;1;0;1;21
2025-07-07;7;2025;lunes;22:00;0;0;2;22
2025-07-07;7;2025;lunes;23:00;0;1;2;23
2025-07-08;7;2025;martes;00:00:00;1;0;3;0
2025-07-08;7;2025;martes;01:00;0;0;3;1
2025-07-08;7;2025;martes;02:00;0;0;3;2
2025-07-08;7;2025;martes;03:00;1;0;3;3
2025-07-08;7;2025;martes;04:00;0;0;3;4
2025-07-08;7;2025;martes;05:00;0;0;3;5
2025-07-08;7;2025;martes;06:00;0;1;3;6
2025-07-08;7;2025;martes;07:00;1;0;3;7
2025-07-08;7;2025;martes;08:00;0;0;2;8
2025-07-08;7;2025;martes;09:00;0;0;2;9
2025-07-08;7;2025;martes;10:00;1;0;1;10
2025-07-08;7;2025;martes;11:00;0;0;1;11
2025-07-08;7;2025;martes;12:00;1;1;1;12
2025-07-08;7;2025;martes;13:00;1;0;1;13
2025-07-08;7;2025;martes;14:00;1;0;2;14
2025-07-08;7;2025;martes;15:00;0;0;2;15
2025-07-08;7;2025;martes;16:00;0;0;2;16
2025-07-08;7;2025;martes;17:00;1;0;2;17
2025-07-08;7;2025;martes;18:00;1;0;1;18
2025-07-08;7;2025;martes;19:00;1;1;1;19
2025-07-08;7;2025;martes;20:00;1;0;1;20
2025-07-08;7;2025;martes;21:00;1;0;1;21
2025-07-08;7;2025;martes;22:00;0;0;2;22
2025-07-08;7;2025;martes;23:00;1;0;2;23
2025-07-09;7;2025;miércoles;00:00:00;0;0;3;0
2025-07-09;7;2025;miércoles;01:00;0;0;3;1
2025-07-09;7;2025;miércoles;02:00;1;0;3;2
2025-07-09;7;2025;miércoles;03:00;0;1;3;3
2025-07-09;7;2025;miércoles;04:00;0;0;3;4
2025-07-09;7;2025;miércoles;05:00;1;0;3;5
2025-07-09;7;2025;miércoles;06:00;0;0;3;6
2025-07-09;7;2025;miércoles;07:00;0;0;3;7
2025-07-09;7;2025;miércoles;08:00;1;0;2;8
2025-07-09;7;2025;miércoles;09:00;0;1;2;9
2025-07-09;7;2025;miércoles;10:00;1;0;1;10
2025-07-09;7;2025;miércoles;11:00;0;1;1;11
2025-07-09;7;2025;miércoles;12:00;1;0;1;12
2025-07-09;7;2025;miércoles;13:00;1;0;1;13
2025-07-09;7;2025;miércoles;14:00;0;0;2;14
2025-07-09;7;2025;miércoles;15:00;1;0;2;15
2025-07-09;7;2025;miércoles;16:00;0;1;2;16
2025-07-09;7;2025;miércoles;17:00;1;0;2;17
2025-07-09;7;2025;miércoles;18:00;1;0;1;18
2025-07-09;7;2025;miércoles;19:00;1;0;1;19
2025-07-09;7;2025;miércoles;20:00;1;0;1;20
2025-07-09;7;2025;miércoles;21:00;1;0;1;21
2025-07-09;7;2025;miércoles;22:00;0;1;2;22
2025-07-09;7;2025;miércoles;23:00;1;0;2;23
2025-07-10;7;2025;jueves;00:00:00;0;0;3;0
2025-07-10;7;2025;jueves;01:00;0;0;3;1
2025-07-10;7;2025;jueves;02:00;1;0;3;2
2025-07-10;7;2025;jueves;03:00;0;0;3;3
2025-07-10;7;2025;jueves;04:00;0;0;3;4
2025-07-10;7;2025;jueves;05:00;1;1;3;5
2025-07-10;7;2025;jueves;06:00;0;0;3;6
2025-07-10;7;2025;jueves;07:00;0;0;3;7
2025-07-10;7;2025;jueves;08:00;1;0;2;8
2025-07-10;7;2025;jueves;09:00;0;0;2;9
2025-07-10;7;2025;jueves;10:00;1;0;1;10
2025-07-10;7;2025;jueves;11:00;1;1;1;11
2025-07-10;7;2025;jueves;12:00;1;1;1;12
2025-07-10;7;2025;jueves;13:00;1;0;1;13
2025-07-10;7;2025;jueves;14:00;0;0;2;14
2025-07-10;7;2025;jueves;15:00;1;0;2;15
2025-07-10;7;2025;jueves;16:00;0;0;2;16
2025-07-10;7;2025;jueves;17:00;1;0;2;17
2025-07-10;7;2025;jueves;18:00;0;1;1;18
2025-07-10;7;2025;jueves;19:00;1;0;1;19
2025-07-10;7;2025;jueves;20:00;0;0;1;20
2025-07-10;7;2025;jueves;21:00;0;0;1;21
2025-07-10;7;2025;jueves;22:00;1;0;2;22
2025-07-10;7;2025;jueves;23:00;0;0;2;23
2025-07-11;7;2025;viernes;00:00:00;0;0;3;0
2025-07-11;7;2025;viernes;01:00;1;1;3;1
2025-07-11;7;2025;viernes;02:00;0;0;3;2
2025-07-11;7;2025;viernes;03:00;0;0;3;3
2025-07-11;7;2025;viernes;04:00;1;0;3;4
2025-07-11;7;2025;viernes;05:00;0;0;3;5
2025-07-11;7;2025;viernes;06:00;0;0;3;6
2025-07-11;7;2025;viernes;07:00;0;0;3;7
2025-07-11;7;2025;viernes;08:00;1;0;2;8
2025-07-11;7;2025;viernes;09:00;0;1;2;9
2025-07-11;7;2025;viernes;10:00;1;0;1;10
2025-07-11;7;2025;viernes;11:00;1;0;1;11
2025-07-11;7;2025;viernes;12:00;0.503;0;1;12
2025-07-11;7;2025;viernes;13:00;0.497;0;1;13
2025-07-11;7;2025;viernes;14:00;0;0;2;14
2025-07-11;7;2025;viernes;15:00;1;1;2;15
2025-07-11;7;2025;viernes;16:00;0;0;2;16
2025-07-11;7;2025;viernes;17:00;0;0;2;17
2025-07-11;7;2025;viernes;18:00;1;0;1;18
2025-07-11;7;2025;viernes;19:00;0;0;1;19
2025-07-11;7;2025;viernes;20:00;1;1;1;20
2025-07-11;7;2025;viernes;21:00;0;0;1;21
2025-07-11;7;2025;viernes;22:00;0;0;2;22
2025-07-11;7;2025;viernes;23:00;1;0;2;23
2025-07-12;7;2025;sábado;00:00:00;0;0;3;0
2025-07-12;7;2025;sábado;01:00;0;0;3;1
2025-07-12;7;2025;sábado;02:00;0;0;3;2
2025-07-12;7;2025;sábado;03:00;1;1;3;3
2025-07-12;7;2025;sábado;04:00;0;0;3;4
2025-07-12;7;2025;sábado;05:00;0;0;3;5
2025-07-12;7;2025;sábado;06:00;0;0;3;6
2025-07-12;7;2025;sábado;07:00;1;0;3;7
2025-07-12;7;2025;sábado;08:00;0;0;3;8
2025-07-12;7;2025;sábado;09:00;1;1;3;9
2025-07-12;7;2025;sábado;10:00;1;1;3;10
2025-07-12;7;2025;sábado;11:00;1;0;3;11
2025-07-12;7;2025;sábado;12:00;0;0;3;12
2025-07-12;7;2025;sábado;13:00;1;0;3;13
2025-07-12;7;2025;sábado;14:00;0;0;3;14
2025-07-12;7;2025;sábado;15:00;1;0;3;15
2025-07-12;7;2025;sábado;16:00;0;0;3;16
2025-07-12;7;2025;sábado;17:00;0;1;3;17
2025-07-12;7;2025;sábado;18:00;1;0;3;18
2025-07-12;7;2025;sábado;19:00;0;0;3;19
2025-07-12;7;2025;sábado;20:00;1;0;3;20
2025-07-12;7;2025;sábado;21:00;0;1;3;21
2025-07-12;7;2025;sábado;22:00;1;0;3;22
2025-07-12;7;2025;sábado;23:00;0;0;3;23
2025-07-13;7;2025;domingo;00:00:00;0;0;3;0
2025-07-13;7;2025;domingo;01:00;0;0;3;1
2025-07-13;7;2025;domingo;02:00;1;0;3;2
2025-07-13;7;2025;domingo;03:00;0;0;3;3
2025-07-13;7;2025;domingo;04:00;0;1;3;4
2025-07-13;7;2025;domingo;05:00;0;0;3;5
2025-07-13;7;2025;domingo;06:00;1;0;3;6
2025-07-13;7;2025;domingo;07:00;0;0;3;7
2025-07-13;7;2025;domingo;08:00;0;0;3;8
2025-07-13;7;2025;domingo;09:00;1;1;3;9
2025-07-13;7;2025;domingo;10:00;1;0;3;10
2025-07-13;7;2025;domingo;11:00;1;0;3;11
2025-07-13;7;2025;domingo;12:00;0;0;3;12
2025-07-13;7;2025;domingo;13:00;1;0;3;13
2025-07-13;7;2025;domingo;14:00;0;1;3;14
2025-07-13;7;2025;domingo;15:00;1;0;3;15
2025-07-13;7;2025;domingo;16:00;0;0;3;16
2025-07-13;7;2025;domingo;17:00;0;0;3;17
2025-07-13;7;2025;domingo;18:00;2;0;3;18
2025-07-13;7;2025;domingo;19:00;0;0;3;19
2025-07-13;7;2025;domingo;20:00;0;0;3;20
2025-07-13;7;2025;domingo;21:00;0;1;3;21
2025-07-13;7;2025;domingo;22:00;1;0;3;22
2025-07-13;7;2025;domingo;23:00;0;0;3;23
2025-07-14;7;2025;lunes;00:00:00;0;0;3;0
2025-07-14;7;2025;lunes;01:00;0;0;3;1
2025-07-14;7;2025;lunes;02:00;0.506;0;3;2
2025-07-14;7;2025;lunes;03:00;0.494;0;3;3
2025-07-14;7;2025;lunes;04:00;0;0;3;4
2025-07-14;7;2025;lunes;05:00;0;1;3;5
2025-07-14;7;2025;lunes;06:00;0;0;3;6
2025-07-14;7;2025;lunes;07:00;1;0;3;7
2025-07-14;7;2025;lunes;08:00;0;0;2;8
2025-07-14;7;2025;lunes;09:00;0;0;2;9
2025-07-14;7;2025;lunes;10:00;0;0;1;10
2025-07-14;7;2025;lunes;11:00;1;0;1;11
2025-07-14;7;2025;lunes;12:00;0;1;1;12
2025-07-14;7;2025;lunes;13:00;0;0;1;13
2025-07-14;7;2025;lunes;14:00;1;0;2;14
2025-07-14;7;2025;lunes;15:00;0;0;2;15
2025-07-14;7;2025;lunes;16:00;0;0;2;16
2025-07-14;7;2025;lunes;17:00;0;0;2;17
2025-07-14;7;2025;lunes;18:00;2;1;1;18
2025-07-14;7;2025;lunes;19:00;2;0;1;19
2025-07-14;7;2025;lunes;20:00;0;1;1;20
2025-07-14;7;2025;lunes;21:00;1;0;1;21
2025-07-14;7;2025;lunes;22:00;0;0;2;22
2025-07-14;7;2025;lunes;23:00;0;0;2;23
2025-07-15;7;2025;martes;00:00:00;1;0;3;0
2025-07-15;7;2025;martes;01:00;0;0;3;1
2025-07-15;7;2025;martes;02:00;0;0;3;2
2025-07-15;7;2025;martes;03:00;1;0;3;3
2025-07-15;7;2025;martes;04:00;0;1;3;4
2025-07-15;7;2025;martes;05:00;0;0;3;5
2025-07-15;7;2025;martes;06:00;0;0;3;6
2025-07-15;7;2025;martes;07:00;1;0;3;7
2025-07-15;7;2025;martes;08:00;0;0;2;8
2025-07-15;7;2025;martes;09:00;1;1;2;9
2025-07-15;7;2025;martes;10:00;0;0;1;10
2025-07-15;7;2025;martes;11:00;0;0;1;11
2025-07-15;7;2025;martes;12:00;0;0;1;12
2025-07-15;7;2025;martes;13:00;1;0;1;13
2025-07-15;7;2025;martes;14:00;0;0;2;14
2025-07-15;7;2025;martes;15:00;1;0;2;15
2025-07-15;7;2025;martes;16:00;0;1;2;16
2025-07-15;7;2025;martes;17:00;0;0;2;17
2025-07-15;7;2025;martes;18:00;2;0;1;18
2025-07-15;7;2025;martes;19:00;1;0;1;19
2025-07-15;7;2025;martes;20:00;1;1;1;20
2025-07-15;7;2025;martes;21:00;0;0;1;21
2025-07-15;7;2025;martes;22:00;1;0;2;22
2025-07-15;7;2025;martes;23:00;0;0;2;23
2025-07-16;7;2025;miércoles;00:00:00;1;0;3;0
2025-07-16;7;2025;miércoles;01:00;0;0;3;1
2025-07-16;7;2025;miércoles;02:00;0;0;3;2
2025-07-16;7;2025;miércoles;03:00;1;1;3;3
2025-07-16;7;2025;miércoles;04:00;0;0;3;4
2025-07-16;7;2025;miércoles;05:00;0;0;3;5
2025-07-16;7;2025;miércoles;06:00;0;0;3;6
2025-07-16;7;2025;miércoles;07:00;1;0;3;7
2025-07-16;7;2025;miércoles;08:00;0;0;2;8
2025-07-16;7;2025;miércoles;09:00;0;0;2;9
2025-07-16;7;2025;miércoles;10:00;0;0;1;10
2025-07-16;7;2025;miércoles;11:00;1;1;1;11
2025-07-16;7;2025;miércoles;12:00;0;0;1;12
2025-07-16;7;2025;miércoles;13:00;0;0;1;13
2025-07-16;7;2025;miércoles;14:00;1;0;2;14
2025-07-16;7;2025;miércoles;15:00;0;0;2;15
2025-07-16;7;2025;miércoles;16:00;0;0;2;16
2025-07-16;7;2025;miércoles;17:00;1;0;2;17
2025-07-16;7;2025;miércoles;18:00;0;1;1;18
2025-07-16;7;2025;miércoles;19:00;1;0;1;19
2025-07-16;7;2025;miércoles;20:00;1;0;1;20
2025-07-16;7;2025;miércoles;21:00;0;0;1;21
2025-07-16;7;2025;miércoles;22:00;0;0;2;22
2025-07-16;7;2025;miércoles;23:00;1;0;2;23
2025-07-17;7;2025;jueves;00:00:00;0;0;3;0
2025-07-17;7;2025;jueves;01:00;0;1;3;1
2025-07-17;7;2025;jueves;02:00;1;0;3;2
2025-07-17;7;2025;jueves;03:00;0;0;3;3
2025-07-17;7;2025;jueves;04:00;0;0;3;4
2025-07-17;7;2025;jueves;05:00;0;0;3;5
2025-07-17;7;2025;jueves;06:00;1;0;3;6
2025-07-17;7;2025;jueves;07:00;0;0;3;7
2025-07-17;7;2025;jueves;08:00;0;1;2;8
2025-07-17;7;2025;jueves;09:00;1;0;2;9
2025-07-17;7;2025;jueves;10:00;0;0;1;10
2025-07-17;7;2025;jueves;11:00;0;0;1;11
2025-07-17;7;2025;jueves;12:00;1;0;1;12
2025-07-17;7;2025;jueves;13:00;0;0;1;13
2025-07-17;7;2025;jueves;14:00;1;1;2;14
2025-07-17;7;2025;jueves;15:00;0;0;2;15
2025-07-17;7;2025;jueves;16:00;0;0;2;16
2025-07-17;7;2025;jueves;17:00;1;0;2;17
2025-07-17;7;2025;jueves;18:00;1;0;1;18
2025-07-17;7;2025;jueves;19:00;1;1;1;19
2025-07-17;7;2025;jueves;20:00;0;0;1;20
2025-07-17;7;2025;jueves;21:00;1;1;1;21
2025-07-17;7;2025;jueves;22:00;0;0;2;22
2025-07-17;7;2025;jueves;23:00;0;0;2;23
2025-07-18;7;2025;viernes;00:00:00;1;0;3;0
2025-07-18;7;2025;viernes;01:00;0;0;3;1
2025-07-18;7;2025;viernes;02:00;0;0;3;2
2025-07-18;7;2025;viernes;03:00;1;1;3;3
2025-07-18;7;2025;viernes;04:00;0;0;3;4
2025-07-18;7;2025;viernes;05:00;0;0;3;5
2025-07-18;7;2025;viernes;06:00;1;0;3;6
2025-07-18;7;2025;viernes;07:00;0;0;3;7
2025-07-18;7;2025;viernes;08:00;0;0;2;8
2025-07-18;7;2025;viernes;09:00;1;0;2;9
2025-07-18;7;2025;viernes;10:00;0;1;1;10
2025-07-18;7;2025;viernes;11:00;0;0;1;11
2025-07-18;7;2025;viernes;12:00;1;0;1;12
2025-07-18;7;2025;viernes;13:00;1;0;1;13
2025-07-18;7;2025;viernes;14:00;0;0;2;14
2025-07-18;7;2025;viernes;15:00;1;0;2;15
2025-07-18;7;2025;viernes;16:00;0;1;2;16
2025-07-18;7;2025;viernes;17:00;1;0;2;17
2025-07-18;7;2025;viernes;18:00;0;0;1;18
2025-07-18;7;2025;viernes;19:00;1;0;1;19
2025-07-18;7;2025;viernes;20:00;0;0;1;20
2025-07-18;7;2025;viernes;21:00;1;0;1;21
2025-07-18;7;2025;viernes;22:00;0;1;2;22
2025-07-18;7;2025;viernes;23:00;0;0;2;23
2025-07-19;7;2025;sábado;00:00:00;1;0;3;0
2025-07-19;7;2025;sábado;01:00;0;0;3;1
2025-07-19;7;2025;sábado;02:00;0;0;3;2
2025-07-19;7;2025;sábado;03:00;0;0;3;3
2025-07-19;7;2025;sábado;04:00;1;0;3;4
2025-07-19;7;2025;sábado;05:00;0;0;3;5
2025-07-19;7;2025;sábado;06:00;0;1;3;6
2025-07-19;7;2025;sábado;07:00;1;0;3;7
2025-07-19;7;2025;sábado;08:00;0;0;3;8
2025-07-19;7;2025;sábado;09:00;1;0;3;9
2025-07-19;7;2025;sábado;10:00;1;0;3;10
2025-07-19;7;2025;sábado;11:00;1;1;3;11
2025-07-19;7;2025;sábado;12:00;0;0;3;12
2025-07-19;7;2025;sábado;13:00;1;0;3;13
2025-07-19;7;2025;sábado;14:00;1;0;3;14
2025-07-19;7;2025;sábado;15:00;0;0;3;15
2025-07-19;7;2025;sábado;16:00;1;0;3;16
2025-07-19;7;2025;sábado;17:00;0;1;3;17
2025-07-19;7;2025;sábado;18:00;0;0;3;18
2025-07-19;7;2025;sábado;19:00;1;0;3;19
2025-07-19;7;2025;sábado;20:00;0.494;0;3;20
2025-07-19;7;2025;sábado;21:00;0.506;0;3;21
2025-07-19;7;2025;sábado;22:00;0;0;3;22
2025-07-19;7;2025;sábado;23:00;1;1;3;23
2025-07-20;7;2025;domingo;00:00:00;0;0;3;0
2025-07-20;7;2025;domingo;01:00;0;0;3;1
2025-07-20;7;2025;domingo;02:00;1;0;3;2
2025-07-20;7;2025;domingo;03:00;0;0;3;3
2025-07-20;7;2025;domingo;04:00;0;0;3;4
2025-07-20;7;2025;domingo;05:00;1;0;3;5
2025-07-20;7;2025;domingo;06:00;0;0;3;6
2025-07-20;7;2025;domingo;07:00;0;1;3;7
2025-07-20;7;2025;domingo;08:00;0;0;3;8
2025-07-20;7;2025;domingo;09:00;1.377;0.344;3;9
2025-07-20;7;2025;domingo;10:00;1.512;0.378;3;10
2025-07-20;7;2025;domingo;11:00;1.618;0.405;3;11
2025-07-20;7;2025;domingo;12:00;1.721;0.43;3;12
2025-07-20;7;2025;domingo;13:00;1.772;0.443;3;13
2025-07-20;7;2025;domingo;14:00;1;1;3;14
2025-07-20;7;2025;domingo;15:00;0;0;3;15
2025-07-20;7;2025;domingo;16:00;1;0;3;16
2025-07-20;7;2025;domingo;17:00;1;0;3;17
2025-07-20;7;2025;domingo;18:00;0;0;3;18
2025-07-20;7;2025;domingo;19:00;1;1;3;19
2025-07-20;7;2025;domingo;20:00;1;0;3;20
2025-07-20;7;2025;domingo;21:00;1;0;3;21
2025-07-20;7;2025;domingo;22:00;0;0;3;22
2025-07-20;7;2025;domingo;23:00;0;0;3;23
2025-07-21;7;2025;lunes;00:00:00;1;0;3;0
2025-07-21;7;2025;lunes;01:00;0;1;3;1
2025-07-21;7;2025;lunes;02:00;0;0;3;2
2025-07-21;7;2025;lunes;03:00;1;0;3;3
2025-07-21;7;2025;lunes;04:00;0;0;3;4
2025-07-21;7;2025;lunes;05:00;0;0;3;5
2025-07-21;7;2025;lunes;06:00;1;0;3;6
2025-07-21;7;2025;lunes;07:00;0;0;3;7
2025-07-21;7;2025;lunes;08:00;0;1;2;8
2025-07-21;7;2025;lunes;09:00;1;0;2;9
2025-07-21;7;2025;lunes;10:00;0;0;1;10
2025-07-21;7;2025;lunes;11:00;2;0;1;11
2025-07-21;7;2025;lunes;12:00;0;1;1;12
2025-07-21;7;2025;lunes;13:00;1;0;1;13
2025-07-21;7;2025;lunes;14:00;1;0;2;14
2025-07-21;7;2025;lunes;15:00;1;1;2;15
2025-07-21;7;2025;lunes;16:00;0;0;2;16
2025-07-21;7;2025;lunes;17:00;1;0;2;17
2025-07-21;7;2025;lunes;18:00;0;0;1;18
2025-07-21;7;2025;lunes;19:00;1;0;1;19
2025-07-21;7;2025;lunes;20:00;0;1;1;20
2025-07-21;7;2025;lunes;21:00;1;0;1;21
2025-07-21;7;2025;lunes;22:00;1;1;2;22
2025-07-21;7;2025;lunes;23:00;0;0;2;23
2025-07-22;7;2025;martes;00:00:00;0;0;3;0
2025-07-22;7;2025;martes;01:00;0;0;3;1
2025-07-22;7;2025;martes;02:00;1;0;3;2
2025-07-22;7;2025;martes;03:00;0;0;3;3
2025-07-22;7;2025;martes;04:00;0;0;3;4
2025-07-22;7;2025;martes;05:00;0;1;3;5
2025-07-22;7;2025;martes;06:00;1;0;3;6
2025-07-22;7;2025;martes;07:00;0;0;3;7
2025-07-22;7;2025;martes;08:00;0;0;2;8
2025-07-22;7;2025;martes;09:00;1;0;2;9
2025-07-22;7;2025;martes;10:00;0;0;1;10
2025-07-22;7;2025;martes;11:00;0;0;1;11
2025-07-22;7;2025;martes;12:00;1;1;1;12
2025-07-22;7;2025;martes;13:00;0;0;1;13
2025-07-22;7;2025;martes;14:00;0;0;2;14
2025-07-22;7;2025;martes;15:00;1;0;2;15
2025-07-22;7;2025;martes;16:00;0;0;2;16
2025-07-22;7;2025;martes;17:00;0;0;2;17
2025-07-22;7;2025;martes;18:00;1;0;1;18
2025-07-22;7;2025;martes;19:00;0;0;1;19
2025-07-22;7;2025;martes;20:00;0;1;1;20
2025-07-22;7;2025;martes;21:00;1;0;1;21
2025-07-22;7;2025;martes;22:00;0;0;2;22
2025-07-22;7;2025;martes;23:00;0;0;2;23
2025-07-23;7;2025;miércoles;00:00:00;1;0;3;0
2025-07-23;7;2025;miércoles;01:00;0;0;3;1
2025-07-23;7;2025;miércoles;02:00;0;0;3;2
2025-07-23;7;2025;miércoles;03:00;0;1;3;3
2025-07-23;7;2025;miércoles;04:00;1;0;3;4
2025-07-23;7;2025;miércoles;05:00;0;0;3;5
2025-07-23;7;2025;miércoles;06:00;0;0;3;6
2025-07-23;7;2025;miércoles;07:00;0;0;3;7
2025-07-23;7;2025;miércoles;08:00;1;0;2;8
2025-07-23;7;2025;miércoles;09:00;0;0;2;9
2025-07-23;7;2025;miércoles;10:00;0;1;1;10
2025-07-23;7;2025;miércoles;11:00;1;0;1;11
2025-07-23;7;2025;miércoles;12:00;0;0;1;12
2025-07-23;7;2025;miércoles;13:00;1;0;1;13
2025-07-23;7;2025;miércoles;14:00;0;0;2;14
2025-07-23;7;2025;miércoles;15:00;0;1;2;15
2025-07-23;7;2025;miércoles;16:00;1;0;2;16
2025-07-23;7;2025;miércoles;17:00;1;0;2;17
2025-07-23;7;2025;miércoles;18:00;0;0;1;18
2025-07-23;7;2025;miércoles;19:00;0;0;1;19
2025-07-23;7;2025;miércoles;20:00;1;0;1;20
2025-07-23;7;2025;miércoles;21:00;0;0;1;21
2025-07-23;7;2025;miércoles;22:00;0;1;2;22
2025-07-23;7;2025;miércoles;23:00;1;0;2;23
2025-07-24;7;2025;jueves;00:00:00;0;0;3;0
2025-07-24;7;2025;jueves;01:00;0;0;3;1
2025-07-24;7;2025;jueves;02:00;0;0;3;2
2025-07-24;7;2025;jueves;03:00;1;0;3;3
2025-07-24;7;2025;jueves;04:00;0;0;3;4
2025-07-24;7;2025;jueves;05:00;0;1;3;5
2025-07-24;7;2025;jueves;06:00;1;0;3;6
2025-07-24;7;2025;jueves;07:00;0;0;3;7
2025-07-24;7;2025;jueves;08:00;1;0;2;8
2025-07-24;7;2025;jueves;09:00;1;0;2;9
2025-07-24;7;2025;jueves;10:00;1;1;1;10
2025-07-24;7;2025;jueves;11:00;1;0;1;11
2025-07-24;7;2025;jueves;12:00;1;0;1;12
2025-07-24;7;2025;jueves;13:00;0;0;1;13
2025-07-24;7;2025;jueves;14:00;1;1;2;14
2025-07-24;7;2025;jueves;15:00;0;0;2;15
2025-07-24;7;2025;jueves;16:00;0;0;2;16
2025-07-24;7;2025;jueves;17:00;1;0;2;17
2025-07-24;7;2025;jueves;18:00;0;0;1;18
2025-07-24;7;2025;jueves;19:00;1;0;1;19
2025-07-24;7;2025;jueves;20:00;0;1;1;20
2025-07-24;7;2025;jueves;21:00;1;0;1;21
2025-07-24;7;2025;jueves;22:00;0;1;2;22
2025-07-24;7;2025;jueves;23:00;0;0;2;23
2025-07-25;7;2025;viernes;00:00:00;1;0;3;0
2025-07-25;7;2025;viernes;01:00;0;0;3;1
2025-07-25;7;2025;viernes;02:00;0;0;3;2
2025-07-25;7;2025;viernes;03:00;0;1;3;3
2025-07-25;7;2025;viernes;04:00;1;0;3;4
2025-07-25;7;2025;viernes;05:00;0;0;3;5
2025-07-25;7;2025;viernes;06:00;0;0;3;6
2025-07-25;7;2025;viernes;07:00;1;0;3;7
2025-07-25;7;2025;viernes;08:00;0;0;2;8
2025-07-25;7;2025;viernes;09:00;0;1;2;9
2025-07-25;7;2025;viernes;10:00;0;0;1;10
2025-07-25;7;2025;viernes;11:00;1;0;1;11
2025-07-25;7;2025;viernes;12:00;0;0;1;12
2025-07-25;7;2025;viernes;13:00;1;0;1;13
2025-07-25;7;2025;viernes;14:00;0;0;2;14
2025-07-25;7;2025;viernes;15:00;1;0;2;15
2025-07-25;7;2025;viernes;16:00;0;1;2;16
2025-07-25;7;2025;viernes;17:00;1;0;2;17
2025-07-25;7;2025;viernes;18:00;0;0;1;18
2025-07-25;7;2025;viernes;19:00;0;0;1;19
2025-07-25;7;2025;viernes;20:00;1;0;1;20
2025-07-25;7;2025;viernes;21:00;0;0;1;21
2025-07-25;7;2025;viernes;22:00;0;0;2;22
2025-07-25;7;2025;viernes;23:00;1;0;2;23
2025-07-26;7;2025;sábado;00:00:00;0;1;3;0
2025-07-26;7;2025;sábado;01:00;0;0;3;1
2025-07-26;7;2025;sábado;02:00;0;0;3;2
2025-07-26;7;2025;sábado;03:00;1;0;3;3
2025-07-26;7;2025;sábado;04:00;0;0;3;4
2025-07-26;7;2025;sábado;05:00;0;0;3;5
2025-07-26;7;2025;sábado;06:00;0;0;3;6
2025-07-26;7;2025;sábado;07:00;1;1;3;7
2025-07-26;7;2025;sábado;08:00;0;0;3;8
2025-07-26;7;2025;sábado;09:00;0;0;3;9
2025-07-26;7;2025;sábado;10:00;1;0;3;10
2025-07-26;7;2025;sábado;11:00;1;0;3;11
2025-07-26;7;2025;sábado;12:00;1;1;3;12
2025-07-26;7;2025;sábado;13:00;0;0;3;13
2025-07-26;7;2025;sábado;14:00;1;0;3;14
2025-07-26;7;2025;sábado;15:00;1;0;3;15
2025-07-26;7;2025;sábado;16:00;0;0;3;16
2025-07-26;7;2025;sábado;17:00;1;0;3;17
2025-07-26;7;2025;sábado;18:00;1;0;3;18
2025-07-26;7;2025;sábado;19:00;0;0;3;19
2025-07-26;7;2025;sábado;20:00;1;1;3;20
2025-07-26;7;2025;sábado;21:00;0;0;3;21
2025-07-26;7;2025;sábado;22:00;1;0;3;22
2025-07-26;7;2025;sábado;23:00;0;0;3;23
2025-07-27;7;2025;domingo;00:00:00;0;0;3;0
2025-07-27;7;2025;domingo;01:00;0;0;3;1
2025-07-27;7;2025;domingo;02:00;1;0;3;2
2025-07-27;7;2025;domingo;03:00;0;0;3;3
2025-07-27;7;2025;domingo;04:00;0;0;3;4
2025-07-27;7;2025;domingo;05:00;0;0;3;5
2025-07-27;7;2025;domingo;06:00;1;0;3;6
2025-07-27;7;2025;domingo;07:00;0;1;3;7
2025-07-27;7;2025;domingo;08:00;0;0;3;8
2025-07-27;7;2025;domingo;09:00;1;0;3;9
2025-07-27;7;2025;domingo;10:00;1;0;3;10
2025-07-27;7;2025;domingo;11:00;1;0;3;11
2025-07-27;7;2025;domingo;12:00;0;0;3;12
2025-07-27;7;2025;domingo;13:00;1;1;3;13
2025-07-27;7;2025;domingo;14:00;1;0;3;14
2025-07-27;7;2025;domingo;15:00;0;0;3;15
2025-07-27;7;2025;domingo;16:00;0;0;3;16
2025-07-27;7;2025;domingo;17:00;1;0;3;17
2025-07-27;7;2025;domingo;18:00;1;0;3;18
2025-07-27;7;2025;domingo;19:00;0;0;3;19
2025-07-27;7;2025;domingo;20:00;0;0;3;20
2025-07-27;7;2025;domingo;21:00;0;0;3;21
2025-07-27;7;2025;domingo;22:00;1;0;3;22
2025-07-27;7;2025;domingo;23:00;0;0;3;23
2025-07-28;7;2025;lunes;00:00:00;1;1;3;0
2025-07-28;7;2025;lunes;01:00;0;0;3;1
2025-07-28;7;2025;lunes;02:00;0;0;3;2
2025-07-28;7;2025;lunes;03:00;0;0;3;3
2025-07-28;7;2025;lunes;04:00;1;0;3;4
2025-07-28;7;2025;lunes;05:00;0;0;3;5
2025-07-28;7;2025;lunes;06:00;0;0;3;6
2025-07-28;7;2025;lunes;07:00;0;0;3;7
2025-07-28;7;2025;lunes;08:00;1;0;2;8
2025-07-28;7;2025;lunes;09:00;0;0;2;9
2025-07-28;7;2025;lunes;10:00;0;0;1;10
2025-07-28;7;2025;lunes;11:00;1;0;1;11
2025-07-28;7;2025;lunes;12:00;0;1;1;12
2025-07-28;7;2025;lunes;13:00;1;0;1;13
2025-07-28;7;2025;lunes;14:00;1;0;2;14
2025-07-28;7;2025;lunes;15:00;0;0;2;15
2025-07-28;7;2025;lunes;16:00;0;0;2;16
2025-07-28;7;2025;lunes;17:00;1;0;2;17
2025-07-28;7;2025;lunes;18:00;0;0;1;18
2025-07-28;7;2025;lunes;19:00;1;0;1;19
2025-07-28;7;2025;lunes;20:00;0;1;1;20
2025-07-28;7;2025;lunes;21:00;1;0;1;21
2025-07-28;7;2025;lunes;22:00;0;0;2;22
2025-07-28;7;2025;lunes;23:00;1;0;2;23
2025-07-29;7;2025;martes;00:00:00;0;0;3;0
2025-07-29;7;2025;martes;01:00;0;0;3;1
2025-07-29;7;2025;martes;02:00;0;0;3;2
2025-07-29;7;2025;martes;03:00;1;0;3;3
2025-07-29;7;2025;martes;04:00;0;0;3;4
2025-07-29;7;2025;martes;05:00;0;0;3;5
2025-07-29;7;2025;martes;06:00;0;1;3;6
2025-07-29;7;2025;martes;07:00;1;0;3;7
2025-07-29;7;2025;martes;08:00;0;0;2;8
2025-07-29;7;2025;martes;09:00;0;0;2;9
2025-07-29;7;2025;martes;10:00;1;0;1;10
2025-07-29;7;2025;martes;11:00;0;0;1;11
2025-07-29;7;2025;martes;12:00;1;0;1;12
2025-07-29;7;2025;martes;13:00;0;0;1;13
2025-07-29;7;2025;martes;14:00;0;0;2;14
2025-07-29;7;2025;martes;15:00;1;0;2;15
2025-07-29;7;2025;martes;16:00;0;1;2;16
2025-07-29;7;2025;martes;17:00;1;0;2;17
2025-07-29;7;2025;martes;18:00;1;0;1;18
2025-07-29;7;2025;martes;19:00;0;0;1;19
2025-07-29;7;2025;martes;20:00;0;0;1;20
2025-07-29;7;2025;martes;21:00;0;0;1;21
2025-07-29;7;2025;martes;22:00;1;0;2;22
2025-07-29;7;2025;martes;23:00;0;0;2;23
2025-07-30;7;2025;miércoles;00:00:00;0;0;3;0
2025-07-30;7;2025;miércoles;01:00;1;0;3;1
2025-07-30;7;2025;miércoles;02:00;0;0;3;2
2025-07-30;7;2025;miércoles;03:00;0;1;3;3
2025-07-30;7;2025;miércoles;04:00;1;0;3;4
2025-07-30;7;2025;miércoles;05:00;0;0;3;5
2025-07-30;7;2025;miércoles;06:00;0;0;3;6
2025-07-30;7;2025;miércoles;07:00;0;0;3;7
2025-07-30;7;2025;miércoles;08:00;1;0;2;8
2025-07-30;7;2025;miércoles;09:00;0;1;2;9
2025-07-30;7;2025;miércoles;10:00;1;0;1;10
2025-07-30;7;2025;miércoles;11:00;0;0;1;11
2025-07-30;7;2025;miércoles;12:00;0;0;1;12
2025-07-30;7;2025;miércoles;13:00;1;0;1;13
2025-07-30;7;2025;miércoles;14:00;0.517;0.517;2;14
2025-07-30;7;2025;miércoles;15:00;0.483;0.483;2;15
2025-07-30;7;2025;miércoles;16:00;1;0;2;16
2025-07-30;7;2025;miércoles;17:00;0;0;2;17
2025-07-30;7;2025;miércoles;18:00;0;0;1;18
2025-07-30;7;2025;miércoles;19:00;0;0;1;19
2025-07-30;7;2025;miércoles;20:00;1;0;1;20
2025-07-30;7;2025;miércoles;21:00;0;0;1;21
2025-07-30;7;2025;miércoles;22:00;0;1;2;22
2025-07-30;7;2025;miércoles;23:00;1;0;2;23
2025-07-31;7;2025;jueves;00:00:00;0;0;3;0
2025-07-31;7;2025;jueves;01:00;0;0;3;1
2025-07-31;7;2025;jueves;02:00;1;0;3;2
2025-07-31;7;2025;jueves;03:00;0;0;3;3
2025-07-31;7;2025;jueves;04:00;0;0;3;4
2025-07-31;7;2025;jueves;05:00;1;0;3;5
2025-07-31;7;2025;jueves;06:00;0;1;3;6
2025-07-31;7;2025;jueves;07:00;0;0;3;7
2025-07-31;7;2025;jueves;08:00;1;0;2;8
2025-07-31;7;2025;jueves;09:00;0;0;2;9
2025-07-31;7;2025;jueves;10:00;0;0;1;10
2025-07-31;7;2025;jueves;11:00;1;0;1;11
2025-07-31;7;2025;jueves;12:00;0;0;1;12
2025-07-31;7;2025;jueves;13:00;1;0;1;13
2025-07-31;7;2025;jueves;14:00;0;1;2;14
2025-07-31;7;2025;jueves;15:00;1;0;2;15
2025-07-31;7;2025;jueves;16:00;0;0;2;16
2025-07-31;7;2025;jueves;17:00;1;0;2;17
2025-07-31;7;2025;jueves;18:00;1;0;1;18
2025-07-31;7;2025;jueves;19:00;1;0;1;19
2025-07-31;7;2025;jueves;20:00;1;1;1;20
2025-07-31;7;2025;jueves;21:00;0;0;1;21
2025-07-31;7;2025;jueves;22:00;1;0;2;22
2025-07-31;7;2025;jueves;23:00;0;0;2;23
2025-08-01;8;2025;viernes;00:00:00;1;0;3;0
2025-08-01;8;2025;viernes;01:00;0;0;3;1
2025-08-01;8;2025;viernes;02:00;0;1;3;2
2025-08-01;8;2025;viernes;03:00;0;0;3;3
2025-08-01;8;2025;viernes;04:00;1;0;3;4
2025-08-01;8;2025;viernes;05:00;0;0;3;5
2025-08-01;8;2025;viernes;06:00;0;0;3;6
2025-08-01;8;2025;viernes;07:00;1;0;3;7
2025-08-01;8;2025;viernes;08:00;0;0;2;8
2025-08-01;8;2025;viernes;09:00;1;0;2;9
2025-08-01;8;2025;viernes;10:00;1;1;1;10
2025-08-01;8;2025;viernes;11:00;1;0;1;11
2025-08-01;8;2025;viernes;12:00;0;1;1;12
2025-08-01;8;2025;viernes;13:00;2;0;1;13
2025-08-01;8;2025;viernes;14:00;0;0;2;14
2025-08-01;8;2025;viernes;15:00;1;0;2;15
2025-08-01;8;2025;viernes;16:00;0;0;2;16
2025-08-01;8;2025;viernes;17:00;1;0;2;17
2025-08-01;8;2025;viernes;18:00;1;1;1;18
2025-08-01;8;2025;viernes;19:00;1;0;1;19
2025-08-01;8;2025;viernes;20:00;1;0;1;20
2025-08-01;8;2025;viernes;21:00;0;0;1;21
2025-08-01;8;2025;viernes;22:00;0;0;2;22
2025-08-01;8;2025;viernes;23:00;1;0;2;23
2025-08-02;8;2025;sábado;00:00:00;0;0;3;0
2025-08-02;8;2025;sábado;01:00;0;0;3;1
2025-08-02;8;2025;sábado;02:00;1;1;3;2
2025-08-02;8;2025;sábado;03:00;0;0;3;3
2025-08-02;8;2025;sábado;04:00;0;0;3;4
2025-08-02;8;2025;sábado;05:00;0;0;3;5
2025-08-02;8;2025;sábado;06:00;1;0;3;6
2025-08-02;8;2025;sábado;07:00;0;0;3;7
2025-08-02;8;2025;sábado;08:00;0;0;3;8
2025-08-02;8;2025;sábado;09:00;1;0;3;9
2025-08-02;8;2025;sábado;10:00;0;0;3;10
2025-08-02;8;2025;sábado;11:00;1;1;3;11
2025-08-02;8;2025;sábado;12:00;1;0;3;12
2025-08-02;8;2025;sábado;13:00;1;0;3;13
2025-08-02;8;2025;sábado;14:00;1;1;3;14
2025-08-02;8;2025;sábado;15:00;1;0;3;15
2025-08-02;8;2025;sábado;16:00;2;0;3;16
2025-08-02;8;2025;sábado;17:00;3;0;3;17
2025-08-02;8;2025;sábado;18:00;2;0;3;18
2025-08-02;8;2025;sábado;19:00;3;0;3;19
2025-08-02;8;2025;sábado;20:00;2;0;3;20
2025-08-02;8;2025;sábado;21:00;0;0;3;21
2025-08-02;8;2025;sábado;22:00;1;0;3;22
2025-08-02;8;2025;sábado;23:00;0;0;3;23
2025-08-03;8;2025;domingo;00:00:00;1;0;3;0
2025-08-03;8;2025;domingo;01:00;0;0;3;1
2025-08-03;8;2025;domingo;02:00;0;0;3;2
2025-08-03;8;2025;domingo;03:00;1;0;3;3
2025-08-03;8;2025;domingo;04:00;0;0;3;4
2025-08-03;8;2025;domingo;05:00;0;1;3;5
2025-08-03;8;2025;domingo;06:00;1;0;3;6
2025-08-03;8;2025;domingo;07:00;0;0;3;7
2025-08-03;8;2025;domingo;08:00;0;0;3;8
2025-08-03;8;2025;domingo;09:00;1;0;3;9
2025-08-03;8;2025;domingo;10:00;1;0;3;10
2025-08-03;8;2025;domingo;11:00;1;1;3;11
2025-08-03;8;2025;domingo;12:00;0;0;3;12
2025-08-03;8;2025;domingo;13:00;1;0;3;13
2025-08-03;8;2025;domingo;14:00;1;1;3;14
2025-08-03;8;2025;domingo;15:00;0;0;3;15
2025-08-03;8;2025;domingo;16:00;1;0;3;16
2025-08-03;8;2025;domingo;17:00;0;0;3;17
2025-08-03;8;2025;domingo;18:00;1;0;3;18
2025-08-03;8;2025;domingo;19:00;1;0;3;19
2025-08-03;8;2025;domingo;20:00;0;0;3;20
2025-08-03;8;2025;domingo;21:00;1;0;3;21
2025-08-03;8;2025;domingo;22:00;0;0;3;22
2025-08-03;8;2025;domingo;23:00;0;0;3;23
2025-08-04;8;2025;lunes;00:00:00;1;0;3;0
2025-08-04;8;2025;lunes;01:00;0;1;3;1
2025-08-04;8;2025;lunes;02:00;0;0;3;2
2025-08-04;8;2025;lunes;03:00;0;0;3;3
2025-08-04;8;2025;lunes;04:00;1;0;3;4
2025-08-04;8;2025;lunes;05:00;0;0;3;5
2025-08-04;8;2025;lunes;06:00;0;0;3;6
2025-08-04;8;2025;lunes;07:00;0;0;3;7
2025-08-04;8;2025;lunes;08:00;1;0;2;8
2025-08-04;8;2025;lunes;09:00;0;0;2;9
2025-08-04;8;2025;lunes;10:00;2;1;1;10
2025-08-04;8;2025;lunes;11:00;0;0;1;11
2025-08-04;8;2025;lunes;12:00;1;0;1;12
2025-08-04;8;2025;lunes;13:00;0;0;1;13
2025-08-04;8;2025;lunes;14:00;1;0;2;14
2025-08-04;8;2025;lunes;15:00;0;0;2;15
2025-08-04;8;2025;lunes;16:00;0;0;2;16
2025-08-04;8;2025;lunes;17:00;1;1;2;17
2025-08-04;8;2025;lunes;18:00;1;0;1;18
2025-08-04;8;2025;lunes;19:00;0;0;1;19
2025-08-04;8;2025;lunes;20:00;0;0;1;20
2025-08-04;8;2025;lunes;21:00;1;0;1;21
2025-08-04;8;2025;lunes;22:00;1;0;2;22
2025-08-04;8;2025;lunes;23:00;0;0;2;23
2025-08-05;8;2025;martes;00:00:00;1;0;3;0
2025-08-05;8;2025;martes;01:00;0;0;3;1
2025-08-05;8;2025;martes;02:00;0;0;3;2
2025-08-05;8;2025;martes;03:00;1;0;3;3
2025-08-05;8;2025;martes;04:00;0;0;3;4
2025-08-05;8;2025;martes;05:00;0;0;3;5
2025-08-05;8;2025;martes;06:00;1;0;3;6
2025-08-05;8;2025;martes;07:00;0;1;3;7
2025-08-05;8;2025;martes;08:00;0;0;2;8
2025-08-05;8;2025;martes;09:00;0;0;2;9
2025-08-05;8;2025;martes;10:00;1;0;1;10
2025-08-05;8;2025;martes;11:00;0;0;1;11
2025-08-05;8;2025;martes;12:00;1;0;1;12
2025-08-05;8;2025;martes;13:00;0;0;1;13
2025-08-05;8;2025;martes;14:00;1;0;2;14
2025-08-05;8;2025;martes;15:00;0;0;2;15
2025-08-05;8;2025;martes;16:00;0;0;2;16
2025-08-05;8;2025;martes;17:00;1;0;2;17
2025-08-05;8;2025;martes;18:00;1;0;1;18
2025-08-05;8;2025;martes;19:00;1;0;1;19
2025-08-05;8;2025;martes;20:00;0;1;1;20
2025-08-05;8;2025;martes;21:00;1;0;1;21
2025-08-05;8;2025;martes;22:00;1;0;2;22
2025-08-05;8;2025;martes;23:00;0;0;2;23
2025-08-06;8;2025;miércoles;00:00:00;1;0;3;0
2025-08-06;8;2025;miércoles;01:00;0;0;3;1
2025-08-06;8;2025;miércoles;02:00;0;0;3;2
2025-08-06;8;2025;miércoles;03:00;1;0;3;3
2025-08-06;8;2025;miércoles;04:00;0;1;3;4
2025-08-06;8;2025;miércoles;05:00;0;0;3;5
2025-08-06;8;2025;miércoles;06:00;1;0;3;6
2025-08-06;8;2025;miércoles;07:00;0;0;3;7
2025-08-06;8;2025;miércoles;08:00;0;0;2;8
2025-08-06;8;2025;miércoles;09:00;1;0;2;9
2025-08-06;8;2025;miércoles;10:00;1;0;1;10
2025-08-06;8;2025;miércoles;11:00;0;0;1;11
2025-08-06;8;2025;miércoles;12:00;1;1;1;12
2025-08-06;8;2025;miércoles;13:00;1;0;1;13
2025-08-06;8;2025;miércoles;14:00;1;0;2;14
2025-08-06;8;2025;miércoles;15:00;0;0;2;15
2025-08-06;8;2025;miércoles;16:00;1;0;2;16
2025-08-06;8;2025;miércoles;17:00;1;0;2;17
2025-08-06;8;2025;miércoles;18:00;0;1;1;18
2025-08-06;8;2025;miércoles;19:00;1;0;1;19
2025-08-06;8;2025;miércoles;20:00;0;0;1;20
2025-08-06;8;2025;miércoles;21:00;1;0;1;21
2025-08-06;8;2025;miércoles;22:00;0;0;2;22
2025-08-06;8;2025;miércoles;23:00;1;0;2;23
2025-08-07;8;2025;jueves;00:00:00;0;0;3;0
2025-08-07;8;2025;jueves;01:00;1;0;3;1
2025-08-07;8;2025;jueves;02:00;0;0;3;2
2025-08-07;8;2025;jueves;03:00;0;1;3;3
2025-08-07;8;2025;jueves;04:00;1;0;3;4
2025-08-07;8;2025;jueves;05:00;0;0;3;5
2025-08-07;8;2025;jueves;06:00;0;0;3;6
2025-08-07;8;2025;jueves;07:00;0;0;3;7
2025-08-07;8;2025;jueves;08:00;1;0;2;8
2025-08-07;8;2025;jueves;09:00;1;0;2;9
2025-08-07;8;2025;jueves;10:00;1;1;1;10
2025-08-07;8;2025;jueves;11:00;1;0;1;11
2025-08-07;8;2025;jueves;12:00;1;1;1;12
2025-08-07;8;2025;jueves;13:00;0;0;1;13
2025-08-07;8;2025;jueves;14:00;1;0;2;14
2025-08-07;8;2025;jueves;15:00;0;0;2;15
2025-08-07;8;2025;jueves;16:00;1;0;2;16
2025-08-07;8;2025;jueves;17:00;0;0;2;17
2025-08-07;8;2025;jueves;18:00;1;1;1;18
2025-08-07;8;2025;jueves;19:00;3;0;1;19
2025-08-07;8;2025;jueves;20:00;2;0;1;20
2025-08-07;8;2025;jueves;21:00;1;0;1;21
2025-08-07;8;2025;jueves;22:00;0;0;2;22
2025-08-07;8;2025;jueves;23:00;1;0;2;23
2025-08-08;8;2025;viernes;00:00:00;0;0;3;0
2025-08-08;8;2025;viernes;01:00;0;0;3;1
2025-08-08;8;2025;viernes;02:00;1;0;3;2
2025-08-08;8;2025;viernes;03:00;0;0;3;3
2025-08-08;8;2025;viernes;04:00;0;0;3;4
2025-08-08;8;2025;viernes;05:00;1;0;3;5
2025-08-08;8;2025;viernes;06:00;0;0;3;6
2025-08-08;8;2025;viernes;07:00;0;1;3;7
2025-08-08;8;2025;viernes;08:00;1;0;2;8
2025-08-08;8;2025;viernes;09:00;1;0;2;9
2025-08-08;8;2025;viernes;10:00;0;1;1;10
2025-08-08;8;2025;viernes;11:00;2;0;1;11
2025-08-08;8;2025;viernes;12:00;2;0;1;12
2025-08-08;8;2025;viernes;13:00;1;1;1;13
2025-08-08;8;2025;viernes;14:00;1;0;2;14
2025-08-08;8;2025;viernes;15:00;1;0;2;15
2025-08-08;8;2025;viernes;16:00;0;1;2;16
2025-08-08;8;2025;viernes;17:00;1;0;2;17
2025-08-08;8;2025;viernes;18:00;1;0;1;18
2025-08-08;8;2025;viernes;19:00;0;0;1;19
2025-08-08;8;2025;viernes;20:00;1;0;1;20
2025-08-08;8;2025;viernes;21:00;0;0;1;21
2025-08-08;8;2025;viernes;22:00;1;0;2;22
2025-08-08;8;2025;viernes;23:00;1;1;2;23
2025-08-09;8;2025;sábado;00:00:00;0;0;3;0
2025-08-09;8;2025;sábado;01:00;1;0;3;1
2025-08-09;8;2025;sábado;02:00;0;0;3;2
2025-08-09;8;2025;sábado;03:00;0;0;3;3
2025-08-09;8;2025;sábado;04:00;1;0;3;4
2025-08-09;8;2025;sábado;05:00;0;0;3;5
2025-08-09;8;2025;sábado;06:00;0;0;3;6
2025-08-09;8;2025;sábado;07:00;0;0;3;7
2025-08-09;8;2025;sábado;08:00;1;0;3;8
2025-08-09;8;2025;sábado;09:00;1;0;3;9
2025-08-09;8;2025;sábado;10:00;0;1;3;10
2025-08-09;8;2025;sábado;11:00;1;0;3;11
2025-08-09;8;2025;sábado;12:00;1;0;3;12
2025-08-09;8;2025;sábado;13:00;1;0;3;13
2025-08-09;8;2025;sábado;14:00;3;0;3;14
2025-08-09;8;2025;sábado;15:00;2;0;3;15
2025-08-09;8;2025;sábado;16:00;2;0;3;16
2025-08-09;8;2025;sábado;17:00;2;0;3;17
2025-08-09;8;2025;sábado;18:00;4;0;3;18
2025-08-09;8;2025;sábado;19:00;3;0;3;19
2025-08-09;8;2025;sábado;20:00;2;0;3;20
2025-08-09;8;2025;sábado;21:00;1;0;3;21
2025-08-09;8;2025;sábado;22:00;1;0;3;22
2025-08-09;8;2025;sábado;23:00;1;1;3;23
2025-08-10;8;2025;domingo;00:00:00;0;0;3;0
2025-08-10;8;2025;domingo;01:00;1;0;3;1
2025-08-10;8;2025;domingo;02:00;0;0;3;2
2025-08-10;8;2025;domingo;03:00;0;0;3;3
2025-08-10;8;2025;domingo;04:00;1;0;3;4
2025-08-10;8;2025;domingo;05:00;0;0;3;5
2025-08-10;8;2025;domingo;06:00;1;0;3;6
2025-08-10;8;2025;domingo;07:00;0;0;3;7
2025-08-10;8;2025;domingo;08:00;0;0;3;8
2025-08-10;8;2025;domingo;09:00;2;1;3;9
2025-08-10;8;2025;domingo;10:00;1;0;3;10
2025-08-10;8;2025;domingo;11:00;0;1;3;11
2025-08-10;8;2025;domingo;12:00;1;0;3;12
2025-08-10;8;2025;domingo;13:00;2;0;3;13
2025-08-10;8;2025;domingo;14:00;3;1;3;14
2025-08-10;8;2025;domingo;15:00;2;0;3;15
2025-08-10;8;2025;domingo;16:00;2;0;3;16
2025-08-10;8;2025;domingo;17:00;2;0;3;17
2025-08-10;8;2025;domingo;18:00;2;0;3;18
2025-08-10;8;2025;domingo;19:00;2;0;3;19
2025-08-10;8;2025;domingo;20:00;1;0;3;20
2025-08-10;8;2025;domingo;21:00;2;0;3;21
2025-08-10;8;2025;domingo;22:00;2;0;3;22
2025-08-10;8;2025;domingo;23:00;1;0;3;23
2025-08-11;8;2025;lunes;00:00:00;1;0;3;0
2025-08-11;8;2025;lunes;01:00;1;0;3;1
2025-08-11;8;2025;lunes;02:00;1;0;3;2
2025-08-11;8;2025;lunes;03:00;1;0;3;3
2025-08-11;8;2025;lunes;04:00;1;0;3;4
2025-08-11;8;2025;lunes;05:00;1;0;3;5
2025-08-11;8;2025;lunes;06:00;1;0;3;6
2025-08-11;8;2025;lunes;07:00;1;0;3;7
2025-08-11;8;2025;lunes;08:00;0;1;2;8
2025-08-11;8;2025;lunes;09:00;1;0;2;9
2025-08-11;8;2025;lunes;10:00;1;0;1;10
2025-08-11;8;2025;lunes;11:00;1;1;1;11
2025-08-11;8;2025;lunes;12:00;0;0;1;12
2025-08-11;8;2025;lunes;13:00;2;0;1;13
2025-08-11;8;2025;lunes;14:00;1;0;2;14
2025-08-11;8;2025;lunes;15:00;2;0;2;15
2025-08-11;8;2025;lunes;16:00;2;0;2;16
2025-08-11;8;2025;lunes;17:00;2;0;2;17
2025-08-11;8;2025;lunes;18:00;1;0;1;18
2025-08-11;8;2025;lunes;19:00;2;0;1;19
2025-08-11;8;2025;lunes;20:00;0;0;1;20
2025-08-11;8;2025;lunes;21:00;1;1;1;21
2025-08-11;8;2025;lunes;22:00;1;0;2;22
2025-08-11;8;2025;lunes;23:00;2;1;2;23
2025-08-12;8;2025;martes;00:00:00;1;0;3;0
2025-08-12;8;2025;martes;01:00;1;0;3;1
2025-08-12;8;2025;martes;02:00;1;0;3;2
2025-08-12;8;2025;martes;03:00;1;0;3;3
2025-08-12;8;2025;martes;04:00;1;0;3;4
2025-08-12;8;2025;martes;05:00;1;0;3;5
2025-08-12;8;2025;martes;06:00;1;0;3;6
2025-08-12;8;2025;martes;07:00;1;0;3;7
2025-08-12;8;2025;martes;08:00;0;0;2;8
2025-08-12;8;2025;martes;09:00;1;0;2;9
2025-08-12;8;2025;martes;10:00;2;0;1;10
2025-08-12;8;2025;martes;11:00;1;1;1;11
2025-08-12;8;2025;martes;12:00;1;0;1;12
2025-08-12;8;2025;martes;13:00;0;0;1;13
2025-08-12;8;2025;martes;14:00;1;0;2;14
2025-08-12;8;2025;martes;15:00;0;0;2;15
2025-08-12;8;2025;martes;16:00;1;0;2;16
2025-08-12;8;2025;martes;17:00;0;0;2;17
2025-08-12;8;2025;martes;18:00;1;0;1;18
2025-08-12;8;2025;martes;19:00;1;0;1;19
2025-08-12;8;2025;martes;20:00;1;1;1;20
2025-08-12;8;2025;martes;21:00;0;0;1;21
2025-08-12;8;2025;martes;22:00;3;0;2;22
2025-08-12;8;2025;martes;23:00;2;0;2;23
2025-08-13;8;2025;miércoles;00:00:00;1;0;3;0
2025-08-13;8;2025;miércoles;01:00;1;0;3;1
2025-08-13;8;2025;miércoles;02:00;1;0;3;2
2025-08-13;8;2025;miércoles;03:00;1;0;3;3
2025-08-13;8;2025;miércoles;04:00;0;0;3;4
2025-08-13;8;2025;miércoles;05:00;1;0;3;5
2025-08-13;8;2025;miércoles;06:00;1;0;3;6
2025-08-13;8;2025;miércoles;07:00;0;0;3;7
2025-08-13;8;2025;miércoles;08:00;1;0;2;8
2025-08-13;8;2025;miércoles;09:00;0;0;2;9
2025-08-13;8;2025;miércoles;10:00;1;1;1;10
2025-08-13;8;2025;miércoles;11:00;2;0;1;11
2025-08-13;8;2025;miércoles;12:00;3;0;1;12
2025-08-13;8;2025;miércoles;13:00;2;1;1;13
2025-08-13;8;2025;miércoles;14:00;3;0;2;14
2025-08-13;8;2025;miércoles;15:00;0;0;2;15
2025-08-13;8;2025;miércoles;16:00;1;1;2;16
2025-08-13;8;2025;miércoles;17:00;0;0;2;17
2025-08-13;8;2025;miércoles;18:00;2;0;1;18
2025-08-13;8;2025;miércoles;19:00;0;0;1;19
2025-08-13;8;2025;miércoles;20:00;1;0;1;20
2025-08-13;8;2025;miércoles;21:00;2;1;1;21
2025-08-13;8;2025;miércoles;22:00;3;0;2;22
2025-08-13;8;2025;miércoles;23:00;2;0;2;23
2025-08-14;8;2025;jueves;00:00:00;2;0;3;0
2025-08-14;8;2025;jueves;01:00;1;0;3;1
2025-08-14;8;2025;jueves;02:00;0;0;3;2
2025-08-14;8;2025;jueves;03:00;1;0;3;3
2025-08-14;8;2025;jueves;04:00;1;0;3;4
2025-08-14;8;2025;jueves;05:00;1;0;3;5
2025-08-14;8;2025;jueves;06:00;1;0;3;6
2025-08-14;8;2025;jueves;07:00;1;0;3;7
2025-08-14;8;2025;jueves;08:00;0;0;2;8
2025-08-14;8;2025;jueves;09:00;1;1;2;9
2025-08-14;8;2025;jueves;10:00;1;0;1;10
2025-08-14;8;2025;jueves;11:00;2;0;1;11
2025-08-14;8;2025;jueves;12:00;2;0;1;12
2025-08-14;8;2025;jueves;13:00;3;0;1;13
2025-08-14;8;2025;jueves;14:00;2;0;2;14
2025-08-14;8;2025;jueves;15:00;2;0;2;15
2025-08-14;8;2025;jueves;16:00;0;1;2;16
2025-08-14;8;2025;jueves;17:00;1;0;2;17
2025-08-14;8;2025;jueves;18:00;2;0;1;18
2025-08-14;8;2025;jueves;19:00;2;0;1;19
2025-08-14;8;2025;jueves;20:00;1;0;1;20
2025-08-14;8;2025;jueves;21:00;2;0;1;21
2025-08-14;8;2025;jueves;22:00;1;0;2;22
2025-08-14;8;2025;jueves;23:00;2;0;2;23
2025-08-15;8;2025;viernes;00:00:00;1;0;3;0
2025-08-15;8;2025;viernes;01:00;1;0;3;1
2025-08-15;8;2025;viernes;02:00;1;0;3;2
2025-08-15;8;2025;viernes;03:00;1;0;3;3
2025-08-15;8;2025;viernes;04:00;1;0;3;4
2025-08-15;8;2025;viernes;05:00;1;0;3;5
2025-08-15;8;2025;viernes;06:00;0;0;3;6
2025-08-15;8;2025;viernes;07:00;0;0;3;7
2025-08-15;8;2025;viernes;08:00;1;0;3;8
2025-08-15;8;2025;viernes;09:00;0;0;3;9
2025-08-15;8;2025;viernes;10:00;1;1;3;10
2025-08-15;8;2025;viernes;11:00;1;0;3;11
2025-08-15;8;2025;viernes;12:00;1;0;3;12
2025-08-15;8;2025;viernes;13:00;1;0;3;13
2025-08-15;8;2025;viernes;14:00;2;0;3;14
2025-08-15;8;2025;viernes;15:00;2;0;3;15
2025-08-15;8;2025;viernes;16:00;1;0;3;16
2025-08-15;8;2025;viernes;17:00;2;0;3;17
2025-08-15;8;2025;viernes;18:00;3;0;3;18
2025-08-15;8;2025;viernes;19:00;2;0;3;19
2025-08-15;8;2025;viernes;20:00;2;0;3;20
2025-08-15;8;2025;viernes;21:00;3.037;0.506;3;21
2025-08-15;8;2025;viernes;22:00;2.963;0.494;3;22
2025-08-15;8;2025;viernes;23:00;2;0;3;23
2025-08-16;8;2025;sábado;00:00:00;1;0;3;0
2025-08-16;8;2025;sábado;01:00;1;0;3;1
2025-08-16;8;2025;sábado;02:00;1;0;3;2
2025-08-16;8;2025;sábado;03:00;1;0;3;3
2025-08-16;8;2025;sábado;04:00;1;0;3;4
2025-08-16;8;2025;sábado;05:00;1;0;3;5
2025-08-16;8;2025;sábado;06:00;1;0;3;6
2025-08-16;8;2025;sábado;07:00;0;0;3;7
2025-08-16;8;2025;sábado;08:00;1;0;3;8
2025-08-16;8;2025;sábado;09:00;0;0;3;9
2025-08-16;8;2025;sábado;10:00;2;0;3;10
2025-08-16;8;2025;sábado;11:00;0;0;3;11
2025-08-16;8;2025;sábado;12:00;1;0;3;12
2025-08-16;8;2025;sábado;13:00;0;0;3;13
2025-08-16;8;2025;sábado;14:00;2;0;3;14
2025-08-16;8;2025;sábado;15:00;2;0;3;15
2025-08-16;8;2025;sábado;16:00;2;1;3;16
2025-08-16;8;2025;sábado;17:00;2;0;3;17
2025-08-16;8;2025;sábado;18:00;3;0;3;18
2025-08-16;8;2025;sábado;19:00;1;0;3;19
2025-08-16;8;2025;sábado;20:00;2;0;3;20
2025-08-16;8;2025;sábado;21:00;2;0;3;21
2025-08-16;8;2025;sábado;22:00;3;1;3;22
2025-08-16;8;2025;sábado;23:00;1;0;3;23
2025-08-17;8;2025;domingo;00:00:00;1;0;3;0
2025-08-17;8;2025;domingo;01:00;1;0;3;1
2025-08-17;8;2025;domingo;02:00;1;0;3;2
2025-08-17;8;2025;domingo;03:00;1;0;3;3
2025-08-17;8;2025;domingo;04:00;0;0;3;4
2025-08-17;8;2025;domingo;05:00;1;0;3;5
2025-08-17;8;2025;domingo;06:00;0;0;3;6
2025-08-17;8;2025;domingo;07:00;1;0;3;7
2025-08-17;8;2025;domingo;08:00;0.614;0;3;8
2025-08-17;8;2025;domingo;09:00;0.665;0;3;9
2025-08-17;8;2025;domingo;10:00;0.721;0;3;10
2025-08-17;8;2025;domingo;11:00;2;1;3;11
2025-08-17;8;2025;domingo;12:00;2;0;3;12
2025-08-17;8;2025;domingo;13:00;3;1;3;13
2025-08-17;8;2025;domingo;14:00;2;0;3;14
2025-08-17;8;2025;domingo;15:00;2;0;3;15
2025-08-17;8;2025;domingo;16:00;1;0;3;16
2025-08-17;8;2025;domingo;17:00;3;0;3;17
2025-08-17;8;2025;domingo;18:00;2;0;3;18
2025-08-17;8;2025;domingo;19:00;2;0;3;19
2025-08-17;8;2025;domingo;20:00;1;0;3;20
2025-08-17;8;2025;domingo;21:00;3;0;3;21
2025-08-17;8;2025;domingo;22:00;2;1;3;22
2025-08-17;8;2025;domingo;23:00;2;0;3;23
2025-08-18;8;2025;lunes;00:00:00;1;0;3;0
2025-08-18;8;2025;lunes;01:00;1;0;3;1
2025-08-18;8;2025;lunes;02:00;1;0;3;2
2025-08-18;8;2025;lunes;03:00;1;0;3;3
2025-08-18;8;2025;lunes;04:00;1;0;3;4
2025-08-18;8;2025;lunes;05:00;1;0;3;5
2025-08-18;8;2025;lunes;06:00;1;0;3;6
2025-08-18;8;2025;lunes;07:00;1;0;3;7
2025-08-18;8;2025;lunes;08:00;0;0;2;8
2025-08-18;8;2025;lunes;09:00;1;0;2;9
2025-08-18;8;2025;lunes;10:00;0;1;1;10
2025-08-18;8;2025;lunes;11:00;1;0;1;11
2025-08-18;8;2025;lunes;12:00;1;0;1;12
2025-08-18;8;2025;lunes;13:00;1;0;1;13
2025-08-18;8;2025;lunes;14:00;2;1;2;14
2025-08-18;8;2025;lunes;15:00;3;0;2;15
2025-08-18;8;2025;lunes;16:00;1;0;2;16
2025-08-18;8;2025;lunes;17:00;2;0;2;17
2025-08-18;8;2025;lunes;18:00;2;0;1;18
2025-08-18;8;2025;lunes;19:00;2;0;1;19
2025-08-18;8;2025;lunes;20:00;1;0;1;20
2025-08-18;8;2025;lunes;21:00;2;0;1;21
2025-08-18;8;2025;lunes;22:00;1;0;2;22
2025-08-18;8;2025;lunes;23:00;1;0;2;23
2025-08-19;8;2025;martes;00:00:00;1;0;3;0
2025-08-19;8;2025;martes;01:00;1;0;3;1
2025-08-19;8;2025;martes;02:00;1;0;3;2
2025-08-19;8;2025;martes;03:00;1;0;3;3
2025-08-19;8;2025;martes;04:00;1;0;3;4
2025-08-19;8;2025;martes;05:00;1;0;3;5
2025-08-19;8;2025;martes;06:00;0;0;3;6
2025-08-19;8;2025;martes;07:00;0;0;3;7
2025-08-19;8;2025;martes;08:00;1;0;2;8
2025-08-19;8;2025;martes;09:00;0;0;2;9
2025-08-19;8;2025;martes;10:00;1;1;1;10
2025-08-19;8;2025;martes;11:00;1;0;1;11
2025-08-19;8;2025;martes;12:00;2;0;1;12
2025-08-19;8;2025;martes;13:00;0;1;1;13
2025-08-19;8;2025;martes;14:00;1;0;2;14
2025-08-19;8;2025;martes;15:00;2;0;2;15
2025-08-19;8;2025;martes;16:00;1;0;2;16
2025-08-19;8;2025;martes;17:00;0;0;2;17
2025-08-19;8;2025;martes;18:00;1;1;1;18
2025-08-19;8;2025;martes;19:00;0;0;1;19
2025-08-19;8;2025;martes;20:00;1;0;1;20
2025-08-19;8;2025;martes;21:00;0;0;1;21
2025-08-19;8;2025;martes;22:00;1;0;2;22
2025-08-19;8;2025;martes;23:00;1;0;2;23
2025-08-20;8;2025;miércoles;00:00:00;1;0;3;0
2025-08-20;8;2025;miércoles;01:00;1;0;3;1
2025-08-20;8;2025;miércoles;02:00;1;0;3;2
2025-08-20;8;2025;miércoles;03:00;1;0;3;3
2025-08-20;8;2025;miércoles;04:00;0;0;3;4
2025-08-20;8;2025;miércoles;05:00;1;0;3;5
2025-08-20;8;2025;miércoles;06:00;1;0;3;6
2025-08-20;8;2025;miércoles;07:00;0;0;3;7
2025-08-20;8;2025;miércoles;08:00;1;0;2;8
2025-08-20;8;2025;miércoles;09:00;1;0;2;9
2025-08-20;8;2025;miércoles;10:00;0;0;1;10
2025-08-20;8;2025;miércoles;11:00;0;1;1;11
2025-08-20;8;2025;miércoles;12:00;0;0;1;12
2025-08-20;8;2025;miércoles;13:00;1;0;1;13
2025-08-20;8;2025;miércoles;14:00;1;0;2;14
2025-08-20;8;2025;miércoles;15:00;1;0;2;15
2025-08-20;8;2025;miércoles;16:00;0;0;2;16
2025-08-20;8;2025;miércoles;17:00;1;0;2;17
2025-08-20;8;2025;miércoles;18:00;0;0;1;18
2025-08-20;8;2025;miércoles;19:00;1;0;1;19
2025-08-20;8;2025;miércoles;20:00;0;0;1;20
2025-08-20;8;2025;miércoles;21:00;1;0;1;21
2025-08-20;8;2025;miércoles;22:00;1;0;2;22
2025-08-20;8;2025;miércoles;23:00;1;0;2;23
2025-08-21;8;2025;jueves;00:00:00;1;0;3;0
2025-08-21;8;2025;jueves;01:00;1;0;3;1
2025-08-21;8;2025;jueves;02:00;1;0;3;2
2025-08-21;8;2025;jueves;03:00;0;0;3;3
2025-08-21;8;2025;jueves;04:00;1;1;3;4
2025-08-21;8;2025;jueves;05:00;1;0;3;5
2025-08-21;8;2025;jueves;06:00;0;0;3;6
2025-08-21;8;2025;jueves;07:00;0;0;3;7
2025-08-21;8;2025;jueves;08:00;1;0;2;8
2025-08-21;8;2025;jueves;09:00;0;0;2;9
2025-08-21;8;2025;jueves;10:00;1;0;1;10
2025-08-21;8;2025;jueves;11:00;1;1;1;11
2025-08-21;8;2025;jueves;12:00;0;0;1;12
2025-08-21;8;2025;jueves;13:00;1;0;1;13
2025-08-21;8;2025;jueves;14:00;1;1;2;14
2025-08-21;8;2025;jueves;15:00;0;0;2;15
2025-08-21;8;2025;jueves;16:00;1;0;2;16
2025-08-21;8;2025;jueves;17:00;0;0;2;17
2025-08-21;8;2025;jueves;18:00;2;0;1;18
2025-08-21;8;2025;jueves;19:00;0;0;1;19
2025-08-21;8;2025;jueves;20:00;0;0;1;20
2025-08-21;8;2025;jueves;21:00;1;0;1;21
2025-08-21;8;2025;jueves;22:00;1;0;2;22
2025-08-21;8;2025;jueves;23:00;0;0;2;23
2025-08-22;8;2025;viernes;00:00:00;1;0;3;0
2025-08-22;8;2025;viernes;01:00;0;0;3;1
2025-08-22;8;2025;viernes;02:00;0;1;3;2
2025-08-22;8;2025;viernes;03:00;1;0;3;3
2025-08-22;8;2025;viernes;04:00;0;0;3;4
2025-08-22;8;2025;viernes;05:00;0;0;3;5
2025-08-22;8;2025;viernes;06:00;1;0;3;6
2025-08-22;8;2025;viernes;07:00;1;0;3;7
2025-08-22;8;2025;viernes;08:00;0;0;2;8
2025-08-22;8;2025;viernes;09:00;0;0;2;9
2025-08-22;8;2025;viernes;10:00;1;0;1;10
2025-08-22;8;2025;viernes;11:00;1;1;1;11
2025-08-22;8;2025;viernes;12:00;1;0;1;12
2025-08-22;8;2025;viernes;13:00;0;0;1;13
2025-08-22;8;2025;viernes;14:00;1;0;2;14
2025-08-22;8;2025;viernes;15:00;0;0;2;15
2025-08-22;8;2025;viernes;16:00;1;0;2;16
2025-08-22;8;2025;viernes;17:00;0;0;2;17
2025-08-22;8;2025;viernes;18:00;1;1;1;18
2025-08-22;8;2025;viernes;19:00;1;0;1;19
2025-08-22;8;2025;viernes;20:00;1;1;1;20
2025-08-22;8;2025;viernes;21:00;1;0;1;21
2025-08-22;8;2025;viernes;22:00;1;0;2;22
2025-08-22;8;2025;viernes;23:00;1;0;2;23
2025-08-23;8;2025;sábado;00:00:00;0;0;3;0
2025-08-23;8;2025;sábado;01:00;1;0;3;1
2025-08-23;8;2025;sábado;02:00;0;0;3;2
2025-08-23;8;2025;sábado;03:00;0;0;3;3
2025-08-23;8;2025;sábado;04:00;1;0;3;4
2025-08-23;8;2025;sábado;05:00;0;0;3;5
2025-08-23;8;2025;sábado;06:00;0;0;3;6
2025-08-23;8;2025;sábado;07:00;1;0;3;7
2025-08-23;8;2025;sábado;08:00;0;0;3;8
2025-08-23;8;2025;sábado;09:00;0;0;3;9
2025-08-23;8;2025;sábado;10:00;2;1;3;10
2025-08-23;8;2025;sábado;11:00;0;0;3;11
2025-08-23;8;2025;sábado;12:00;1;0;3;12
2025-08-23;8;2025;sábado;13:00;1;0;3;13
2025-08-23;8;2025;sábado;14:00;2;0;3;14
2025-08-23;8;2025;sábado;15:00;2;1;3;15
2025-08-23;8;2025;sábado;16:00;2;0;3;16
2025-08-23;8;2025;sábado;17:00;2;0;3;17
2025-08-23;8;2025;sábado;18:00;0;0;3;18
2025-08-23;8;2025;sábado;19:00;1;0;3;19
2025-08-23;8;2025;sábado;20:00;0;0;3;20
2025-08-23;8;2025;sábado;21:00;0;0;3;21
2025-08-23;8;2025;sábado;22:00;1;0;3;22
2025-08-23;8;2025;sábado;23:00;0;0;3;23
2025-08-24;8;2025;domingo;00:00:00;0;0;3;0
2025-08-24;8;2025;domingo;01:00;1;1;3;1
2025-08-24;8;2025;domingo;02:00;0;0;3;2
2025-08-24;8;2025;domingo;03:00;0;0;3;3
2025-08-24;8;2025;domingo;04:00;1;0;3;4
2025-08-24;8;2025;domingo;05:00;0;0;3;5
2025-08-24;8;2025;domingo;06:00;1;0;3;6
2025-08-24;8;2025;domingo;07:00;0;0;3;7
2025-08-24;8;2025;domingo;08:00;0;0;3;8
2025-08-24;8;2025;domingo;09:00;1;0;3;9
2025-08-24;8;2025;domingo;10:00;0;0;3;10
2025-08-24;8;2025;domingo;11:00;2;1;3;11
2025-08-24;8;2025;domingo;12:00;2;0;3;12
2025-08-24;8;2025;domingo;13:00;1;0;3;13
2025-08-24;8;2025;domingo;14:00;2;0;3;14
2025-08-24;8;2025;domingo;15:00;2;0;3;15
2025-08-24;8;2025;domingo;16:00;1;0;3;16
2025-08-24;8;2025;domingo;17:00;1;0;3;17
2025-08-24;8;2025;domingo;18:00;1;0;3;18
2025-08-24;8;2025;domingo;19:00;1;0;3;19
2025-08-24;8;2025;domingo;20:00;2;1;3;20
2025-08-24;8;2025;domingo;21:00;1;0;3;21
2025-08-24;8;2025;domingo;22:00;0;0;3;22
2025-08-24;8;2025;domingo;23:00;1;0;3;23
2025-08-25;8;2025;lunes;00:00:00;0;0;3;0
2025-08-25;8;2025;lunes;01:00;1;0;3;1
2025-08-25;8;2025;lunes;02:00;0;0;3;2
2025-08-25;8;2025;lunes;03:00;0;0;3;3
2025-08-25;8;2025;lunes;04:00;1;0;3;4
2025-08-25;8;2025;lunes;05:00;0;0;3;5
2025-08-25;8;2025;lunes;06:00;0;0;3;6
2025-08-25;8;2025;lunes;07:00;1;0;3;7
2025-08-25;8;2025;lunes;08:00;0;0;2;8
2025-08-25;8;2025;lunes;09:00;1;0;2;9
2025-08-25;8;2025;lunes;10:00;1;1;1;10
2025-08-25;8;2025;lunes;11:00;0;0;1;11
2025-08-25;8;2025;lunes;12:00;1;1;1;12
2025-08-25;8;2025;lunes;13:00;0;0;1;13
2025-08-25;8;2025;lunes;14:00;3;0;2;14
2025-08-25;8;2025;lunes;15:00;2;1;2;15
2025-08-25;8;2025;lunes;16:00;1;0;2;16
2025-08-25;8;2025;lunes;17:00;2;0;2;17
2025-08-25;8;2025;lunes;18:00;0;0;1;18
2025-08-25;8;2025;lunes;19:00;1;0;1;19
2025-08-25;8;2025;lunes;20:00;0;0;1;20
2025-08-25;8;2025;lunes;21:00;1;0;1;21
2025-08-25;8;2025;lunes;22:00;1;0;2;22
2025-08-25;8;2025;lunes;23:00;1;0;2;23
2025-08-26;8;2025;martes;00:00:00;1;0;3;0
2025-08-26;8;2025;martes;01:00;1;0;3;1
2025-08-26;8;2025;martes;02:00;1;0;3;2
2025-08-26;8;2025;martes;03:00;1;0;3;3
2025-08-26;8;2025;martes;04:00;1;0;3;4
2025-08-26;8;2025;martes;05:00;1;0;3;5
2025-08-26;8;2025;martes;06:00;1;1;3;6
2025-08-26;8;2025;martes;07:00;0;0;3;7
2025-08-26;8;2025;martes;08:00;1;0;2;8
2025-08-26;8;2025;martes;09:00;0;0;2;9
2025-08-26;8;2025;martes;10:00;1;0;1;10
2025-08-26;8;2025;martes;11:00;1;0;1;11
2025-08-26;8;2025;martes;12:00;0;0;1;12
2025-08-26;8;2025;martes;13:00;1;1;1;13
2025-08-26;8;2025;martes;14:00;1;0;2;14
2025-08-26;8;2025;martes;15:00;3;0;2;15
2025-08-26;8;2025;martes;16:00;0;0;2;16
2025-08-26;8;2025;martes;17:00;0;0;2;17
2025-08-26;8;2025;martes;18:00;1;0;1;18
2025-08-26;8;2025;martes;19:00;0;0;1;19
2025-08-26;8;2025;martes;20:00;0;0;1;20
2025-08-26;8;2025;martes;21:00;2;0;1;21
2025-08-26;8;2025;martes;22:00;2;0;2;22
2025-08-26;8;2025;martes;23:00;2;0;2;23
2025-08-27;8;2025;miércoles;00:00:00;1;0;3;0
2025-08-27;8;2025;miércoles;01:00;1;0;3;1
2025-08-27;8;2025;miércoles;02:00;1;0;3;2
2025-08-27;8;2025;miércoles;03:00;1;0;3;3
2025-08-27;8;2025;miércoles;04:00;1;0;3;4
2025-08-27;8;2025;miércoles;05:00;0;0;3;5
2025-08-27;8;2025;miércoles;06:00;1;0;3;6
2025-08-27;8;2025;miércoles;07:00;1;0;3;7
2025-08-27;8;2025;miércoles;08:00;0;0;2;8
2025-08-27;8;2025;miércoles;09:00;1;0;2;9
2025-08-27;8;2025;miércoles;10:00;0;0;1;10
2025-08-27;8;2025;miércoles;11:00;0;0;1;11
2025-08-27;8;2025;miércoles;12:00;2;1;1;12
2025-08-27;8;2025;miércoles;13:00;1;0;1;13
2025-08-27;8;2025;miércoles;14:00;1;0;2;14
2025-08-27;8;2025;miércoles;15:00;1;0;2;15
2025-08-27;8;2025;miércoles;16:00;1;0;2;16
2025-08-27;8;2025;miércoles;17:00;0;0;2;17
2025-08-27;8;2025;miércoles;18:00;1;1;1;18
2025-08-27;8;2025;miércoles;19:00;0;0;1;19
2025-08-27;8;2025;miércoles;20:00;1;0;1;20
2025-08-27;8;2025;miércoles;21:00;1;0;1;21
2025-08-27;8;2025;miércoles;22:00;1;0;2;22
2025-08-27;8;2025;miércoles;23:00;0;0;2;23
2025-08-28;8;2025;jueves;00:00:00;1;0;3;0
2025-08-28;8;2025;jueves;01:00;0;0;3;1
2025-08-28;8;2025;jueves;02:00;1;0;3;2
2025-08-28;8;2025;jueves;03:00;0;0;3;3
2025-08-28;8;2025;jueves;04:00;0;0;3;4
2025-08-28;8;2025;jueves;05:00;1;0;3;5
2025-08-28;8;2025;jueves;06:00;0;0;3;6
2025-08-28;8;2025;jueves;07:00;1;1;3;7
2025-08-28;8;2025;jueves;08:00;1;0;2;8
2025-08-28;8;2025;jueves;09:00;1;0;2;9
2025-08-28;8;2025;jueves;10:00;1;0;1;10
2025-08-28;8;2025;jueves;11:00;1;1;1;11
2025-08-28;8;2025;jueves;12:00;0;0;1;12
2025-08-28;8;2025;jueves;13:00;1;0;1;13
2025-08-28;8;2025;jueves;14:00;1;1;2;14
2025-08-28;8;2025;jueves;15:00;1;0;2;15
2025-08-28;8;2025;jueves;16:00;1;1;2;16
2025-08-28;8;2025;jueves;17:00;0;0;2;17
2025-08-28;8;2025;jueves;18:00;1;0;1;18
2025-08-28;8;2025;jueves;19:00;1;0;1;19
2025-08-28;8;2025;jueves;20:00;0;0;1;20
2025-08-28;8;2025;jueves;21:00;1;0;1;21
2025-08-28;8;2025;jueves;22:00;1;0;2;22
2025-08-28;8;2025;jueves;23:00;0;0;2;23
2025-08-29;8;2025;viernes;00:00:00;1;0;3;0
2025-08-29;8;2025;viernes;01:00;0;0;3;1
2025-08-29;8;2025;viernes;02:00;0;0;3;2
2025-08-29;8;2025;viernes;03:00;0;0;3;3
2025-08-29;8;2025;viernes;04:00;1;1;3;4
2025-08-29;8;2025;viernes;05:00;0;0;3;5
2025-08-29;8;2025;viernes;06:00;0;0;3;6
2025-08-29;8;2025;viernes;07:00;1;0;3;7
2025-08-29;8;2025;viernes;08:00;0;0;2;8
2025-08-29;8;2025;viernes;09:00;0;0;2;9
2025-08-29;8;2025;viernes;10:00;1;0;1;10
2025-08-29;8;2025;viernes;11:00;0;0;1;11
2025-08-29;8;2025;viernes;12:00;1;1;1;12
2025-08-29;8;2025;viernes;13:00;1;0;1;13
2025-08-29;8;2025;viernes;14:00;2;0;2;14
2025-08-29;8;2025;viernes;15:00;1;0;2;15
2025-08-29;8;2025;viernes;16:00;1;0;2;16
2025-08-29;8;2025;viernes;17:00;0;0;2;17
2025-08-29;8;2025;viernes;18:00;2;0;1;18
2025-08-29;8;2025;viernes;19:00;0;0;1;19
2025-08-29;8;2025;viernes;20:00;1;0;1;20
2025-08-29;8;2025;viernes;21:00;0;1;1;21
2025-08-29;8;2025;viernes;22:00;0;0;2;22
2025-08-29;8;2025;viernes;23:00;0;0;2;23
2025-08-30;8;2025;sábado;00:00:00;0.278;0;3;0
2025-08-30;8;2025;sábado;01:00;0.251;0;3;1
2025-08-30;8;2025;sábado;02:00;0.239;0;3;2
2025-08-30;8;2025;sábado;03:00;0.232;0;3;3
2025-08-30;8;2025;sábado;04:00;1;0;3;4
2025-08-30;8;2025;sábado;05:00;0;0;3;5
2025-08-30;8;2025;sábado;06:00;0;0;3;6
2025-08-30;8;2025;sábado;07:00;0;0;3;7
2025-08-30;8;2025;sábado;08:00;1;0;3;8
2025-08-30;8;2025;sábado;09:00;0;0;3;9
2025-08-30;8;2025;sábado;10:00;1;0;3;10
2025-08-30;8;2025;sábado;11:00;1;0;3;11
2025-08-30;8;2025;sábado;12:00;1;1;3;12
2025-08-30;8;2025;sábado;13:00;0;0;3;13
2025-08-30;8;2025;sábado;14:00;2;1;3;14
2025-08-30;8;2025;sábado;15:00;2;0;3;15
2025-08-30;8;2025;sábado;16:00;1;0;3;16
2025-08-30;8;2025;sábado;17:00;1;0;3;17
2025-08-30;8;2025;sábado;18:00;2;0;3;18
2025-08-30;8;2025;sábado;19:00;2;0;3;19
2025-08-30;8;2025;sábado;20:00;1;1;3;20
2025-08-30;8;2025;sábado;21:00;1;0;3;21
2025-08-30;8;2025;sábado;22:00;0;0;3;22
2025-08-30;8;2025;sábado;23:00;1;0;3;23
2025-08-31;8;2025;domingo;00:00:00;0;0;3;0
2025-08-31;8;2025;domingo;01:00;0;0;3;1
2025-08-31;8;2025;domingo;02:00;0;0;3;2
2025-08-31;8;2025;domingo;03:00;1;0;3;3
2025-08-31;8;2025;domingo;04:00;0;0;3;4
2025-08-31;8;2025;domingo;05:00;0;0;3;5
2025-08-31;8;2025;domingo;06:00;0;0;3;6
2025-08-31;8;2025;domingo;07:00;1;0;3;7
2025-08-31;8;2025;domingo;08:00;0;0;3;8
2025-08-31;8;2025;domingo;09:00;0;0;3;9
2025-08-31;8;2025;domingo;10:00;2;1;3;10
2025-08-31;8;2025;domingo;11:00;2;0;3;11
2025-08-31;8;2025;domingo;12:00;2;1;3;12
2025-08-31;8;2025;domingo;13:00;2;0;3;13
2025-08-31;8;2025;domingo;14:00;1;0;3;14
2025-08-31;8;2025;domingo;15:00;2;0;3;15
2025-08-31;8;2025;domingo;16:00;1;0;3;16
2025-08-31;8;2025;domingo;17:00;1;0;3;17
2025-08-31;8;2025;domingo;18:00;1;0;3;18
2025-08-31;8;2025;domingo;19:00;0;0;3;19
2025-08-31;8;2025;domingo;20:00;1;1;3;20
2025-08-31;8;2025;domingo;21:00;1;0;3;21
2025-08-31;8;2025;domingo;22:00;1;0;3;22
2025-08-31;8;2025;domingo;23:00;0;0;3;23
2025-09-01;9;2025;lunes;00:00:00;0;0;3;0
2025-09-01;9;2025;lunes;01:00;1;0;3;1
2025-09-01;9;2025;lunes;02:00;0;1;3;2
2025-09-01;9;2025;lunes;03:00;0;0;3;3
2025-09-01;9;2025;lunes;04:00;0;0;3;4
2025-09-01;9;2025;lunes;05:00;1;0;3;5
2025-09-01;9;2025;lunes;06:00;0;0;3;6
2025-09-01;9;2025;lunes;07:00;0;0;3;7
2025-09-01;9;2025;lunes;08:00;0;0;2;8
2025-09-01;9;2025;lunes;09:00;2;0;2;9
2025-09-01;9;2025;lunes;10:00;2;0;1;10
2025-09-01;9;2025;lunes;11:00;0;0;1;11
2025-09-01;9;2025;lunes;12:00;0;0;1;12
2025-09-01;9;2025;lunes;13:00;1;0;1;13
2025-09-01;9;2025;lunes;14:00;1;1;2;14
2025-09-01;9;2025;lunes;15:00;1;0;2;15
2025-09-01;9;2025;lunes;16:00;0;0;2;16
2025-09-01;9;2025;lunes;17:00;1;0;2;17
2025-09-01;9;2025;lunes;18:00;0;0;1;18
2025-09-01;9;2025;lunes;19:00;0;0;1;19
2025-09-01;9;2025;lunes;20:00;0;0;1;20
2025-09-01;9;2025;lunes;21:00;1;0;1;21
2025-09-01;9;2025;lunes;22:00;1;0;2;22
2025-09-01;9;2025;lunes;23:00;1;0;2;23
2025-09-02;9;2025;martes;00:00:00;0;0;3;0
2025-09-02;9;2025;martes;01:00;0;0;3;1
2025-09-02;9;2025;martes;02:00;0;0;3;2
2025-09-02;9;2025;martes;03:00;0;0;3;3
2025-09-02;9;2025;martes;04:00;1;0;3;4
2025-09-02;9;2025;martes;05:00;0;0;3;5
2025-09-02;9;2025;martes;06:00;0;0;3;6
2025-09-02;9;2025;martes;07:00;0;0;3;7
2025-09-02;9;2025;martes;08:00;1;0;2;8
2025-09-02;9;2025;martes;09:00;0;0;2;9
2025-09-02;9;2025;martes;10:00;1;0;1;10
2025-09-02;9;2025;martes;11:00;0;1;1;11
2025-09-02;9;2025;martes;12:00;2;0;1;12
2025-09-02;9;2025;martes;13:00;0;0;1;13
2025-09-02;9;2025;martes;14:00;0;1;2;14
2025-09-02;9;2025;martes;15:00;1;0;2;15
2025-09-02;9;2025;martes;16:00;0;0;2;16
2025-09-02;9;2025;martes;17:00;0;0;2;17
2025-09-02;9;2025;martes;18:00;1;0;1;18
2025-09-02;9;2025;martes;19:00;0;0;1;19
2025-09-02;9;2025;martes;20:00;0;0;1;20
2025-09-02;9;2025;martes;21:00;0;0;1;21
2025-09-02;9;2025;martes;22:00;1;0;2;22
2025-09-02;9;2025;martes;23:00;0;0;2;23
2025-09-03;9;2025;miércoles;00:00:00;0;0;3;0
2025-09-03;9;2025;miércoles;01:00;0;0;3;1
2025-09-03;9;2025;miércoles;02:00;1;0;3;2
2025-09-03;9;2025;miércoles;03:00;0;0;3;3
2025-09-03;9;2025;miércoles;04:00;0;0;3;4
2025-09-03;9;2025;miércoles;05:00;0;0;3;5
2025-09-03;9;2025;miércoles;06:00;0;0;3;6
2025-09-03;9;2025;miércoles;07:00;1;0;3;7
2025-09-03;9;2025;miércoles;08:00;0;0;2;8
2025-09-03;9;2025;miércoles;09:00;0;0;2;9
2025-09-03;9;2025;miércoles;10:00;0;0;1;10
2025-09-03;9;2025;miércoles;11:00;1;0;1;11
2025-09-03;9;2025;miércoles;12:00;0;0;1;12
2025-09-03;9;2025;miércoles;13:00;1;0;1;13
2025-09-03;9;2025;miércoles;14:00;0;0;2;14
2025-09-03;9;2025;miércoles;15:00;0;0;2;15
2025-09-03;9;2025;miércoles;16:00;1;0;2;16
2025-09-03;9;2025;miércoles;17:00;0;0;2;17
2025-09-03;9;2025;miércoles;18:00;0;0;1;18
2025-09-03;9;2025;miércoles;19:00;1;1;1;19
2025-09-03;9;2025;miércoles;20:00;0;0;1;20
2025-09-03;9;2025;miércoles;21:00;1;0;1;21
2025-09-03;9;2025;miércoles;22:00;0;0;2;22
2025-09-03;9;2025;miércoles;23:00;0;0;2;23
2025-09-04;9;2025;jueves;00:00:00;0;0;3;0
2025-09-04;9;2025;jueves;01:00;1;0;3;1
2025-09-04;9;2025;jueves;02:00;0;0;3;2
2025-09-04;9;2025;jueves;03:00;0;0;3;3
2025-09-04;9;2025;jueves;04:00;0;0;3;4
2025-09-04;9;2025;jueves;05:00;0;0;3;5
2025-09-04;9;2025;jueves;06:00;1;0;3;6
2025-09-04;9;2025;jueves;07:00;0;0;3;7
2025-09-04;9;2025;jueves;08:00;0;0;2;8
2025-09-04;9;2025;jueves;09:00;0;0;2;9
2025-09-04;9;2025;jueves;10:00;1;0;1;10
2025-09-04;9;2025;jueves;11:00;0;0;1;11
2025-09-04;9;2025;jueves;12:00;1;0;1;12
2025-09-04;9;2025;jueves;13:00;0;0;1;13
2025-09-04;9;2025;jueves;14:00;0;1;2;14
2025-09-04;9;2025;jueves;15:00;1;0;2;15
2025-09-04;9;2025;jueves;16:00;0;0;2;16
2025-09-04;9;2025;jueves;17:00;0;0;2;17
2025-09-04;9;2025;jueves;18:00;1;0;1;18
2025-09-04;9;2025;jueves;19:00;0;0;1;19
2025-09-04;9;2025;jueves;20:00;0;0;1;20
2025-09-04;9;2025;jueves;21:00;2;0;1;21
2025-09-04;9;2025;jueves;22:00;1;0;2;22
2025-09-04;9;2025;jueves;23:00;0;0;2;23
2025-09-05;9;2025;viernes;00:00:00;0;0;3;0
2025-09-05;9;2025;viernes;01:00;1;0;3;1
2025-09-05;9;2025;viernes;02:00;0;0;3;2
2025-09-05;9;2025;viernes;03:00;0;0;3;3
2025-09-05;9;2025;viernes;04:00;0;0;3;4
2025-09-05;9;2025;viernes;05:00;0;0;3;5
2025-09-05;9;2025;viernes;06:00;1;0;3;6
2025-09-05;9;2025;viernes;07:00;0;0;3;7
2025-09-05;9;2025;viernes;08:00;0;0;2;8
2025-09-05;9;2025;viernes;09:00;2;1;2;9
2025-09-05;9;2025;viernes;10:00;1;0;1;10
2025-09-05;9;2025;viernes;11:00;1;0;1;11
2025-09-05;9;2025;viernes;12:00;0;0;1;12
2025-09-05;9;2025;viernes;13:00;1;1;1;13
2025-09-05;9;2025;viernes;14:00;1;0;2;14
2025-09-05;9;2025;viernes;15:00;1;0;2;15
2025-09-05;9;2025;viernes;16:00;0;0;2;16
2025-09-05;9;2025;viernes;17:00;1;0;2;17
2025-09-05;9;2025;viernes;18:00;0;0;1;18
2025-09-05;9;2025;viernes;19:00;1;1;1;19
2025-09-05;9;2025;viernes;20:00;0;0;1;20
2025-09-05;9;2025;viernes;21:00;1;0;1;21
2025-09-05;9;2025;viernes;22:00;0;0;2;22
2025-09-05;9;2025;viernes;23:00;1;0;2;23
2025-09-06;9;2025;sábado;00:00:00;0;0;3;0
2025-09-06;9;2025;sábado;01:00;0;0;3;1
2025-09-06;9;2025;sábado;02:00;1;0;3;2
2025-09-06;9;2025;sábado;03:00;0;0;3;3
2025-09-06;9;2025;sábado;04:00;0;0;3;4
2025-09-06;9;2025;sábado;05:00;0;0;3;5
2025-09-06;9;2025;sábado;06:00;1;0;3;6
2025-09-06;9;2025;sábado;07:00;0;0;3;7
2025-09-06;9;2025;sábado;08:00;0;0;3;8
2025-09-06;9;2025;sábado;09:00;2;0;3;9
2025-09-06;9;2025;sábado;10:00;0;0;3;10
2025-09-06;9;2025;sábado;11:00;1;0;3;11
2025-09-06;9;2025;sábado;12:00;0;0;3;12
2025-09-06;9;2025;sábado;13:00;1;0;3;13
2025-09-06;9;2025;sábado;14:00;2;1;3;14
2025-09-06;9;2025;sábado;15:00;2;0;3;15
2025-09-06;9;2025;sábado;16:00;2;0;3;16
2025-09-06;9;2025;sábado;17:00;1;0;3;17
2025-09-06;9;2025;sábado;18:00;2;0;3;18
2025-09-06;9;2025;sábado;19:00;1;0;3;19
2025-09-06;9;2025;sábado;20:00;2;0;3;20
2025-09-06;9;2025;sábado;21:00;2;0;3;21
2025-09-06;9;2025;sábado;22:00;0;0;3;22
2025-09-06;9;2025;sábado;23:00;1;0;3;23
2025-09-07;9;2025;domingo;00:00:00;0;0;3;0
2025-09-07;9;2025;domingo;01:00;1;0;3;1
2025-09-07;9;2025;domingo;02:00;0;0;3;2
2025-09-07;9;2025;domingo;03:00;1;0;3;3
2025-09-07;9;2025;domingo;04:00;0;1;3;4
2025-09-07;9;2025;domingo;05:00;0;0;3;5
2025-09-07;9;2025;domingo;06:00;1;0;3;6
2025-09-07;9;2025;domingo;07:00;0;0;3;7
2025-09-07;9;2025;domingo;08:00;1;0;3;8
2025-09-07;9;2025;domingo;09:00;0;0;3;9
2025-09-07;9;2025;domingo;10:00;1;0;3;10
2025-09-07;9;2025;domingo;11:00;1;0;3;11
2025-09-07;9;2025;domingo;12:00;1;0;3;12
2025-09-07;9;2025;domingo;13:00;1;1;3;13
2025-09-07;9;2025;domingo;14:00;1;0;3;14
2025-09-07;9;2025;domingo;15:00;1;0;3;15
2025-09-07;9;2025;domingo;16:00;0;0;3;16
2025-09-07;9;2025;domingo;17:00;1;0;3;17
2025-09-07;9;2025;domingo;18:00;0;1;3;18
2025-09-07;9;2025;domingo;19:00;1;0;3;19
2025-09-07;9;2025;domingo;20:00;1;0;3;20
2025-09-07;9;2025;domingo;21:00;3;0;3;21
2025-09-07;9;2025;domingo;22:00;0;0;3;22
2025-09-07;9;2025;domingo;23:00;1;0;3;23
2025-09-08;9;2025;lunes;00:00:00;0;0;3;0
2025-09-08;9;2025;lunes;01:00;1;0;3;1
2025-09-08;9;2025;lunes;02:00;0;0;3;2
2025-09-08;9;2025;lunes;03:00;0;0;3;3
2025-09-08;9;2025;lunes;04:00;0;0;3;4
2025-09-08;9;2025;lunes;05:00;1;0;3;5
2025-09-08;9;2025;lunes;06:00;0;0;3;6
2025-09-08;9;2025;lunes;07:00;1;0;3;7
2025-09-08;9;2025;lunes;08:00;0;0;2;8
2025-09-08;9;2025;lunes;09:00;1;0;2;9
2025-09-08;9;2025;lunes;10:00;0;0;1;10
2025-09-08;9;2025;lunes;11:00;1;0;1;11
2025-09-08;9;2025;lunes;12:00;1;1;1;12
2025-09-08;9;2025;lunes;13:00;1;0;1;13
2025-09-08;9;2025;lunes;14:00;1;0;2;14
2025-09-08;9;2025;lunes;15:00;2;0;2;15
2025-09-08;9;2025;lunes;16:00;1;1;2;16
2025-09-08;9;2025;lunes;17:00;0;0;2;17
2025-09-08;9;2025;lunes;18:00;1;1;1;18
2025-09-08;9;2025;lunes;19:00;0;0;1;19
2025-09-08;9;2025;lunes;20:00;1;0;1;20
2025-09-08;9;2025;lunes;21:00;0;0;1;21
2025-09-08;9;2025;lunes;22:00;1;0;2;22
2025-09-08;9;2025;lunes;23:00;0;0;2;23
2025-09-09;9;2025;martes;00:00:00;1;0;3;0
2025-09-09;9;2025;martes;01:00;0;0;3;1
2025-09-09;9;2025;martes;02:00;0;0;3;2
2025-09-09;9;2025;martes;03:00;1;0;3;3
2025-09-09;9;2025;martes;04:00;0;0;3;4
2025-09-09;9;2025;martes;05:00;0;0;3;5
2025-09-09;9;2025;martes;06:00;1;0;3;6
2025-09-09;9;2025;martes;07:00;0;0;3;7
2025-09-09;9;2025;martes;08:00;0;0;2;8
2025-09-09;9;2025;martes;09:00;0;0;2;9
2025-09-09;9;2025;martes;10:00;1;0;1;10
2025-09-09;9;2025;martes;11:00;0;1;1;11
2025-09-09;9;2025;martes;12:00;1;0;1;12
2025-09-09;9;2025;martes;13:00;2;0;1;13
2025-09-09;9;2025;martes;14:00;1;1;2;14
2025-09-09;9;2025;martes;15:00;0;0;2;15
2025-09-09;9;2025;martes;16:00;1;0;2;16
2025-09-09;9;2025;martes;17:00;0;0;2;17
2025-09-09;9;2025;martes;18:00;1;1;1;18
2025-09-09;9;2025;martes;19:00;1;0;1;19
2025-09-09;9;2025;martes;20:00;0;0;1;20
2025-09-09;9;2025;martes;21:00;1;0;1;21
2025-09-09;9;2025;martes;22:00;0;0;2;22
2025-09-09;9;2025;martes;23:00;0;0;2;23
2025-09-10;9;2025;miércoles;00:00:00;1;0;3;0
2025-09-10;9;2025;miércoles;01:00;0;0;3;1
2025-09-10;9;2025;miércoles;02:00;0;0;3;2
2025-09-10;9;2025;miércoles;03:00;0;0;3;3
2025-09-10;9;2025;miércoles;04:00;1;0;3;4
2025-09-10;9;2025;miércoles;05:00;0;0;3;5
2025-09-10;9;2025;miércoles;06:00;0;0;3;6
2025-09-10;9;2025;miércoles;07:00;0;0;3;7
2025-09-10;9;2025;miércoles;08:00;1;0;2;8
2025-09-10;9;2025;miércoles;09:00;1;1;2;9
2025-09-10;9;2025;miércoles;10:00;0;0;1;10
2025-09-10;9;2025;miércoles;11:00;1;0;1;11
2025-09-10;9;2025;miércoles;12:00;0;0;1;12
2025-09-10;9;2025;miércoles;13:00;0;0;1;13
2025-09-10;9;2025;miércoles;14:00;1;0;2;14
2025-09-10;9;2025;miércoles;15:00;0;0;2;15
2025-09-10;9;2025;miércoles;16:00;0;0;2;16
2025-09-10;9;2025;miércoles;17:00;1;0;2;17
2025-09-10;9;2025;miércoles;18:00;0;0;1;18
2025-09-10;9;2025;miércoles;19:00;0;0;1;19
2025-09-10;9;2025;miércoles;20:00;1;1;1;20
2025-09-10;9;2025;miércoles;21:00;0;0;1;21
2025-09-10;9;2025;miércoles;22:00;0;0;2;22
2025-09-10;9;2025;miércoles;23:00;1;0;2;23
2025-09-11;9;2025;jueves;00:00:00;0;0;3;0
2025-09-11;9;2025;jueves;01:00;0;0;3;1
2025-09-11;9;2025;jueves;02:00;0;0;3;2
2025-09-11;9;2025;jueves;03:00;1;0;3;3
2025-09-11;9;2025;jueves;04:00;0;0;3;4
2025-09-11;9;2025;jueves;05:00;0;0;3;5
2025-09-11;9;2025;jueves;06:00;0;0;3;6
2025-09-11;9;2025;jueves;07:00;1;0;3;7
2025-09-11;9;2025;jueves;08:00;0;0;2;8
2025-09-11;9;2025;jueves;09:00;0;0;2;9
2025-09-11;9;2025;jueves;10:00;2;0;1;10
2025-09-11;9;2025;jueves;11:00;0;1;1;11
2025-09-11;9;2025;jueves;12:00;1;0;1;12
2025-09-11;9;2025;jueves;13:00;1;0;1;13
2025-09-11;9;2025;jueves;14:00;1;0;2;14
2025-09-11;9;2025;jueves;15:00;0;0;2;15
2025-09-11;9;2025;jueves;16:00;0;0;2;16
2025-09-11;9;2025;jueves;17:00;1;0;2;17
2025-09-11;9;2025;jueves;18:00;0;0;1;18
2025-09-11;9;2025;jueves;19:00;0;0;1;19
2025-09-11;9;2025;jueves;20:00;1;0;1;20
2025-09-11;9;2025;jueves;21:00;0;1;1;21
2025-09-11;9;2025;jueves;22:00;0;0;2;22
2025-09-11;9;2025;jueves;23:00;1;0;2;23
2025-09-12;9;2025;viernes;00:00:00;0;0;3;0
2025-09-12;9;2025;viernes;01:00;0;0;3;1
2025-09-12;9;2025;viernes;02:00;0;0;3;2
2025-09-12;9;2025;viernes;03:00;1;0;3;3
2025-09-12;9;2025;viernes;04:00;0;0;3;4
2025-09-12;9;2025;viernes;05:00;0;0;3;5
2025-09-12;9;2025;viernes;06:00;0;0;3;6
2025-09-12;9;2025;viernes;07:00;0;0;3;7
2025-09-12;9;2025;viernes;08:00;1;0;2;8
2025-09-12;9;2025;viernes;09:00;1;0;2;9
2025-09-12;9;2025;viernes;10:00;1;0;1;10
2025-09-12;9;2025;viernes;11:00;0;0;1;11
2025-09-12;9;2025;viernes;12:00;0;0;1;12
2025-09-12;9;2025;viernes;13:00;1;0;1;13
2025-09-12;9;2025;viernes;14:00;1;1;2;14
2025-09-12;9;2025;viernes;15:00;1;0;2;15
2025-09-12;9;2025;viernes;16:00;0;0;2;16
2025-09-12;9;2025;viernes;17:00;0;0;2;17
2025-09-12;9;2025;viernes;18:00;1;0;1;18
2025-09-12;9;2025;viernes;19:00;0;1;1;19
2025-09-12;9;2025;viernes;20:00;1;0;1;20
2025-09-12;9;2025;viernes;21:00;0;0;1;21
2025-09-12;9;2025;viernes;22:00;2;0;2;22
2025-09-12;9;2025;viernes;23:00;0;0;2;23
2025-09-13;9;2025;sábado;00:00:00;0;0;3;0
2025-09-13;9;2025;sábado;01:00;1;0;3;1
2025-09-13;9;2025;sábado;02:00;0;0;3;2
2025-09-13;9;2025;sábado;03:00;0;0;3;3
2025-09-13;9;2025;sábado;04:00;1;0;3;4
2025-09-13;9;2025;sábado;05:00;0;0;3;5
2025-09-13;9;2025;sábado;06:00;0;0;3;6
2025-09-13;9;2025;sábado;07:00;0;0;3;7
2025-09-13;9;2025;sábado;08:00;1;0;3;8
2025-09-13;9;2025;sábado;09:00;2;1;3;9
2025-09-13;9;2025;sábado;10:00;1;0;3;10
2025-09-13;9;2025;sábado;11:00;1;0;3;11
2025-09-13;9;2025;sábado;12:00;0;0;3;12
2025-09-13;9;2025;sábado;13:00;1;0;3;13
2025-09-13;9;2025;sábado;14:00;2;0;3;14
2025-09-13;9;2025;sábado;15:00;2;0;3;15
2025-09-13;9;2025;sábado;16:00;1;1;3;16
2025-09-13;9;2025;sábado;17:00;0;0;3;17
2025-09-13;9;2025;sábado;18:00;1;0;3;18
2025-09-13;9;2025;sábado;19:00;1;0;3;19
2025-09-13;9;2025;sábado;20:00;0;0;3;20
2025-09-13;9;2025;sábado;21:00;0;0;3;21
2025-09-13;9;2025;sábado;22:00;1;0;3;22
2025-09-13;9;2025;sábado;23:00;0;0;3;23
2025-09-14;9;2025;domingo;00:00:00;0;0;3;0
2025-09-14;9;2025;domingo;01:00;0;0;3;1
2025-09-14;9;2025;domingo;02:00;1;0;3;2
2025-09-14;9;2025;domingo;03:00;0;0;3;3
2025-09-14;9;2025;domingo;04:00;0;0;3;4
2025-09-14;9;2025;domingo;05:00;0.493;0;3;5
2025-09-14;9;2025;domingo;06:00;0.507;0;3;6
2025-09-14;9;2025;domingo;07:00;0;0;3;7
2025-09-14;9;2025;domingo;08:00;0;0;3;8
2025-09-14;9;2025;domingo;09:00;1;0;3;9
2025-09-14;9;2025;domingo;10:00;0;1;3;10
2025-09-14;9;2025;domingo;11:00;1;0;3;11
2025-09-14;9;2025;domingo;12:00;1;0;3;12
2025-09-14;9;2025;domingo;13:00;3;0;3;13
2025-09-14;9;2025;domingo;14:00;0;0;3;14
2025-09-14;9;2025;domingo;15:00;1;1;3;15
2025-09-14;9;2025;domingo;16:00;0;0;3;16
2025-09-14;9;2025;domingo;17:00;0;0;3;17
2025-09-14;9;2025;domingo;18:00;1;0;3;18
2025-09-14;9;2025;domingo;19:00;0;0;3;19
2025-09-14;9;2025;domingo;20:00;0;0;3;20
2025-09-14;9;2025;domingo;21:00;0;0;3;21
2025-09-14;9;2025;domingo;22:00;1;0;3;22
2025-09-14;9;2025;domingo;23:00;0;0;3;23
2025-09-15;9;2025;lunes;00:00:00;0;0;3;0
2025-09-15;9;2025;lunes;01:00;0;0;3;1
2025-09-15;9;2025;lunes;02:00;1;0;3;2
2025-09-15;9;2025;lunes;03:00;0;0;3;3
2025-09-15;9;2025;lunes;04:00;0;0;3;4
2025-09-15;9;2025;lunes;05:00;0;0;3;5
2025-09-15;9;2025;lunes;06:00;1;0;3;6
2025-09-15;9;2025;lunes;07:00;0;0;3;7
2025-09-15;9;2025;lunes;08:00;1;0;2;8
2025-09-15;9;2025;lunes;09:00;0;0;2;9
2025-09-15;9;2025;lunes;10:00;1;0;1;10
2025-09-15;9;2025;lunes;11:00;0;0;1;11
2025-09-15;9;2025;lunes;12:00;1;1;1;12
2025-09-15;9;2025;lunes;13:00;1;0;1;13
2025-09-15;9;2025;lunes;14:00;0;0;2;14
2025-09-15;9;2025;lunes;15:00;1;0;2;15
2025-09-15;9;2025;lunes;16:00;0;0;2;16
2025-09-15;9;2025;lunes;17:00;1;0;2;17
2025-09-15;9;2025;lunes;18:00;0;0;1;18
2025-09-15;9;2025;lunes;19:00;0;0;1;19
2025-09-15;9;2025;lunes;20:00;1;0;1;20
2025-09-15;9;2025;lunes;21:00;0;0;1;21
2025-09-15;9;2025;lunes;22:00;0;0;2;22
2025-09-15;9;2025;lunes;23:00;1;0;2;23
2025-09-16;9;2025;martes;00:00:00;0;0;3;0
2025-09-16;9;2025;martes;01:00;0;1;3;1
2025-09-16;9;2025;martes;02:00;0;0;3;2
2025-09-16;9;2025;martes;03:00;1;0;3;3
2025-09-16;9;2025;martes;04:00;0;0;3;4
2025-09-16;9;2025;martes;05:00;0;0;3;5
2025-09-16;9;2025;martes;06:00;0;0;3;6
2025-09-16;9;2025;martes;07:00;0;0;3;7
2025-09-16;9;2025;martes;08:00;1;0;2;8
2025-09-16;9;2025;martes;09:00;0;0;2;9
2025-09-16;9;2025;martes;10:00;1;0;1;10
2025-09-16;9;2025;martes;11:00;1;0;1;11
2025-09-16;9;2025;martes;12:00;1;0;1;12
2025-09-16;9;2025;martes;13:00;1;0;1;13
2025-09-16;9;2025;martes;14:00;1;1;2;14
2025-09-16;9;2025;martes;15:00;0;0;2;15
2025-09-16;9;2025;martes;16:00;0;0;2;16
2025-09-16;9;2025;martes;17:00;0;0;2;17
2025-09-16;9;2025;martes;18:00;1;0;1;18
2025-09-16;9;2025;martes;19:00;0;0;1;19
2025-09-16;9;2025;martes;20:00;0;0;1;20
2025-09-16;9;2025;martes;21:00;0;0;1;21
2025-09-16;9;2025;martes;22:00;1;0;2;22
2025-09-16;9;2025;martes;23:00;0;0;2;23
2025-09-17;9;2025;miércoles;00:00:00;0;0;3;0
2025-09-17;9;2025;miércoles;01:00;0;0;3;1
2025-09-17;9;2025;miércoles;02:00;1;0;3;2
2025-09-17;9;2025;miércoles;03:00;0;0;3;3
2025-09-17;9;2025;miércoles;04:00;0;0;3;4
2025-09-17;9;2025;miércoles;05:00;0;0;3;5
2025-09-17;9;2025;miércoles;06:00;0;0;3;6
2025-09-17;9;2025;miércoles;07:00;1;0;3;7
2025-09-17;9;2025;miércoles;08:00;0;0;2;8
2025-09-17;9;2025;miércoles;09:00;1;0;2;9
2025-09-17;9;2025;miércoles;10:00;0;0;1;10
2025-09-17;9;2025;miércoles;11:00;0;0;1;11
2025-09-17;9;2025;miércoles;12:00;1;0;1;12
2025-09-17;9;2025;miércoles;13:00;0;0;1;13
2025-09-17;9;2025;miércoles;14:00;0;0;2;14
2025-09-17;9;2025;miércoles;15:00;1;0;2;15
2025-09-17;9;2025;miércoles;16:00;0;0;2;16
2025-09-17;9;2025;miércoles;17:00;0;0;2;17
2025-09-17;9;2025;miércoles;18:00;1;0;1;18
2025-09-17;9;2025;miércoles;19:00;0;0;1;19
2025-09-17;9;2025;miércoles;20:00;0;1;1;20
2025-09-17;9;2025;miércoles;21:00;1;0;1;21
2025-09-17;9;2025;miércoles;22:00;0;0;2;22
2025-09-17;9;2025;miércoles;23:00;0;0;2;23
2025-09-18;9;2025;jueves;00:00:00;1;0;3;0
2025-09-18;9;2025;jueves;01:00;0;0;3;1
2025-09-18;9;2025;jueves;02:00;0;0;3;2
2025-09-18;9;2025;jueves;03:00;0;0;3;3
2025-09-18;9;2025;jueves;04:00;0;0;3;4
2025-09-18;9;2025;jueves;05:00;1;0;3;5
2025-09-18;9;2025;jueves;06:00;0;0;3;6
2025-09-18;9;2025;jueves;07:00;0;0;3;7
2025-09-18;9;2025;jueves;08:00;0;0;2;8
2025-09-18;9;2025;jueves;09:00;1;0;2;9
2025-09-18;9;2025;jueves;10:00;0;0;1;10
2025-09-18;9;2025;jueves;11:00;1;0;1;11
2025-09-18;9;2025;jueves;12:00;1;1;1;12
2025-09-18;9;2025;jueves;13:00;0;0;1;13
2025-09-18;9;2025;jueves;14:00;1;0;2;14
2025-09-18;9;2025;jueves;15:00;1;0;2;15
2025-09-18;9;2025;jueves;16:00;0;1;2;16
2025-09-18;9;2025;jueves;17:00;0;0;2;17
2025-09-18;9;2025;jueves;18:00;1;0;1;18
2025-09-18;9;2025;jueves;19:00;0;0;1;19
2025-09-18;9;2025;jueves;20:00;1;0;1;20
2025-09-18;9;2025;jueves;21:00;0;0;1;21
2025-09-18;9;2025;jueves;22:00;1;0;2;22
2025-09-18;9;2025;jueves;23:00;0;0;2;23
2025-09-19;9;2025;viernes;00:00:00;0;0;3;0
2025-09-19;9;2025;viernes;01:00;0;0;3;1
2025-09-19;9;2025;viernes;02:00;1;0;3;2
2025-09-19;9;2025;viernes;03:00;0;0;3;3
2025-09-19;9;2025;viernes;04:00;0;0;3;4
2025-09-19;9;2025;viernes;05:00;0;0;3;5
2025-09-19;9;2025;viernes;06:00;1;0;3;6
2025-09-19;9;2025;viernes;07:00;0;0;3;7
2025-09-19;9;2025;viernes;08:00;0;0;2;8
2025-09-19;9;2025;viernes;09:00;1;1;2;9
2025-09-19;9;2025;viernes;10:00;0;0;1;10
2025-09-19;9;2025;viernes;11:00;0;0;1;11
2025-09-19;9;2025;viernes;12:00;1;0;1;12
2025-09-19;9;2025;viernes;13:00;0;0;1;13
2025-09-19;9;2025;viernes;14:00;1;0;2;14
2025-09-19;9;2025;viernes;15:00;0;0;2;15
2025-09-19;9;2025;viernes;16:00;0;0;2;16
2025-09-19;9;2025;viernes;17:00;1;0;2;17
2025-09-19;9;2025;viernes;18:00;0;0;1;18
2025-09-19;9;2025;viernes;19:00;0;0;1;19
2025-09-19;9;2025;viernes;20:00;1;0;1;20
2025-09-19;9;2025;viernes;21:00;0;0;1;21
2025-09-19;9;2025;viernes;22:00;0;0;2;22
2025-09-19;9;2025;viernes;23:00;1;0;2;23
2025-09-20;9;2025;sábado;00:00:00;0;0;3;0
2025-09-20;9;2025;sábado;01:00;0;0;3;1
2025-09-20;9;2025;sábado;02:00;0;0;3;2
2025-09-20;9;2025;sábado;03:00;1;0;3;3
2025-09-20;9;2025;sábado;04:00;0;0;3;4
2025-09-20;9;2025;sábado;05:00;0;0;3;5
2025-09-20;9;2025;sábado;06:00;1;0;3;6
2025-09-20;9;2025;sábado;07:00;0;0;3;7
2025-09-20;9;2025;sábado;08:00;0;0;3;8
2025-09-20;9;2025;sábado;09:00;0;0;3;9
2025-09-20;9;2025;sábado;10:00;1;1;3;10
2025-09-20;9;2025;sábado;11:00;0;0;3;11
2025-09-20;9;2025;sábado;12:00;1;0;3;12
2025-09-20;9;2025;sábado;13:00;2;0;3;13
2025-09-20;9;2025;sábado;14:00;4;0;3;14
2025-09-20;9;2025;sábado;15:00;1;0;3;15
2025-09-20;9;2025;sábado;16:00;1;0;3;16
2025-09-20;9;2025;sábado;17:00;1;0;3;17
2025-09-20;9;2025;sábado;18:00;1;0;3;18
2025-09-20;9;2025;sábado;19:00;1;0;3;19
2025-09-20;9;2025;sábado;20:00;1;0;3;20
2025-09-20;9;2025;sábado;21:00;1;0;3;21
2025-09-20;9;2025;sábado;22:00;1;0;3;22
2025-09-20;9;2025;sábado;23:00;1;0;3;23
2025-09-21;9;2025;domingo;00:00:00;0;0;3;0
2025-09-21;9;2025;domingo;01:00;1;0;3;1
2025-09-21;9;2025;domingo;02:00;0;0;3;2
2025-09-21;9;2025;domingo;03:00;1;0;3;3
2025-09-21;9;2025;domingo;04:00;0;0;3;4
2025-09-21;9;2025;domingo;05:00;0;0;3;5
2025-09-21;9;2025;domingo;06:00;1;0;3;6
2025-09-21;9;2025;domingo;07:00;0;0;3;7
2025-09-21;9;2025;domingo;08:00;1;1;3;8
2025-09-21;9;2025;domingo;09:00;0;0;3;9
2025-09-21;9;2025;domingo;10:00;1;0;3;10
2025-09-21;9;2025;domingo;11:00;1;0;3;11
2025-09-21;9;2025;domingo;12:00;0;0;3;12
2025-09-21;9;2025;domingo;13:00;1;0;3;13
2025-09-21;9;2025;domingo;14:00;0;0;3;14
2025-09-21;9;2025;domingo;15:00;1;0;3;15
2025-09-21;9;2025;domingo;16:00;0;0;3;16
2025-09-21;9;2025;domingo;17:00;1;0;3;17
2025-09-21;9;2025;domingo;18:00;1;0;3;18
2025-09-21;9;2025;domingo;19:00;1;0;3;19
2025-09-21;9;2025;domingo;20:00;0;0;3;20
2025-09-21;9;2025;domingo;21:00;0;1;3;21
2025-09-21;9;2025;domingo;22:00;1;0;3;22
2025-09-21;9;2025;domingo;23:00;0;0;3;23
2025-09-22;9;2025;lunes;00:00:00;0;0;3;0
2025-09-22;9;2025;lunes;01:00;1;0;3;1
2025-09-22;9;2025;lunes;02:00;0;0;3;2
2025-09-22;9;2025;lunes;03:00;0;0;3;3
2025-09-22;9;2025;lunes;04:00;0;0;3;4
2025-09-22;9;2025;lunes;05:00;1;0;3;5
2025-09-22;9;2025;lunes;06:00;0;0;3;6
2025-09-22;9;2025;lunes;07:00;0;0;3;7
2025-09-22;9;2025;lunes;08:00;0;0;2;8
2025-09-22;9;2025;lunes;09:00;1;0;2;9
2025-09-22;9;2025;lunes;10:00;1;0;1;10
2025-09-22;9;2025;lunes;11:00;0;0;1;11
2025-09-22;9;2025;lunes;12:00;0;0;1;12
2025-09-22;9;2025;lunes;13:00;1;1;1;13
2025-09-22;9;2025;lunes;14:00;1;0;2;14
2025-09-22;9;2025;lunes;15:00;0;0;2;15
2025-09-22;9;2025;lunes;16:00;1;0;2;16
2025-09-22;9;2025;lunes;17:00;0;0;2;17
2025-09-22;9;2025;lunes;18:00;0;0;1;18
2025-09-22;9;2025;lunes;19:00;1;0;1;19
2025-09-22;9;2025;lunes;20:00;0;1;1;20
2025-09-22;9;2025;lunes;21:00;0;0;1;21
2025-09-22;9;2025;lunes;22:00;1;0;2;22
2025-09-22;9;2025;lunes;23:00;0;0;2;23
2025-09-23;9;2025;martes;00:00:00;0;0;3;0
2025-09-23;9;2025;martes;01:00;0;0;3;1
2025-09-23;9;2025;martes;02:00;1;0;3;2
2025-09-23;9;2025;martes;03:00;0;0;3;3
2025-09-23;9;2025;martes;04:00;0;0;3;4
2025-09-23;9;2025;martes;05:00;0;0;3;5
2025-09-23;9;2025;martes;06:00;0;0;3;6
2025-09-23;9;2025;martes;07:00;0;0;3;7
2025-09-23;9;2025;martes;08:00;1;0;2;8
2025-09-23;9;2025;martes;09:00;0;0;2;9
2025-09-23;9;2025;martes;10:00;1;0;1;10
2025-09-23;9;2025;martes;11:00;0;0;1;11
2025-09-23;9;2025;martes;12:00;2;0;1;12
2025-09-23;9;2025;martes;13:00;0;0;1;13
2025-09-23;9;2025;martes;14:00;1;0;2;14
2025-09-23;9;2025;martes;15:00;0;1;2;15
2025-09-23;9;2025;martes;16:00;0;0;2;16
2025-09-23;9;2025;martes;17:00;1;0;2;17
2025-09-23;9;2025;martes;18:00;0;0;1;18
2025-09-23;9;2025;martes;19:00;0;0;1;19
2025-09-23;9;2025;martes;20:00;1;0;1;20
2025-09-23;9;2025;martes;21:00;1;0;1;21
2025-09-23;9;2025;martes;22:00;0;0;2;22
2025-09-23;9;2025;martes;23:00;0;0;2;23
2025-09-24;9;2025;miércoles;00:00:00;0;0;3;0
2025-09-24;9;2025;miércoles;01:00;1;0;3;1
2025-09-24;9;2025;miércoles;02:00;0;0;3;2
2025-09-24;9;2025;miércoles;03:00;0;0;3;3
2025-09-24;9;2025;miércoles;04:00;0;0;3;4
2025-09-24;9;2025;miércoles;05:00;0;0;3;5
2025-09-24;9;2025;miércoles;06:00;0;0;3;6
2025-09-24;9;2025;miércoles;07:00;0;0;3;7
2025-09-24;9;2025;miércoles;08:00;2;0;2;8
2025-09-24;9;2025;miércoles;09:00;0;0;2;9
2025-09-24;9;2025;miércoles;10:00;1;0;1;10
2025-09-24;9;2025;miércoles;11:00;0;0;1;11
2025-09-24;9;2025;miércoles;12:00;0;0;1;12
2025-09-24;9;2025;miércoles;13:00;2;0;1;13
2025-09-24;9;2025;miércoles;14:00;0;1;2;14
2025-09-24;9;2025;miércoles;15:00;0;0;2;15
2025-09-24;9;2025;miércoles;16:00;1;0;2;16
2025-09-24;9;2025;miércoles;17:00;0;0;2;17
2025-09-24;9;2025;miércoles;18:00;0;0;1;18
2025-09-24;9;2025;miércoles;19:00;0;0;1;19
2025-09-24;9;2025;miércoles;20:00;1;0;1;20
2025-09-24;9;2025;miércoles;21:00;0;0;1;21
2025-09-24;9;2025;miércoles;22:00;0;0;2;22
2025-09-24;9;2025;miércoles;23:00;1;0;2;23
2025-09-25;9;2025;jueves;00:00:00;0;0;3;0
2025-09-25;9;2025;jueves;01:00;0;0;3;1
2025-09-25;9;2025;jueves;02:00;0;0;3;2
2025-09-25;9;2025;jueves;03:00;0;0;3;3
2025-09-25;9;2025;jueves;04:00;0;0;3;4
2025-09-25;9;2025;jueves;05:00;1;0;3;5
2025-09-25;9;2025;jueves;06:00;0;0;3;6
2025-09-25;9;2025;jueves;07:00;0;0;3;7
2025-09-25;9;2025;jueves;08:00;2;1;2;8
2025-09-25;9;2025;jueves;09:00;0;0;2;9
2025-09-25;9;2025;jueves;10:00;0;0;1;10
2025-09-25;9;2025;jueves;11:00;1;0;1;11
2025-09-25;9;2025;jueves;12:00;1;0;1;12
2025-09-25;9;2025;jueves;13:00;0;0;1;13
2025-09-25;9;2025;jueves;14:00;0;0;2;14
2025-09-25;9;2025;jueves;15:00;1;0;2;15
2025-09-25;9;2025;jueves;16:00;0;0;2;16
2025-09-25;9;2025;jueves;17:00;0;0;2;17
2025-09-25;9;2025;jueves;18:00;0;0;1;18
2025-09-25;9;2025;jueves;19:00;1;0;1;19
2025-09-25;9;2025;jueves;20:00;0;0;1;20
2025-09-25;9;2025;jueves;21:00;0;0;1;21
2025-09-25;9;2025;jueves;22:00;0;0;2;22
2025-09-25;9;2025;jueves;23:00;1;0;2;23
2025-09-26;9;2025;viernes;00:00:00;0;0;3;0
2025-09-26;9;2025;viernes;01:00;0;0;3;1
2025-09-26;9;2025;viernes;02:00;0;0;3;2
2025-09-26;9;2025;viernes;03:00;0;0;3;3
2025-09-26;9;2025;viernes;04:00;0;0;3;4
2025-09-26;9;2025;viernes;05:00;1;0;3;5
2025-09-26;9;2025;viernes;06:00;0;0;3;6
2025-09-26;9;2025;viernes;07:00;0;0;3;7
2025-09-26;9;2025;viernes;08:00;0;0;2;8
2025-09-26;9;2025;viernes;09:00;0;0;2;9
2025-09-26;9;2025;viernes;10:00;1;1;1;10
2025-09-26;9;2025;viernes;11:00;1;0;1;11
2025-09-26;9;2025;viernes;12:00;1;0;1;12
2025-09-26;9;2025;viernes;13:00;0;0;1;13
2025-09-26;9;2025;viernes;14:00;1;0;2;14
2025-09-26;9;2025;viernes;15:00;0;1;2;15
2025-09-26;9;2025;viernes;16:00;0;0;2;16
2025-09-26;9;2025;viernes;17:00;0;0;2;17
2025-09-26;9;2025;viernes;18:00;1;0;1;18
2025-09-26;9;2025;viernes;19:00;0;0;1;19
2025-09-26;9;2025;viernes;20:00;0;0;1;20
2025-09-26;9;2025;viernes;21:00;0;0;1;21
2025-09-26;9;2025;viernes;22:00;1;0;2;22
2025-09-26;9;2025;viernes;23:00;0;0;2;23
2025-09-27;9;2025;sábado;00:00:00;0;0;3;0
2025-09-27;9;2025;sábado;01:00;0;0;3;1
2025-09-27;9;2025;sábado;02:00;1;0;3;2
2025-09-27;9;2025;sábado;03:00;0;0;3;3
2025-09-27;9;2025;sábado;04:00;0;0;3;4
2025-09-27;9;2025;sábado;05:00;0;0;3;5
2025-09-27;9;2025;sábado;06:00;0;0;3;6
2025-09-27;9;2025;sábado;07:00;0;0;3;7
2025-09-27;9;2025;sábado;08:00;1;0;3;8
2025-09-27;9;2025;sábado;09:00;0;0;3;9
2025-09-27;9;2025;sábado;10:00;1;0;3;10
2025-09-27;9;2025;sábado;11:00;0;0;3;11
2025-09-27;9;2025;sábado;12:00;1;1;3;12
2025-09-27;9;2025;sábado;13:00;1;0;3;13
2025-09-27;9;2025;sábado;14:00;2;0;3;14
2025-09-27;9;2025;sábado;15:00;0;0;3;15
2025-09-27;9;2025;sábado;16:00;0;0;3;16
2025-09-27;9;2025;sábado;17:00;0;0;3;17
2025-09-27;9;2025;sábado;18:00;1;0;3;18
2025-09-27;9;2025;sábado;19:00;2;0;3;19
2025-09-27;9;2025;sábado;20:00;0;0;3;20
2025-09-27;9;2025;sábado;21:00;1;0;3;21
2025-09-27;9;2025;sábado;22:00;2;1;3;22
2025-09-27;9;2025;sábado;23:00;1;0;3;23
2025-09-28;9;2025;domingo;00:00:00;0;0;3;0
2025-09-28;9;2025;domingo;01:00;0;0;3;1
2025-09-28;9;2025;domingo;02:00;0;0;3;2
2025-09-28;9;2025;domingo;03:00;0;0;3;3
2025-09-28;9;2025;domingo;04:00;0;0;3;4
2025-09-28;9;2025;domingo;05:00;1;0;3;5
2025-09-28;9;2025;domingo;06:00;0;0;3;6
2025-09-28;9;2025;domingo;07:00;0;0;3;7
2025-09-28;9;2025;domingo;08:00;0;0;3;8
2025-09-28;9;2025;domingo;09:00;1;0;3;9
2025-09-28;9;2025;domingo;10:00;2;0;3;10
2025-09-28;9;2025;domingo;11:00;3;1;3;11
2025-09-28;9;2025;domingo;12:00;2;0;3;12
2025-09-28;9;2025;domingo;13:00;2;1;3;13
2025-09-28;9;2025;domingo;14:00;1;0;3;14
2025-09-28;9;2025;domingo;15:00;0;0;3;15
2025-09-28;9;2025;domingo;16:00;1;0;3;16
2025-09-28;9;2025;domingo;17:00;0;1;3;17
2025-09-28;9;2025;domingo;18:00;1;0;3;18
2025-09-28;9;2025;domingo;19:00;0;0;3;19
2025-09-28;9;2025;domingo;20:00;2;0;3;20
2025-09-28;9;2025;domingo;21:00;0;0;3;21
2025-09-28;9;2025;domingo;22:00;1;1;3;22
2025-09-28;9;2025;domingo;23:00;0;0;3;23
2025-09-29;9;2025;lunes;00:00:00;0;0;3;0
2025-09-29;9;2025;lunes;01:00;0;0;3;1
2025-09-29;9;2025;lunes;02:00;0;0;3;2
2025-09-29;9;2025;lunes;03:00;1;0;3;3
2025-09-29;9;2025;lunes;04:00;0;0;3;4
2025-09-29;9;2025;lunes;05:00;0;0;3;5
2025-09-29;9;2025;lunes;06:00;0;0;3;6
2025-09-29;9;2025;lunes;07:00;0;0;3;7
2025-09-29;9;2025;lunes;08:00;0;0;2;8
2025-09-29;9;2025;lunes;09:00;1;0;2;9
2025-09-29;9;2025;lunes;10:00;0;0;1;10
2025-09-29;9;2025;lunes;11:00;1;0;1;11
2025-09-29;9;2025;lunes;12:00;1;0;1;12
2025-09-29;9;2025;lunes;13:00;2;1;1;13
2025-09-29;9;2025;lunes;14:00;0;0;2;14
2025-09-29;9;2025;lunes;15:00;1;0;2;15
2025-09-29;9;2025;lunes;16:00;0;0;2;16
2025-09-29;9;2025;lunes;17:00;0;0;2;17
2025-09-29;9;2025;lunes;18:00;1;0;1;18
2025-09-29;9;2025;lunes;19:00;0;0;1;19
2025-09-29;9;2025;lunes;20:00;0;0;1;20
2025-09-29;9;2025;lunes;21:00;0;0;1;21
2025-09-29;9;2025;lunes;22:00;1;0;2;22
2025-09-29;9;2025;lunes;23:00;0;0;2;23
2025-09-30;9;2025;martes;00:00:00;0;0;3;0
2025-09-30;9;2025;martes;01:00;0;0;3;1
2025-09-30;9;2025;martes;02:00;1;0;3;2
2025-09-30;9;2025;martes;03:00;0;0;3;3
2025-09-30;9;2025;martes;04:00;0;0;3;4
2025-09-30;9;2025;martes;05:00;0;0;3;5
2025-09-30;9;2025;martes;06:00;0;0;3;6
2025-09-30;9;2025;martes;07:00;1;0;3;7
2025-09-30;9;2025;martes;08:00;0;0;2;8
2025-09-30;9;2025;martes;09:00;0;0;2;9
2025-09-30;9;2025;martes;10:00;2;1;1;10
2025-09-30;9;2025;martes;11:00;0;0;1;11
2025-09-30;9;2025;martes;12:00;0;0;1;12
2025-09-30;9;2025;martes;13:00;1;0;1;13
2025-09-30;9;2025;martes;14:00;0;0;2;14
2025-09-30;9;2025;martes;15:00;1;0;2;15
2025-09-30;9;2025;martes;16:00;0;0;2;16
2025-09-30;9;2025;martes;17:00;0;0;2;17
2025-09-30;9;2025;martes;18:00;1;0;1;18
2025-09-30;9;2025;martes;19:00;0;0;1;19
2025-09-30;9;2025;martes;20:00;1;0;1;20
2025-09-30;9;2025;martes;21:00;0;0;1;21
2025-09-30;9;2025;martes;22:00;0;0;2;22
2025-09-30;9;2025;martes;23:00;1;1;2;23
2025-10-01;10;2025;miércoles;00:00:00;0;0;3;0
2025-10-01;10;2025;miércoles;01:00;0;0;3;1
2025-10-01;10;2025;miércoles;02:00;0;0;3;2
2025-10-01;10;2025;miércoles;03:00;0;0;3;3
2025-10-01;10;2025;miércoles;04:00;1;0;3;4
2025-10-01;10;2025;miércoles;05:00;0;0;3;5
2025-10-01;10;2025;miércoles;06:00;0;0;3;6
2025-10-01;10;2025;miércoles;07:00;0;0;3;7
2025-10-01;10;2025;miércoles;08:00;1;0;2;8
2025-10-01;10;2025;miércoles;09:00;1;0;2;9
2025-10-01;10;2025;miércoles;10:00;0;0;1;10
2025-10-01;10;2025;miércoles;11:00;0;0;1;11
2025-10-01;10;2025;miércoles;12:00;1;0;1;12
2025-10-01;10;2025;miércoles;13:00;1;0;1;13
2025-10-01;10;2025;miércoles;14:00;0;0;2;14
2025-10-01;10;2025;miércoles;15:00;1;1;2;15
2025-10-01;10;2025;miércoles;16:00;0;0;2;16
2025-10-01;10;2025;miércoles;17:00;0;0;2;17
2025-10-01;10;2025;miércoles;18:00;1;0;1;18
2025-10-01;10;2025;miércoles;19:00;0;0;1;19
2025-10-01;10;2025;miércoles;20:00;0;0;1;20
2025-10-01;10;2025;miércoles;21:00;1;0;1;21
2025-10-01;10;2025;miércoles;22:00;0;0;2;22
2025-10-01;10;2025;miércoles;23:00;1;0;2;23
2025-10-02;10;2025;jueves;00:00:00;0;0;3;0
2025-10-02;10;2025;jueves;01:00;0;0;3;1
2025-10-02;10;2025;jueves;02:00;0;0;3;2
2025-10-02;10;2025;jueves;03:00;0;0;3;3
2025-10-02;10;2025;jueves;04:00;0;0;3;4
2025-10-02;10;2025;jueves;05:00;1;0;3;5
2025-10-02;10;2025;jueves;06:00;0;0;3;6
2025-10-02;10;2025;jueves;07:00;0;0;3;7
2025-10-02;10;2025;jueves;08:00;0;0;2;8
2025-10-02;10;2025;jueves;09:00;1;0;2;9
2025-10-02;10;2025;jueves;10:00;1;1;1;10
2025-10-02;10;2025;jueves;11:00;2;0;1;11
2025-10-02;10;2025;jueves;12:00;1;0;1;12
2025-10-02;10;2025;jueves;13:00;1;0;1;13
2025-10-02;10;2025;jueves;14:00;0;0;2;14
2025-10-02;10;2025;jueves;15:00;0;0;2;15
2025-10-02;10;2025;jueves;16:00;1;0;2;16
2025-10-02;10;2025;jueves;17:00;0;0;2;17
2025-10-02;10;2025;jueves;18:00;1;0;1;18
2025-10-02;10;2025;jueves;19:00;0;0;1;19
2025-10-02;10;2025;jueves;20:00;0;1;1;20
2025-10-02;10;2025;jueves;21:00;1;0;1;21
2025-10-02;10;2025;jueves;22:00;0;0;2;22
2025-10-02;10;2025;jueves;23:00;1;0;2;23
2025-10-03;10;2025;viernes;00:00:00;0;0;3;0
2025-10-03;10;2025;viernes;01:00;0;0;3;1
2025-10-03;10;2025;viernes;02:00;0;0;3;2
2025-10-03;10;2025;viernes;03:00;0;0;3;3
2025-10-03;10;2025;viernes;04:00;0;0;3;4
2025-10-03;10;2025;viernes;05:00;1;0;3;5
2025-10-03;10;2025;viernes;06:00;0;0;3;6
2025-10-03;10;2025;viernes;07:00;0;0;3;7
2025-10-03;10;2025;viernes;08:00;0;0;2;8
2025-10-03;10;2025;viernes;09:00;1;0;2;9
2025-10-03;10;2025;viernes;10:00;0;0;1;10
2025-10-03;10;2025;viernes;11:00;1;0;1;11
2025-10-03;10;2025;viernes;12:00;0;0;1;12
2025-10-03;10;2025;viernes;13:00;0;0;1;13
2025-10-03;10;2025;viernes;14:00;1;0;2;14
2025-10-03;10;2025;viernes;15:00;0;0;2;15
2025-10-03;10;2025;viernes;16:00;1;1;2;16
2025-10-03;10;2025;viernes;17:00;0;0;2;17
2025-10-03;10;2025;viernes;18:00;0;0;1;18
2025-10-03;10;2025;viernes;19:00;1;0;1;19
2025-10-03;10;2025;viernes;20:00;0;0;1;20
2025-10-03;10;2025;viernes;21:00;1;0;1;21
2025-10-03;10;2025;viernes;22:00;0;0;2;22
2025-10-03;10;2025;viernes;23:00;0;0;2;23
2025-10-04;10;2025;sábado;00:00:00;0;0;3;0
2025-10-04;10;2025;sábado;01:00;1;0;3;1
2025-10-04;10;2025;sábado;02:00;0;0;3;2
2025-10-04;10;2025;sábado;03:00;0;0;3;3
2025-10-04;10;2025;sábado;04:00;0;0;3;4
2025-10-04;10;2025;sábado;05:00;0;0;3;5
2025-10-04;10;2025;sábado;06:00;0;0;3;6
2025-10-04;10;2025;sábado;07:00;1;0;3;7
2025-10-04;10;2025;sábado;08:00;0;0;3;8
2025-10-04;10;2025;sábado;09:00;0;0;3;9
2025-10-04;10;2025;sábado;10:00;1;0;3;10
2025-10-04;10;2025;sábado;11:00;1;1;3;11
2025-10-04;10;2025;sábado;12:00;0;0;3;12
2025-10-04;10;2025;sábado;13:00;2;0;3;13
2025-10-04;10;2025;sábado;14:00;1;0;3;14
2025-10-04;10;2025;sábado;15:00;0;0;3;15
2025-10-04;10;2025;sábado;16:00;0;0;3;16
2025-10-04;10;2025;sábado;17:00;0;0;3;17
2025-10-04;10;2025;sábado;18:00;1;0;3;18
2025-10-04;10;2025;sábado;19:00;0;0;3;19
2025-10-04;10;2025;sábado;20:00;1;0;3;20
2025-10-04;10;2025;sábado;21:00;0;0;3;21
2025-10-04;10;2025;sábado;22:00;1;0;3;22
2025-10-04;10;2025;sábado;23:00;0;0;3;23
2025-10-05;10;2025;domingo;00:00:00;0;0;3;0
2025-10-05;10;2025;domingo;01:00;0;0;3;1
2025-10-05;10;2025;domingo;02:00;0;0;3;2
2025-10-05;10;2025;domingo;03:00;1;0;3;3
2025-10-05;10;2025;domingo;04:00;0;0;3;4
2025-10-05;10;2025;domingo;05:00;0;0;3;5
2025-10-05;10;2025;domingo;06:00;0;1;3;6
2025-10-05;10;2025;domingo;07:00;0;0;3;7
2025-10-05;10;2025;domingo;08:00;1;0;3;8
2025-10-05;10;2025;domingo;09:00;0;0;3;9
2025-10-05;10;2025;domingo;10:00;0;0;3;10
2025-10-05;10;2025;domingo;11:00;2;0;3;11
2025-10-05;10;2025;domingo;12:00;1;1;3;12
2025-10-05;10;2025;domingo;13:00;1;0;3;13
2025-10-05;10;2025;domingo;14:00;0;0;3;14
2025-10-05;10;2025;domingo;15:00;0;0;3;15
2025-10-05;10;2025;domingo;16:00;0;0;3;16
2025-10-05;10;2025;domingo;17:00;1;0;3;17
2025-10-05;10;2025;domingo;18:00;0;0;3;18
2025-10-05;10;2025;domingo;19:00;0;0;3;19
2025-10-05;10;2025;domingo;20:00;1;0;3;20
2025-10-05;10;2025;domingo;21:00;1;0;3;21
2025-10-05;10;2025;domingo;22:00;0;0;3;22
2025-10-05;10;2025;domingo;23:00;0;0;3;23
2025-10-06;10;2025;lunes;00:00:00;1;0;3;0
2025-10-06;10;2025;lunes;01:00;0;0;3;1
2025-10-06;10;2025;lunes;02:00;0;0;3;2
2025-10-06;10;2025;lunes;03:00;0;0;3;3
2025-10-06;10;2025;lunes;04:00;0.215;0;3;4
2025-10-06;10;2025;lunes;05:00;0.222;0;3;5
2025-10-06;10;2025;lunes;06:00;0.253;0;3;6
2025-10-06;10;2025;lunes;07:00;0.31;0;3;7
2025-10-06;10;2025;lunes;08:00;0.458;0;2;8
2025-10-06;10;2025;lunes;09:00;1.024;0.228;2;9
2025-10-06;10;2025;lunes;10:00;1.07;0.238;1;10
2025-10-06;10;2025;lunes;11:00;1.085;0.241;1;11
2025-10-06;10;2025;lunes;12:00;1.097;0.244;1;12
2025-10-06;10;2025;lunes;13:00;1.064;0.236;1;13
2025-10-06;10;2025;lunes;14:00;0.474;0;2;14
2025-10-06;10;2025;lunes;15:00;0.455;0;2;15
2025-10-06;10;2025;lunes;16:00;0.454;0;2;16
2025-10-06;10;2025;lunes;17:00;0.454;0;2;17
2025-10-06;10;2025;lunes;18:00;0.91;0.202;1;18
2025-10-06;10;2025;lunes;19:00;0.937;0.208;1;19
2025-10-06;10;2025;lunes;20:00;0.956;0.213;1;20
2025-10-06;10;2025;lunes;21:00;0.857;0.19;1;21
2025-10-06;10;2025;lunes;22:00;0.372;0;2;22
2025-10-06;10;2025;lunes;23:00;0.333;0;2;23
2025-10-07;10;2025;martes;00:00:00;0.247;0;3;0
2025-10-07;10;2025;martes;01:00;0.236;0;3;1
2025-10-07;10;2025;martes;02:00;0.23;0;3;2
2025-10-07;10;2025;martes;03:00;0.227;0;3;3
2025-10-07;10;2025;martes;04:00;0.227;0;3;4
2025-10-07;10;2025;martes;05:00;0.234;0;3;5
2025-10-07;10;2025;martes;06:00;0.267;0;3;6
2025-10-07;10;2025;martes;07:00;0.332;0;3;7
2025-10-07;10;2025;martes;08:00;0.307;0.153;2;8
2025-10-07;10;2025;martes;09:00;0.569;0.114;2;9
2025-10-07;10;2025;martes;10:00;0.594;0.119;1;10
2025-10-07;10;2025;martes;11:00;0.604;0.121;1;11
2025-10-07;10;2025;martes;12:00;0.613;0.123;1;12
2025-10-07;10;2025;martes;13:00;0.595;0.119;1;13
2025-10-07;10;2025;martes;14:00;0.317;0.158;2;14
2025-10-07;10;2025;martes;15:00;0.305;0.152;2;15
2025-10-07;10;2025;martes;16:00;0.304;0.152;2;16
2025-10-07;10;2025;martes;17:00;0.302;0.151;2;17
2025-10-07;10;2025;martes;18:00;0.498;0.1;1;18
2025-10-07;10;2025;martes;19:00;0.518;0.104;1;19
2025-10-07;10;2025;martes;20:00;0.532;0.106;1;20
2025-10-07;10;2025;martes;21:00;0.476;0.095;1;21
2025-10-07;10;2025;martes;22:00;0.246;0.123;2;22
2025-10-07;10;2025;martes;23:00;0.219;0.11;2;23
2025-10-08;10;2025;miércoles;00:00:00;0.247;0;3;0
2025-10-08;10;2025;miércoles;01:00;0.236;0;3;1
2025-10-08;10;2025;miércoles;02:00;0.23;0;3;2
2025-10-08;10;2025;miércoles;03:00;0.227;0;3;3
2025-10-08;10;2025;miércoles;04:00;0.227;0;3;4
2025-10-08;10;2025;miércoles;05:00;0.234;0;3;5
2025-10-08;10;2025;miércoles;06:00;0.267;0;3;6
2025-10-08;10;2025;miércoles;07:00;0.332;0;3;7
2025-10-08;10;2025;miércoles;08:00;0.46;0.153;2;8
2025-10-08;10;2025;miércoles;09:00;0.683;0.114;2;9
2025-10-08;10;2025;miércoles;10:00;0.713;0.119;1;10
2025-10-08;10;2025;miércoles;11:00;0.725;0.121;1;11
2025-10-08;10;2025;miércoles;12:00;0.736;0.123;1;12
2025-10-08;10;2025;miércoles;13:00;0.714;0.119;1;13
2025-10-08;10;2025;miércoles;14:00;0.475;0.158;2;14
2025-10-08;10;2025;miércoles;15:00;0.457;0.152;2;15
2025-10-08;10;2025;miércoles;16:00;0.455;0.152;2;16
2025-10-08;10;2025;miércoles;17:00;0.453;0.151;2;17
2025-10-08;10;2025;miércoles;18:00;0.597;0.1;1;18
2025-10-08;10;2025;miércoles;19:00;0.622;0.104;1;19
2025-10-08;10;2025;miércoles;20:00;0.638;0.106;1;20
2025-10-08;10;2025;miércoles;21:00;0.572;0.095;1;21
2025-10-08;10;2025;miércoles;22:00;0.37;0.123;2;22
2025-10-08;10;2025;miércoles;23:00;0.329;0.11;2;23
2025-10-09;10;2025;jueves;00:00:00;0.247;0;3;0
2025-10-09;10;2025;jueves;01:00;0.236;0;3;1
2025-10-09;10;2025;jueves;02:00;0.23;0;3;2
2025-10-09;10;2025;jueves;03:00;0.227;0;3;3
2025-10-09;10;2025;jueves;04:00;0.227;0;3;4
2025-10-09;10;2025;jueves;05:00;0.234;0;3;5
2025-10-09;10;2025;jueves;06:00;0.267;0;3;6
2025-10-09;10;2025;jueves;07:00;0.332;0;3;7
2025-10-09;10;2025;jueves;08:00;0.46;0.153;2;8
2025-10-09;10;2025;jueves;09:00;0.455;0.114;2;9
2025-10-09;10;2025;jueves;10:00;0.475;0.119;1;10
2025-10-09;10;2025;jueves;11:00;0.483;0.121;1;11
2025-10-09;10;2025;jueves;12:00;0.491;0.123;1;12
2025-10-09;10;2025;jueves;13:00;0.476;0.119;1;13
2025-10-09;10;2025;jueves;14:00;0.475;0.158;2;14
2025-10-09;10;2025;jueves;15:00;0.457;0.152;2;15
2025-10-09;10;2025;jueves;16:00;0.455;0.152;2;16
2025-10-09;10;2025;jueves;17:00;0.453;0.151;2;17
2025-10-09;10;2025;jueves;18:00;0.398;0.1;1;18
2025-10-09;10;2025;jueves;19:00;0.415;0.104;1;19
2025-10-09;10;2025;jueves;20:00;0.425;0.106;1;20
2025-10-09;10;2025;jueves;21:00;0.381;0.095;1;21
2025-10-09;10;2025;jueves;22:00;0.37;0.123;2;22
2025-10-09;10;2025;jueves;23:00;0.329;0.11;2;23
2025-10-10;10;2025;viernes;00:00:00;0.125;0;3;0
2025-10-10;10;2025;viernes;01:00;0.119;0;3;1
2025-10-10;10;2025;viernes;02:00;0.115;0;3;2
2025-10-10;10;2025;viernes;03:00;0.113;0;3;3
2025-10-10;10;2025;viernes;04:00;0.113;0;3;4
2025-10-10;10;2025;viernes;05:00;0.117;0;3;5
2025-10-10;10;2025;viernes;06:00;0.133;0;3;6
2025-10-10;10;2025;viernes;07:00;0.164;0;3;7
2025-10-10;10;2025;viernes;08:00;0.307;0;2;8
2025-10-10;10;2025;viernes;09:00;0.563;0.113;2;9
2025-10-10;10;2025;viernes;10:00;0.589;0.118;1;10
2025-10-10;10;2025;viernes;11:00;0.602;0.12;1;11
2025-10-10;10;2025;viernes;12:00;0.612;0.122;1;12
2025-10-10;10;2025;viernes;13:00;0.594;0.119;1;13
2025-10-10;10;2025;viernes;14:00;0.315;0;2;14
2025-10-10;10;2025;viernes;15:00;0.294;0;2;15
2025-10-10;10;2025;viernes;16:00;0.287;0;2;16
2025-10-10;10;2025;viernes;17:00;0.285;0;2;17
2025-10-10;10;2025;viernes;18:00;0.474;0.095;1;18
2025-10-10;10;2025;viernes;19:00;0.514;0.103;1;19
2025-10-10;10;2025;viernes;20:00;0.548;0.11;1;20
2025-10-10;10;2025;viernes;21:00;0.505;0.101;1;21
2025-10-10;10;2025;viernes;22:00;0.27;0;2;22
2025-10-10;10;2025;viernes;23:00;0.242;0;2;23
2025-10-11;10;2025;sábado;00:00:00;0.313;0.039;3;0
2025-10-11;10;2025;sábado;01:00;0.289;0.036;3;1
2025-10-11;10;2025;sábado;02:00;0.277;0.035;3;2
2025-10-11;10;2025;sábado;03:00;0.269;0.034;3;3
2025-10-11;10;2025;sábado;04:00;0.266;0.033;3;4
2025-10-11;10;2025;sábado;05:00;0.268;0.034;3;5
2025-10-11;10;2025;sábado;06:00;0.282;0.035;3;6
2025-10-11;10;2025;sábado;07:00;0.307;0.038;3;7
2025-10-11;10;2025;sábado;08:00;0.302;0.038;3;8
2025-10-11;10;2025;sábado;09:00;0.32;0.04;3;9
2025-10-11;10;2025;sábado;10:00;0.354;0.044;3;10
2025-10-11;10;2025;sábado;11:00;0.371;0.046;3;11
2025-10-11;10;2025;sábado;12:00;0.382;0.048;3;12
2025-10-11;10;2025;sábado;13:00;0.378;0.047;3;13
2025-10-11;10;2025;sábado;14:00;0.358;0.045;3;14
2025-10-11;10;2025;sábado;15:00;0.345;0.043;3;15
2025-10-11;10;2025;sábado;16:00;0.331;0.041;3;16
2025-10-11;10;2025;sábado;17:00;0.324;0.041;3;17
2025-10-11;10;2025;sábado;18:00;0.327;0.041;3;18
2025-10-11;10;2025;sábado;19:00;0.376;0.047;3;19
2025-10-11;10;2025;sábado;20:00;0.427;0.053;3;20
2025-10-11;10;2025;sábado;21:00;0.409;0.051;3;21
2025-10-11;10;2025;sábado;22:00;0.38;0.047;3;22
2025-10-11;10;2025;sábado;23:00;0.346;0.043;3;23
2025-10-12;10;2025;domingo;00:00:00;0.112;0.112;3;0
2025-10-12;10;2025;domingo;01:00;0.103;0.103;3;1
2025-10-12;10;2025;domingo;02:00;0.104;0.104;3;2
2025-10-12;10;2025;domingo;03:00;0.095;0.095;3;3
2025-10-12;10;2025;domingo;04:00;0.094;0.094;3;4
2025-10-12;10;2025;domingo;05:00;0.094;0.094;3;5
2025-10-12;10;2025;domingo;06:00;0.097;0.097;3;6
2025-10-12;10;2025;domingo;07:00;0.101;0.101;3;7
2025-10-12;10;2025;domingo;08:00;1;0;3;8
2025-10-12;10;2025;domingo;09:00;0.096;0.096;3;9
2025-10-12;10;2025;domingo;10:00;0.103;0.103;3;10
2025-10-12;10;2025;domingo;11:00;1;0;3;11
2025-10-12;10;2025;domingo;12:00;1;0;3;12
2025-10-12;10;2025;domingo;13:00;1;1;3;13
2025-10-12;10;2025;domingo;14:00;0;0;3;14
2025-10-12;10;2025;domingo;15:00;1;0;3;15
2025-10-12;10;2025;domingo;16:00;0;0;3;16
2025-10-12;10;2025;domingo;17:00;1;0;3;17
2025-10-12;10;2025;domingo;18:00;0;0;3;18
2025-10-12;10;2025;domingo;19:00;0;0;3;19
2025-10-12;10;2025;domingo;20:00;1;0;3;20
2025-10-12;10;2025;domingo;21:00;0;0;3;21
2025-10-12;10;2025;domingo;22:00;1;1;3;22
2025-10-12;10;2025;domingo;23:00;0;0;3;23
2025-10-13;10;2025;lunes;00:00:00;1;0;3;0
2025-10-13;10;2025;lunes;01:00;0;0;3;1
2025-10-13;10;2025;lunes;02:00;0;0;3;2
2025-10-13;10;2025;lunes;03:00;0;0;3;3
2025-10-13;10;2025;lunes;04:00;1;0;3;4
2025-10-13;10;2025;lunes;05:00;0;0;3;5
2025-10-13;10;2025;lunes;06:00;0;0;3;6
2025-10-13;10;2025;lunes;07:00;0;0;3;7
2025-10-13;10;2025;lunes;08:00;0;0;2;8
2025-10-13;10;2025;lunes;09:00;1;0;2;9
2025-10-13;10;2025;lunes;10:00;0;0;1;10
2025-10-13;10;2025;lunes;11:00;1;0;1;11
2025-10-13;10;2025;lunes;12:00;1;0;1;12
2025-10-13;10;2025;lunes;13:00;1;0;1;13
2025-10-13;10;2025;lunes;14:00;2;1;2;14
2025-10-13;10;2025;lunes;15:00;2;0;2;15
2025-10-13;10;2025;lunes;16:00;0;0;2;16
2025-10-13;10;2025;lunes;17:00;1;1;2;17
2025-10-13;10;2025;lunes;18:00;1;0;1;18
2025-10-13;10;2025;lunes;19:00;1;0;1;19
2025-10-13;10;2025;lunes;20:00;2;0;1;20
2025-10-13;10;2025;lunes;21:00;0;0;1;21
2025-10-13;10;2025;lunes;22:00;1;0;2;22
2025-10-13;10;2025;lunes;23:00;0;0;2;23
2025-10-14;10;2025;martes;00:00:00;0;0;3;0
2025-10-14;10;2025;martes;01:00;0;0;3;1
2025-10-14;10;2025;martes;02:00;0;0;3;2
2025-10-14;10;2025;martes;03:00;1;0;3;3
2025-10-14;10;2025;martes;04:00;0;0;3;4
2025-10-14;10;2025;martes;05:00;0;0;3;5
2025-10-14;10;2025;martes;06:00;0;0;3;6
2025-10-14;10;2025;martes;07:00;0;0;3;7
2025-10-14;10;2025;martes;08:00;1;0;2;8
2025-10-14;10;2025;martes;09:00;0;0;2;9
2025-10-14;10;2025;martes;10:00;0;0;1;10
2025-10-14;10;2025;martes;11:00;1;1;1;11
2025-10-14;10;2025;martes;12:00;0;0;1;12
2025-10-14;10;2025;martes;13:00;1;0;1;13
2025-10-14;10;2025;martes;14:00;0;0;2;14
2025-10-14;10;2025;martes;15:00;1;0;2;15
2025-10-14;10;2025;martes;16:00;0;0;2;16
2025-10-14;10;2025;martes;17:00;0;0;2;17
2025-10-14;10;2025;martes;18:00;1;0;1;18
2025-10-14;10;2025;martes;19:00;0;0;1;19
2025-10-14;10;2025;martes;20:00;0;0;1;20
2025-10-14;10;2025;martes;21:00;0;0;1;21
2025-10-14;10;2025;martes;22:00;0.529;0;2;22
2025-10-14;10;2025;martes;23:00;0.471;0;2;23
2025-10-15;10;2025;miércoles;00:00:00;0;0;3;0
2025-10-15;10;2025;miércoles;01:00;0;0;3;1
2025-10-15;10;2025;miércoles;02:00;0;0;3;2
2025-10-15;10;2025;miércoles;03:00;1;0;3;3
2025-10-15;10;2025;miércoles;04:00;0;0;3;4
2025-10-15;10;2025;miércoles;05:00;0;0;3;5
2025-10-15;10;2025;miércoles;06:00;0;0;3;6
2025-10-15;10;2025;miércoles;07:00;0;0;3;7
2025-10-15;10;2025;miércoles;08:00;1;0;2;8
2025-10-15;10;2025;miércoles;09:00;1;0;2;9
2025-10-15;10;2025;miércoles;10:00;0;0;1;10
2025-10-15;10;2025;miércoles;11:00;0;0;1;11
2025-10-15;10;2025;miércoles;12:00;1;0;1;12
2025-10-15;10;2025;miércoles;13:00;0;1;1;13
2025-10-15;10;2025;miércoles;14:00;1;0;2;14
2025-10-15;10;2025;miércoles;15:00;0;0;2;15
2025-10-15;10;2025;miércoles;16:00;0;0;2;16
2025-10-15;10;2025;miércoles;17:00;1;0;2;17
2025-10-15;10;2025;miércoles;18:00;0;0;1;18
2025-10-15;10;2025;miércoles;19:00;1;0;1;19
2025-10-15;10;2025;miércoles;20:00;0;0;1;20
2025-10-15;10;2025;miércoles;21:00;0;0;1;21
2025-10-15;10;2025;miércoles;22:00;1;0;2;22
2025-10-15;10;2025;miércoles;23:00;0;1;2;23
2025-10-16;10;2025;jueves;00:00:00;0;0;3;0
2025-10-16;10;2025;jueves;01:00;0;0;3;1
2025-10-16;10;2025;jueves;02:00;1;0;3;2
2025-10-16;10;2025;jueves;03:00;0;0;3;3
2025-10-16;10;2025;jueves;04:00;0;0;3;4
2025-10-16;10;2025;jueves;05:00;0;0;3;5
2025-10-16;10;2025;jueves;06:00;0;0;3;6
2025-10-16;10;2025;jueves;07:00;1;0;3;7
2025-10-16;10;2025;jueves;08:00;0;0;2;8
2025-10-16;10;2025;jueves;09:00;0;0;2;9
2025-10-16;10;2025;jueves;10:00;1;0;1;10
2025-10-16;10;2025;jueves;11:00;1;0;1;11
2025-10-16;10;2025;jueves;12:00;1;0;1;12
2025-10-16;10;2025;jueves;13:00;1;0;1;13
2025-10-16;10;2025;jueves;14:00;0;1;2;14
2025-10-16;10;2025;jueves;15:00;0;0;2;15
2025-10-16;10;2025;jueves;16:00;1;0;2;16
2025-10-16;10;2025;jueves;17:00;0;0;2;17
2025-10-16;10;2025;jueves;18:00;0;0;1;18
2025-10-16;10;2025;jueves;19:00;2;0;1;19
2025-10-16;10;2025;jueves;20:00;1;0;1;20
2025-10-16;10;2025;jueves;21:00;0;0;1;21
2025-10-16;10;2025;jueves;22:00;0;0;2;22
2025-10-16;10;2025;jueves;23:00;1;1;2;23
2025-10-17;10;2025;viernes;00:00:00;0;0;3;0
2025-10-17;10;2025;viernes;01:00;0;0;3;1
2025-10-17;10;2025;viernes;02:00;1;0;3;2
2025-10-17;10;2025;viernes;03:00;0;0;3;3
2025-10-17;10;2025;viernes;04:00;0;0;3;4
2025-10-17;10;2025;viernes;05:00;0;0;3;5
2025-10-17;10;2025;viernes;06:00;0;0;3;6
2025-10-17;10;2025;viernes;07:00;1;0;3;7
2025-10-17;10;2025;viernes;08:00;0;0;2;8
2025-10-17;10;2025;viernes;09:00;1;0;2;9
2025-10-17;10;2025;viernes;10:00;1;0;1;10
2025-10-17;10;2025;viernes;11:00;0;0;1;11
2025-10-17;10;2025;viernes;12:00;1;0;1;12
2025-10-17;10;2025;viernes;13:00;0;0;1;13
2025-10-17;10;2025;viernes;14:00;1;0;2;14
2025-10-17;10;2025;viernes;15:00;1;0;2;15
2025-10-17;10;2025;viernes;16:00;0;0;2;16
2025-10-17;10;2025;viernes;17:00;1;0;2;17
2025-10-17;10;2025;viernes;18:00;0;1;1;18
2025-10-17;10;2025;viernes;19:00;2;0;1;19
2025-10-17;10;2025;viernes;20:00;0;0;1;20
2025-10-17;10;2025;viernes;21:00;1;1;1;21
2025-10-17;10;2025;viernes;22:00;0;0;2;22
2025-10-17;10;2025;viernes;23:00;0;0;2;23
2025-10-18;10;2025;sábado;00:00:00;0;0;3;0
2025-10-18;10;2025;sábado;01:00;1;0;3;1
2025-10-18;10;2025;sábado;02:00;0;0;3;2
2025-10-18;10;2025;sábado;03:00;0;0;3;3
2025-10-18;10;2025;sábado;04:00;0;0;3;4
2025-10-18;10;2025;sábado;05:00;1;0;3;5
2025-10-18;10;2025;sábado;06:00;0;0;3;6
2025-10-18;10;2025;sábado;07:00;0;0;3;7
2025-10-18;10;2025;sábado;08:00;0;0;3;8
2025-10-18;10;2025;sábado;09:00;1;0;3;9
2025-10-18;10;2025;sábado;10:00;1;0;3;10
2025-10-18;10;2025;sábado;11:00;1;0;3;11
2025-10-18;10;2025;sábado;12:00;3;1;3;12
2025-10-18;10;2025;sábado;13:00;1;0;3;13
2025-10-18;10;2025;sábado;14:00;1;0;3;14
2025-10-18;10;2025;sábado;15:00;0;0;3;15
2025-10-18;10;2025;sábado;16:00;0;0;3;16
2025-10-18;10;2025;sábado;17:00;0;0;3;17
2025-10-18;10;2025;sábado;18:00;1;0;3;18
2025-10-18;10;2025;sábado;19:00;0;0;3;19
2025-10-18;10;2025;sábado;20:00;1;0;3;20
2025-10-18;10;2025;sábado;21:00;0;0;3;21
2025-10-18;10;2025;sábado;22:00;1;0;3;22
2025-10-18;10;2025;sábado;23:00;0;0;3;23
2025-10-19;10;2025;domingo;00:00:00;0;0;3;0
2025-10-19;10;2025;domingo;01:00;1;0;3;1
2025-10-19;10;2025;domingo;02:00;0;0;3;2
2025-10-19;10;2025;domingo;03:00;0;1;3;3
2025-10-19;10;2025;domingo;04:00;0;0;3;4
2025-10-19;10;2025;domingo;05:00;0;0;3;5
2025-10-19;10;2025;domingo;06:00;1;0;3;6
2025-10-19;10;2025;domingo;07:00;0;0;3;7
2025-10-19;10;2025;domingo;08:00;0;0;3;8
2025-10-19;10;2025;domingo;09:00;1;0;3;9
2025-10-19;10;2025;domingo;10:00;0;0;3;10
2025-10-19;10;2025;domingo;11:00;1;0;3;11
2025-10-19;10;2025;domingo;12:00;2;0;3;12
2025-10-19;10;2025;domingo;13:00;1;0;3;13
2025-10-19;10;2025;domingo;14:00;2;1;3;14
2025-10-19;10;2025;domingo;15:00;1;0;3;15
2025-10-19;10;2025;domingo;16:00;0;0;3;16
2025-10-19;10;2025;domingo;17:00;1;0;3;17
2025-10-19;10;2025;domingo;18:00;3;0;3;18
2025-10-19;10;2025;domingo;19:00;0;0;3;19
2025-10-19;10;2025;domingo;20:00;1;0;3;20
2025-10-19;10;2025;domingo;21:00;0;0;3;21
2025-10-19;10;2025;domingo;22:00;0;0;3;22
2025-10-19;10;2025;domingo;23:00;1;0;3;23
2025-10-20;10;2025;lunes;00:00:00;0;0;3;0
2025-10-20;10;2025;lunes;01:00;0;0;3;1
2025-10-20;10;2025;lunes;02:00;0;1;3;2
2025-10-20;10;2025;lunes;03:00;0;0;3;3
2025-10-20;10;2025;lunes;04:00;1;0;3;4
2025-10-20;10;2025;lunes;05:00;0;0;3;5
2025-10-20;10;2025;lunes;06:00;0;0;3;6
2025-10-20;10;2025;lunes;07:00;0;0;3;7
2025-10-20;10;2025;lunes;08:00;0;0;2;8
2025-10-20;10;2025;lunes;09:00;1;0;2;9
2025-10-20;10;2025;lunes;10:00;0;0;1;10
2025-10-20;10;2025;lunes;11:00;2;0;1;11
2025-10-20;10;2025;lunes;12:00;1;1;1;12
2025-10-20;10;2025;lunes;13:00;2;0;1;13
2025-10-20;10;2025;lunes;14:00;1;0;2;14
2025-10-20;10;2025;lunes;15:00;0;0;2;15
2025-10-20;10;2025;lunes;16:00;1;0;2;16
2025-10-20;10;2025;lunes;17:00;1;0;2;17
2025-10-20;10;2025;lunes;18:00;1;0;1;18
2025-10-20;10;2025;lunes;19:00;0;0;1;19
2025-10-20;10;2025;lunes;20:00;1;0;1;20
2025-10-20;10;2025;lunes;21:00;0;0;1;21
2025-10-20;10;2025;lunes;22:00;0;0;2;22
2025-10-20;10;2025;lunes;23:00;1;0;2;23
2025-10-21;10;2025;martes;00:00:00;0;0;3;0
2025-10-21;10;2025;martes;01:00;0;0;3;1
2025-10-21;10;2025;martes;02:00;0;1;3;2
2025-10-21;10;2025;martes;03:00;0;0;3;3
2025-10-21;10;2025;martes;04:00;1;0;3;4
2025-10-21;10;2025;martes;05:00;0;0;3;5
2025-10-21;10;2025;martes;06:00;0;0;3;6
2025-10-21;10;2025;martes;07:00;0;0;3;7
2025-10-21;10;2025;martes;08:00;0;0;2;8
2025-10-21;10;2025;martes;09:00;1;0;2;9
2025-10-21;10;2025;martes;10:00;1;0;1;10
2025-10-21;10;2025;martes;11:00;1;0;1;11
2025-10-21;10;2025;martes;12:00;0;0;1;12
2025-10-21;10;2025;martes;13:00;0;0;1;13
2025-10-21;10;2025;martes;14:00;2;0;2;14
2025-10-21;10;2025;martes;15:00;1;0;2;15
2025-10-21;10;2025;martes;16:00;0;1;2;16
2025-10-21;10;2025;martes;17:00;1;0;2;17
2025-10-21;10;2025;martes;18:00;1;0;1;18
2025-10-21;10;2025;martes;19:00;0;0;1;19
2025-10-21;10;2025;martes;20:00;2;1;1;20
2025-10-21;10;2025;martes;21:00;1;0;1;21
2025-10-21;10;2025;martes;22:00;0;0;2;22
2025-10-21;10;2025;martes;23:00;0;0;2;23
2025-10-22;10;2025;miércoles;00:00:00;1;0;3;0
2025-10-22;10;2025;miércoles;01:00;0;0;3;1
2025-10-22;10;2025;miércoles;02:00;0;0;3;2
2025-10-22;10;2025;miércoles;03:00;0;0;3;3
2025-10-22;10;2025;miércoles;04:00;0;0;3;4
2025-10-22;10;2025;miércoles;05:00;0;0;3;5
2025-10-22;10;2025;miércoles;06:00;1;0;3;6
2025-10-22;10;2025;miércoles;07:00;0;0;3;7
2025-10-22;10;2025;miércoles;08:00;1;0;2;8
2025-10-22;10;2025;miércoles;09:00;0;0;2;9
2025-10-22;10;2025;miércoles;10:00;0;0;1;10
2025-10-22;10;2025;miércoles;11:00;1;0;1;11
2025-10-22;10;2025;miércoles;12:00;0;0;1;12
2025-10-22;10;2025;miércoles;13:00;0;0;1;13
2025-10-22;10;2025;miércoles;14:00;1;0;2;14
2025-10-22;10;2025;miércoles;15:00;0;1;2;15
2025-10-22;10;2025;miércoles;16:00;0;0;2;16
2025-10-22;10;2025;miércoles;17:00;1;0;2;17
2025-10-22;10;2025;miércoles;18:00;0;0;1;18
2025-10-22;10;2025;miércoles;19:00;1;0;1;19
2025-10-22;10;2025;miércoles;20:00;0;0;1;20
2025-10-22;10;2025;miércoles;21:00;0;0;1;21
2025-10-22;10;2025;miércoles;22:00;0;0;2;22
2025-10-22;10;2025;miércoles;23:00;1;0;2;23
2025-10-23;10;2025;jueves;00:00:00;0;0;3;0
2025-10-23;10;2025;jueves;01:00;0;0;3;1
2025-10-23;10;2025;jueves;02:00;0;0;3;2
2025-10-23;10;2025;jueves;03:00;0;0;3;3
2025-10-23;10;2025;jueves;04:00;1;0;3;4
2025-10-23;10;2025;jueves;05:00;0;0;3;5
2025-10-23;10;2025;jueves;06:00;0;0;3;6
2025-10-23;10;2025;jueves;07:00;0;0;3;7
2025-10-23;10;2025;jueves;08:00;1;1;2;8
2025-10-23;10;2025;jueves;09:00;1;0;2;9
2025-10-23;10;2025;jueves;10:00;1;0;1;10
2025-10-23;10;2025;jueves;11:00;1;1;1;11
2025-10-23;10;2025;jueves;12:00;2;3;1;12
2025-10-23;10;2025;jueves;13:00;1;0;1;13
2025-10-23;10;2025;jueves;14:00;0;0;2;14
2025-10-23;10;2025;jueves;15:00;1;0;2;15
2025-10-23;10;2025;jueves;16:00;0;0;2;16
2025-10-23;10;2025;jueves;17:00;1;1;2;17
2025-10-23;10;2025;jueves;18:00;2;2;1;18
2025-10-23;10;2025;jueves;19:00;1;1;1;19
2025-10-23;10;2025;jueves;20:00;0;0;1;20
2025-10-23;10;2025;jueves;21:00;0;0;1;21
2025-10-23;10;2025;jueves;22:00;0;0;2;22
2025-10-23;10;2025;jueves;23:00;1;0;2;23
2025-10-24;10;2025;viernes;00:00:00;0;0;3;0
2025-10-24;10;2025;viernes;01:00;0;0;3;1
2025-10-24;10;2025;viernes;02:00;0;0;3;2
2025-10-24;10;2025;viernes;03:00;0;0;3;3
2025-10-24;10;2025;viernes;04:00;0;0;3;4
2025-10-24;10;2025;viernes;05:00;1;0;3;5
2025-10-24;10;2025;viernes;06:00;0;0;3;6
2025-10-24;10;2025;viernes;07:00;0;0;3;7
2025-10-24;10;2025;viernes;08:00;1;0;2;8
2025-10-24;10;2025;viernes;09:00;1;0;2;9
2025-10-24;10;2025;viernes;10:00;1;1;1;10
2025-10-24;10;2025;viernes;11:00;0;0;1;11
2025-10-24;10;2025;viernes;12:00;1;0;1;12
2025-10-24;10;2025;viernes;13:00;0;0;1;13
2025-10-24;10;2025;viernes;14:00;1;0;2;14
2025-10-24;10;2025;viernes;15:00;0;0;2;15
2025-10-24;10;2025;viernes;16:00;1;0;2;16
2025-10-24;10;2025;viernes;17:00;0;0;2;17
2025-10-24;10;2025;viernes;18:00;0.48;0.48;1;18
2025-10-24;10;2025;viernes;19:00;0.52;0.52;1;19
2025-10-24;10;2025;viernes;20:00;1;0;1;20
2025-10-24;10;2025;viernes;21:00;0;0;1;21
2025-10-24;10;2025;viernes;22:00;0;0;2;22
2025-10-24;10;2025;viernes;23:00;1;0;2;23
2025-10-25;10;2025;sábado;00:00:00;0;0;3;0
2025-10-25;10;2025;sábado;01:00;0;0;3;1
2025-10-25;10;2025;sábado;02:00;0;0;3;2
2025-10-25;10;2025;sábado;03:00;0;0;3;3
2025-10-25;10;2025;sábado;04:00;0;0;3;4
2025-10-25;10;2025;sábado;05:00;1;0;3;5
2025-10-25;10;2025;sábado;06:00;0;0;3;6
2025-10-25;10;2025;sábado;07:00;0;0;3;7
2025-10-25;10;2025;sábado;08:00;0;0;3;8
2025-10-25;10;2025;sábado;09:00;1;0;3;9
2025-10-25;10;2025;sábado;10:00;0;1;3;10
2025-10-25;10;2025;sábado;11:00;2;1;3;11
2025-10-25;10;2025;sábado;12:00;0;0;3;12
2025-10-25;10;2025;sábado;13:00;1;1;3;13
2025-10-25;10;2025;sábado;14:00;1;0;3;14
2025-10-25;10;2025;sábado;15:00;0;0;3;15
2025-10-25;10;2025;sábado;16:00;0;0;3;16
2025-10-25;10;2025;sábado;17:00;0;0;3;17
2025-10-25;10;2025;sábado;18:00;2;0;3;18
2025-10-25;10;2025;sábado;19:00;1;0;3;19
2025-10-25;10;2025;sábado;20:00;0;0;3;20
2025-10-25;10;2025;sábado;21:00;1;0;3;21
2025-10-25;10;2025;sábado;22:00;0;0;3;22
2025-10-25;10;2025;sábado;23:00;0;0;3;23
2025-10-26;10;2025;domingo;00:00:00;0;0;3;0
2025-10-26;10;2025;domingo;01:00;0;0;3;1
2025-10-26;10;2025;domingo;02:00;1;0;3;2
2025-10-26;10;2025;domingo;03:00;0;0;3;3
2025-10-26;10;2025;domingo;04:00;0;0;3;4
2025-10-26;10;2025;domingo;05:00;0;0;3;5
2025-10-26;10;2025;domingo;06:00;0;0;3;6
2025-10-26;10;2025;domingo;07:00;0;0;3;7
2025-10-26;10;2025;domingo;08:00;1;0;3;8
2025-10-26;10;2025;domingo;09:00;1;1;3;9
2025-10-26;10;2025;domingo;10:00;1;0;3;10
2025-10-26;10;2025;domingo;11:00;1;0;3;11
2025-10-26;10;2025;domingo;12:00;0;0;3;12
2025-10-26;10;2025;domingo;13:00;2;0;3;13
2025-10-26;10;2025;domingo;14:00;0;0;3;14
2025-10-26;10;2025;domingo;15:00;0;0;3;15
2025-10-26;10;2025;domingo;16:00;1;0;3;16
2025-10-26;10;2025;domingo;17:00;0;0;3;17
2025-10-26;10;2025;domingo;18:00;1;0;3;18
2025-10-26;10;2025;domingo;19:00;2;0;3;19
2025-10-26;10;2025;domingo;20:00;0;0;3;20
2025-10-26;10;2025;domingo;21:00;0;0;3;21
2025-10-26;10;2025;domingo;22:00;1;0;3;22
2025-10-26;10;2025;domingo;23:00;0;0;3;23
2025-10-27;10;2025;lunes;00:00:00;0;0;3;0
2025-10-27;10;2025;lunes;01:00;0;0;3;1
2025-10-27;10;2025;lunes;02:00;1;0;3;2
2025-10-27;10;2025;lunes;03:00;0;0;3;3
2025-10-27;10;2025;lunes;04:00;0;0;3;4
2025-10-27;10;2025;lunes;05:00;0;0;3;5
2025-10-27;10;2025;lunes;06:00;0;0;3;6
2025-10-27;10;2025;lunes;07:00;1;0;3;7
2025-10-27;10;2025;lunes;08:00;0;0;2;8
2025-10-27;10;2025;lunes;09:00;1;0;2;9
2025-10-27;10;2025;lunes;10:00;0;0;1;10
2025-10-27;10;2025;lunes;11:00;0.497;0.497;1;11
2025-10-27;10;2025;lunes;12:00;0.503;0.503;1;12
2025-10-27;10;2025;lunes;13:00;0;0;1;13
2025-10-27;10;2025;lunes;14:00;0;0;2;14
2025-10-27;10;2025;lunes;15:00;1;0;2;15
2025-10-27;10;2025;lunes;16:00;0;1;2;16
2025-10-27;10;2025;lunes;17:00;0;0;2;17
2025-10-27;10;2025;lunes;18:00;1;0;1;18
2025-10-27;10;2025;lunes;19:00;0;0;1;19
2025-10-27;10;2025;lunes;20:00;0;0;1;20
2025-10-27;10;2025;lunes;21:00;0;0;1;21
2025-10-27;10;2025;lunes;22:00;1;0;2;22
2025-10-27;10;2025;lunes;23:00;0;0;2;23
2025-10-28;10;2025;martes;00:00:00;0;0;3;0
2025-10-28;10;2025;martes;01:00;0;0;3;1
2025-10-28;10;2025;martes;02:00;0;0;3;2
2025-10-28;10;2025;martes;03:00;1;0;3;3
2025-10-28;10;2025;martes;04:00;0;0;3;4
2025-10-28;10;2025;martes;05:00;0;0;3;5
2025-10-28;10;2025;martes;06:00;0;0;3;6
2025-10-28;10;2025;martes;07:00;0;0;3;7
2025-10-28;10;2025;martes;08:00;1;0;2;8
2025-10-28;10;2025;martes;09:00;0;0;2;9
2025-10-28;10;2025;martes;10:00;1;0;1;10
2025-10-28;10;2025;martes;11:00;2;1;1;11
2025-10-28;10;2025;martes;12:00;0;0;1;12
2025-10-28;10;2025;martes;13:00;1;0;1;13
2025-10-28;10;2025;martes;14:00;1;0;2;14
2025-10-28;10;2025;martes;15:00;1;1;2;15
2025-10-28;10;2025;martes;16:00;0;0;2;16
2025-10-28;10;2025;martes;17:00;0;0;2;17
2025-10-28;10;2025;martes;18:00;0;0;1;18
2025-10-28;10;2025;martes;19:00;1;0;1;19
2025-10-28;10;2025;martes;20:00;0;0;1;20
2025-10-28;10;2025;martes;21:00;0;0;1;21
2025-10-28;10;2025;martes;22:00;0;0;2;22
2025-10-28;10;2025;martes;23:00;1;0;2;23
2025-10-29;10;2025;miércoles;00:00:00;0;0;3;0
2025-10-29;10;2025;miércoles;01:00;0;0;3;1
2025-10-29;10;2025;miércoles;02:00;0;0;3;2
2025-10-29;10;2025;miércoles;03:00;0;0;3;3
2025-10-29;10;2025;miércoles;04:00;0;0;3;4
2025-10-29;10;2025;miércoles;05:00;0;0;3;5
2025-10-29;10;2025;miércoles;06:00;1;0;3;6
2025-10-29;10;2025;miércoles;07:00;0;0;3;7
2025-10-29;10;2025;miércoles;08:00;2;0;2;8
2025-10-29;10;2025;miércoles;09:00;0;0;2;9
2025-10-29;10;2025;miércoles;10:00;0;0;1;10
2025-10-29;10;2025;miércoles;11:00;0;0;1;11
2025-10-29;10;2025;miércoles;12:00;0;0;1;12
2025-10-29;10;2025;miércoles;13:00;1;0;1;13
2025-10-29;10;2025;miércoles;14:00;1;0;2;14
2025-10-29;10;2025;miércoles;15:00;0;0;2;15
2025-10-29;10;2025;miércoles;16:00;0;0;2;16
2025-10-29;10;2025;miércoles;17:00;0;0;2;17
2025-10-29;10;2025;miércoles;18:00;0;0;1;18
2025-10-29;10;2025;miércoles;19:00;1;0;1;19
2025-10-29;10;2025;miércoles;20:00;0;0;1;20
2025-10-29;10;2025;miércoles;21:00;0;0;1;21
2025-10-29;10;2025;miércoles;22:00;1;0;2;22
2025-10-29;10;2025;miércoles;23:00;0;0;2;23
2025-10-30;10;2025;jueves;00:00:00;0;0;3;0
2025-10-30;10;2025;jueves;01:00;0;0;3;1
2025-10-30;10;2025;jueves;02:00;0;0;3;2
2025-10-30;10;2025;jueves;03:00;0;0;3;3
2025-10-30;10;2025;jueves;04:00;1;0;3;4
2025-10-30;10;2025;jueves;05:00;0;0;3;5
2025-10-30;10;2025;jueves;06:00;0;0;3;6
2025-10-30;10;2025;jueves;07:00;0;1;3;7
2025-10-30;10;2025;jueves;08:00;0;0;2;8
2025-10-30;10;2025;jueves;09:00;1;0;2;9
2025-10-30;10;2025;jueves;10:00;0;0;1;10
2025-10-30;10;2025;jueves;11:00;0;0;1;11
2025-10-30;10;2025;jueves;12:00;1;0;1;12
2025-10-30;10;2025;jueves;13:00;2;0;1;13
2025-10-30;10;2025;jueves;14:00;1;0;2;14
2025-10-30;10;2025;jueves;15:00;0;0;2;15
2025-10-30;10;2025;jueves;16:00;0;0;2;16
2025-10-30;10;2025;jueves;17:00;0;0;2;17
2025-10-30;10;2025;jueves;18:00;1;0;1;18
2025-10-30;10;2025;jueves;19:00;0;0;1;19
2025-10-30;10;2025;jueves;20:00;0;0;1;20
2025-10-30;10;2025;jueves;21:00;1;0;1;21
2025-10-30;10;2025;jueves;22:00;0;0;2;22
2025-10-30;10;2025;jueves;23:00;0;0;2;23
2025-10-31;10;2025;viernes;00:00:00;0;0;3;0
2025-10-31;10;2025;viernes;01:00;1;0;3;1
2025-10-31;10;2025;viernes;02:00;0;0;3;2
2025-10-31;10;2025;viernes;03:00;0;0;3;3
2025-10-31;10;2025;viernes;04:00;0;0;3;4
2025-10-31;10;2025;viernes;05:00;0;0;3;5
2025-10-31;10;2025;viernes;06:00;0;0;3;6
2025-10-31;10;2025;viernes;07:00;1;0;3;7
2025-10-31;10;2025;viernes;08:00;0;0;2;8
2025-10-31;10;2025;viernes;09:00;0;0;2;9
2025-10-31;10;2025;viernes;10:00;1;0;1;10
2025-10-31;10;2025;viernes;11:00;0;0;1;11
2025-10-31;10;2025;viernes;12:00;0;0;1;12
2025-10-31;10;2025;viernes;13:00;0;0;1;13
2025-10-31;10;2025;viernes;14:00;1;0;2;14
2025-10-31;10;2025;viernes;15:00;0;0;2;15
2025-10-31;10;2025;viernes;16:00;0;0;2;16
2025-10-31;10;2025;viernes;17:00;1;0;2;17
2025-10-31;10;2025;viernes;18:00;0;0;1;18
2025-10-31;10;2025;viernes;19:00;0;1;1;19
2025-10-31;10;2025;viernes;20:00;0;0;1;20
2025-10-31;10;2025;viernes;21:00;1;0;1;21
2025-10-31;10;2025;viernes;22:00;0;0;2;22
2025-10-31;10;2025;viernes;23:00;0;0;2;23
2025-11-01;11;2025;sábado;00:00:00;0;0;3;0
2025-11-01;11;2025;sábado;01:00;0;0;3;1
2025-11-01;11;2025;sábado;02:00;0.988;0;3;2
2025-11-01;11;2025;sábado;03:00;0;0;3;3
2025-11-01;11;2025;sábado;04:00;0;0;3;4
2025-11-01;11;2025;sábado;05:00;0;0;3;5
2025-11-01;11;2025;sábado;06:00;0;0;3;6
2025-11-01;11;2025;sábado;07:00;0;0;3;7
2025-11-01;11;2025;sábado;08:00;0.988;0;3;8
2025-11-01;11;2025;sábado;09:00;0.988;0;3;9
2025-11-01;11;2025;sábado;10:00;0.988;0;3;10
2025-11-01;11;2025;sábado;11:00;0;0;3;11
2025-11-01;11;2025;sábado;12:00;0.988;0;3;12
2025-11-01;11;2025;sábado;13:00;0;0;3;13
2025-11-01;11;2025;sábado;14:00;0.988;0;3;14
2025-11-01;11;2025;sábado;15:00;0;0;3;15
2025-11-01;11;2025;sábado;16:00;0;0;3;16
2025-11-01;11;2025;sábado;17:00;0;0;3;17
2025-11-01;11;2025;sábado;18:00;0.988;0;3;18
2025-11-01;11;2025;sábado;19:00;0;0;3;19
2025-11-01;11;2025;sábado;20:00;0;0;3;20
2025-11-01;11;2025;sábado;21:00;0.988;0;3;21
2025-11-01;11;2025;sábado;22:00;1.976;1;3;22
2025-11-01;11;2025;sábado;23:00;0.988;0;3;23
2025-11-02;11;2025;domingo;00:00:00;0;0;3;0
2025-11-02;11;2025;domingo;01:00;0;0;3;1
2025-11-02;11;2025;domingo;02:00;0;0;3;2
2025-11-02;11;2025;domingo;03:00;0;0;3;3
2025-11-02;11;2025;domingo;04:00;0.988;0;3;4
2025-11-02;11;2025;domingo;05:00;0;0;3;5
2025-11-02;11;2025;domingo;06:00;0;0;3;6
2025-11-02;11;2025;domingo;07:00;0;0;3;7
2025-11-02;11;2025;domingo;08:00;0;0;3;8
2025-11-02;11;2025;domingo;09:00;0.988;0;3;9
2025-11-02;11;2025;domingo;10:00;1.976;0;3;10
2025-11-02;11;2025;domingo;11:00;0;0;3;11
2025-11-02;11;2025;domingo;12:00;0.988;0;3;12
2025-11-02;11;2025;domingo;13:00;0;0;3;13
2025-11-02;11;2025;domingo;14:00;0;0;3;14
2025-11-02;11;2025;domingo;15:00;0.988;0;3;15
2025-11-02;11;2025;domingo;16:00;0;0;3;16
2025-11-02;11;2025;domingo;17:00;0;0;3;17
2025-11-02;11;2025;domingo;18:00;3.952;0;3;18
2025-11-02;11;2025;domingo;19:00;2.964;0;3;19
2025-11-02;11;2025;domingo;20:00;0;1;3;20
2025-11-02;11;2025;domingo;21:00;0;0;3;21
2025-11-02;11;2025;domingo;22:00;0.988;0;3;22
2025-11-02;11;2025;domingo;23:00;0;0;3;23
2025-11-03;11;2025;lunes;00:00:00;0;0;3;0
2025-11-03;11;2025;lunes;01:00;0;0;3;1
2025-11-03;11;2025;lunes;02:00;0;0;3;2
2025-11-03;11;2025;lunes;03:00;0.988;0;3;3
2025-11-03;11;2025;lunes;04:00;0;0;3;4
2025-11-03;11;2025;lunes;05:00;0;0;3;5
2025-11-03;11;2025;lunes;06:00;0;0;3;6
2025-11-03;11;2025;lunes;07:00;0;0;3;7
2025-11-03;11;2025;lunes;08:00;1;0;2;8
2025-11-03;11;2025;lunes;09:00;0;0;2;9
2025-11-03;11;2025;lunes;10:00;1;0;1;10
2025-11-03;11;2025;lunes;11:00;1;1;1;11
2025-11-03;11;2025;lunes;12:00;0;0;1;12
2025-11-03;11;2025;lunes;13:00;1;0;1;13
2025-11-03;11;2025;lunes;14:00;0;0;2;14
2025-11-03;11;2025;lunes;15:00;1;0;2;15
2025-11-03;11;2025;lunes;16:00;1;1;2;16
2025-11-03;11;2025;lunes;17:00;0;0;2;17
2025-11-03;11;2025;lunes;18:00;1;0;1;18
2025-11-03;11;2025;lunes;19:00;0;0;1;19
2025-11-03;11;2025;lunes;20:00;1;0;1;20
2025-11-03;11;2025;lunes;21:00;1;0;1;21
2025-11-03;11;2025;lunes;22:00;0;0;2;22
2025-11-03;11;2025;lunes;23:00;0;0;2;23
2025-11-04;11;2025;martes;00:00:00;0;0;3;0
2025-11-04;11;2025;martes;01:00;0.988;0;3;1
2025-11-04;11;2025;martes;02:00;0;0;3;2
2025-11-04;11;2025;martes;03:00;0;0;3;3
2025-11-04;11;2025;martes;04:00;0;0;3;4
2025-11-04;11;2025;martes;05:00;0;0;3;5
2025-11-04;11;2025;martes;06:00;0;0;3;6
2025-11-04;11;2025;martes;07:00;0.988;0;3;7
2025-11-04;11;2025;martes;08:00;0;0;2;8
2025-11-04;11;2025;martes;09:00;1;1;2;9
2025-11-04;11;2025;martes;10:00;0.676;0;1;10
2025-11-04;11;2025;martes;11:00;0.675;0;1;11
2025-11-04;11;2025;martes;12:00;0;0;1;12
2025-11-04;11;2025;martes;13:00;0.648;0;1;13
2025-11-04;11;2025;martes;14:00;0;0;2;14
2025-11-04;11;2025;martes;15:00;0;0;2;15
2025-11-04;11;2025;martes;16:00;0;0;2;16
2025-11-04;11;2025;martes;17:00;1;0;2;17
2025-11-04;11;2025;martes;18:00;0;0;1;18
2025-11-04;11;2025;martes;19:00;0;0;1;19
2025-11-04;11;2025;martes;20:00;2;0;1;20
2025-11-04;11;2025;martes;21:00;0;0;1;21
2025-11-04;11;2025;martes;22:00;1;0;2;22
2025-11-04;11;2025;martes;23:00;0;0;2;23
2025-11-05;11;2025;miércoles;00:00:00;0;0;3;0
2025-11-05;11;2025;miércoles;01:00;0;0;3;1
2025-11-05;11;2025;miércoles;02:00;0;0;3;2
2025-11-05;11;2025;miércoles;03:00;0.988;0;3;3
2025-11-05;11;2025;miércoles;04:00;0;0;3;4
2025-11-05;11;2025;miércoles;05:00;0;0;3;5
2025-11-05;11;2025;miércoles;06:00;0;0;3;6
2025-11-05;11;2025;miércoles;07:00;0;0;3;7
2025-11-05;11;2025;miércoles;08:00;0;0;2;8
2025-11-05;11;2025;miércoles;09:00;1;0;2;9
2025-11-05;11;2025;miércoles;10:00;2;0;1;10
2025-11-05;11;2025;miércoles;11:00;0;0;1;11
2025-11-05;11;2025;miércoles;12:00;0;0;1;12
2025-11-05;11;2025;miércoles;13:00;1;1;1;13
2025-11-05;11;2025;miércoles;14:00;0;0;2;14
2025-11-05;11;2025;miércoles;15:00;0;0;2;15
2025-11-05;11;2025;miércoles;16:00;0;0;2;16
2025-11-05;11;2025;miércoles;17:00;1;0;2;17
2025-11-05;11;2025;miércoles;18:00;0;0;1;18
2025-11-05;11;2025;miércoles;19:00;1;0;1;19
2025-11-05;11;2025;miércoles;20:00;0;0;1;20
2025-11-05;11;2025;miércoles;21:00;1;0;1;21
2025-11-05;11;2025;miércoles;22:00;0;0;2;22
2025-11-05;11;2025;miércoles;23:00;0;0;2;23
2025-11-06;11;2025;jueves;00:00:00;0;0;3;0
2025-11-06;11;2025;jueves;01:00;0;0;3;1
2025-11-06;11;2025;jueves;02:00;0;0;3;2
2025-11-06;11;2025;jueves;03:00;0.988;0;3;3
2025-11-06;11;2025;jueves;04:00;0;0;3;4
2025-11-06;11;2025;jueves;05:00;0;0;3;5
2025-11-06;11;2025;jueves;06:00;0;0;3;6
2025-11-06;11;2025;jueves;07:00;0;0;3;7
2025-11-06;11;2025;jueves;08:00;1;0;2;8
2025-11-06;11;2025;jueves;09:00;0;0;2;9
2025-11-06;11;2025;jueves;10:00;0.497;0;1;10
2025-11-06;11;2025;jueves;11:00;0.503;0;1;11
2025-11-06;11;2025;jueves;12:00;2;1;1;12
2025-11-06;11;2025;jueves;13:00;2;0;1;13
2025-11-06;11;2025;jueves;14:00;0;0;2;14
2025-11-06;11;2025;jueves;15:00;0;0;2;15
2025-11-06;11;2025;jueves;16:00;1;0;2;16
2025-11-06;11;2025;jueves;17:00;0;0;2;17
2025-11-06;11;2025;jueves;18:00;1;0;1;18
2025-11-06;11;2025;jueves;19:00;0;0;1;19
2025-11-06;11;2025;jueves;20:00;0;0;1;20
2025-11-06;11;2025;jueves;21:00;1;0;1;21
2025-11-06;11;2025;jueves;22:00;0;0;2;22
2025-11-06;11;2025;jueves;23:00;0;0;2;23
2025-11-07;11;2025;viernes;00:00:00;0;1;3;0
2025-11-07;11;2025;viernes;01:00;0.988;0;3;1
2025-11-07;11;2025;viernes;02:00;0;0;3;2
2025-11-07;11;2025;viernes;03:00;0;0;3;3
2025-11-07;11;2025;viernes;04:00;0;0;3;4
2025-11-07;11;2025;viernes;05:00;0;0;3;5
2025-11-07;11;2025;viernes;06:00;0;0;3;6
2025-11-07;11;2025;viernes;07:00;0.988;0;3;7
2025-11-07;11;2025;viernes;08:00;0;0;2;8
2025-11-07;11;2025;viernes;09:00;0;0;2;9
2025-11-07;11;2025;viernes;10:00;1;0;1;10
2025-11-07;11;2025;viernes;11:00;1.499;0;1;11
2025-11-07;11;2025;viernes;12:00;1.501;0;1;12
2025-11-07;11;2025;viernes;13:00;2;1;1;13
2025-11-07;11;2025;viernes;14:00;1;0;2;14
2025-11-07;11;2025;viernes;15:00;0;0;2;15
2025-11-07;11;2025;viernes;16:00;0;0;2;16
2025-11-07;11;2025;viernes;17:00;0;0;2;17
2025-11-07;11;2025;viernes;18:00;0;0;1;18
2025-11-07;11;2025;viernes;19:00;1;0;1;19
2025-11-07;11;2025;viernes;20:00;0;0;1;20
2025-11-07;11;2025;viernes;21:00;0;0;1;21
2025-11-07;11;2025;viernes;22:00;1;0;2;22
2025-11-07;11;2025;viernes;23:00;0;0;2;23
2025-11-08;11;2025;sábado;00:00:00;0;0;3;0
2025-11-08;11;2025;sábado;01:00;0;0;3;1
2025-11-08;11;2025;sábado;02:00;0;0;3;2
2025-11-08;11;2025;sábado;03:00;0.988;0;3;3
2025-11-08;11;2025;sábado;04:00;0;0;3;4
2025-11-08;11;2025;sábado;05:00;0;0;3;5
2025-11-08;11;2025;sábado;06:00;0;0;3;6
2025-11-08;11;2025;sábado;07:00;0;0;3;7
2025-11-08;11;2025;sábado;08:00;1.976;0;3;8
2025-11-08;11;2025;sábado;09:00;0;0;3;9
2025-11-08;11;2025;sábado;10:00;0.988;0;3;10
2025-11-08;11;2025;sábado;11:00;0;1;3;11
2025-11-08;11;2025;sábado;12:00;0.988;0;3;12
2025-11-08;11;2025;sábado;13:00;1.976;1;3;13
2025-11-08;11;2025;sábado;14:00;0;0;3;14
2025-11-08;11;2025;sábado;15:00;0.988;0;3;15
2025-11-08;11;2025;sábado;16:00;0;0;3;16
2025-11-08;11;2025;sábado;17:00;0.988;0;3;17
2025-11-08;11;2025;sábado;18:00;0;0;3;18
2025-11-08;11;2025;sábado;19:00;0.988;1;3;19
2025-11-08;11;2025;sábado;20:00;0;0;3;20
2025-11-08;11;2025;sábado;21:00;0.988;0;3;21
2025-11-08;11;2025;sábado;22:00;0.988;0;3;22
2025-11-08;11;2025;sábado;23:00;0.988;0;3;23
2025-11-09;11;2025;domingo;00:00:00;0;0;3;0
2025-11-09;11;2025;domingo;01:00;0;0;3;1
2025-11-09;11;2025;domingo;02:00;0;0;3;2
2025-11-09;11;2025;domingo;03:00;0;0;3;3
2025-11-09;11;2025;domingo;04:00;0.988;0;3;4
2025-11-09;11;2025;domingo;05:00;0;0;3;5
2025-11-09;11;2025;domingo;06:00;0;0;3;6
2025-11-09;11;2025;domingo;07:00;0;0;3;7
2025-11-09;11;2025;domingo;08:00;1.976;0;3;8
2025-11-09;11;2025;domingo;09:00;2.964;1;3;9
2025-11-09;11;2025;domingo;10:00;5.929;0;3;10
2025-11-09;11;2025;domingo;11:00;0;0;3;11
2025-11-09;11;2025;domingo;12:00;0.988;0;3;12
2025-11-09;11;2025;domingo;13:00;0.988;1;3;13
2025-11-09;11;2025;domingo;14:00;0;0;3;14
2025-11-09;11;2025;domingo;15:00;1.976;0;3;15
2025-11-09;11;2025;domingo;16:00;0.988;0;3;16
2025-11-09;11;2025;domingo;17:00;0;0;3;17
2025-11-09;11;2025;domingo;18:00;0;0;3;18
2025-11-09;11;2025;domingo;19:00;0.988;0;3;19
2025-11-09;11;2025;domingo;20:00;0;0;3;20
2025-11-09;11;2025;domingo;21:00;0;0;3;21
2025-11-09;11;2025;domingo;22:00;0;0;3;22
2025-11-09;11;2025;domingo;23:00;0.988;0;3;23
2025-11-10;11;2025;lunes;00:00:00;0;0;3;0
2025-11-10;11;2025;lunes;01:00;0;0;3;1
2025-11-10;11;2025;lunes;02:00;0;0;3;2
2025-11-10;11;2025;lunes;03:00;0;0;3;3
2025-11-10;11;2025;lunes;04:00;0;0;3;4
2025-11-10;11;2025;lunes;05:00;0;0;3;5
2025-11-10;11;2025;lunes;06:00;0.988;0;3;6
2025-11-10;11;2025;lunes;07:00;0;0;3;7
2025-11-10;11;2025;lunes;08:00;0;0;2;8
2025-11-10;11;2025;lunes;09:00;0;0;2;9
2025-11-10;11;2025;lunes;10:00;1;1;1;10
2025-11-10;11;2025;lunes;11:00;1;0;1;11
2025-11-10;11;2025;lunes;12:00;1;0;1;12
2025-11-10;11;2025;lunes;13:00;1;0;1;13
2025-11-10;11;2025;lunes;14:00;1;0;2;14
2025-11-10;11;2025;lunes;15:00;0;1;2;15
2025-11-10;11;2025;lunes;16:00;1;0;2;16
2025-11-10;11;2025;lunes;17:00;0;0;2;17
2025-11-10;11;2025;lunes;18:00;0;0;1;18
2025-11-10;11;2025;lunes;19:00;0;0;1;19
2025-11-10;11;2025;lunes;20:00;1;0;1;20
2025-11-10;11;2025;lunes;21:00;0;0;1;21
2025-11-10;11;2025;lunes;22:00;0;0;2;22
2025-11-10;11;2025;lunes;23:00;0;0;2;23
2025-11-11;11;2025;martes;00:00:00;0;0;3;0
2025-11-11;11;2025;martes;01:00;0.988;0;3;1
2025-11-11;11;2025;martes;02:00;0;0;3;2
2025-11-11;11;2025;martes;03:00;0;0;3;3
2025-11-11;11;2025;martes;04:00;0;0;3;4
2025-11-11;11;2025;martes;05:00;0;0;3;5
2025-11-11;11;2025;martes;06:00;0;0;3;6
2025-11-11;11;2025;martes;07:00;0.988;0;3;7
2025-11-11;11;2025;martes;08:00;0;0;2;8
2025-11-11;11;2025;martes;09:00;0;0;2;9
2025-11-11;11;2025;martes;10:00;2;0;1;10
2025-11-11;11;2025;martes;11:00;2;0;1;11
2025-11-11;11;2025;martes;12:00;2;1;1;12
2025-11-11;11;2025;martes;13:00;2;0;1;13
2025-11-11;11;2025;martes;14:00;0;0;2;14
2025-11-11;11;2025;martes;15:00;0;0;2;15
2025-11-11;11;2025;martes;16:00;1;0;2;16
2025-11-11;11;2025;martes;17:00;0;0;2;17
2025-11-11;11;2025;martes;18:00;0;0;1;18
2025-11-11;11;2025;martes;19:00;0;0;1;19
2025-11-11;11;2025;martes;20:00;0;0;1;20
2025-11-11;11;2025;martes;21:00;1;0;1;21
2025-11-11;11;2025;martes;22:00;0;0;2;22
2025-11-11;11;2025;martes;23:00;0;0;2;23
2025-11-12;11;2025;miércoles;00:00:00;0;1;3;0
2025-11-12;11;2025;miércoles;01:00;0;0;3;1
2025-11-12;11;2025;miércoles;02:00;0.988;0;3;2
2025-11-12;11;2025;miércoles;03:00;0;0;3;3
2025-11-12;11;2025;miércoles;04:00;0;0;3;4
2025-11-12;11;2025;miércoles;05:00;0;0;3;5
2025-11-12;11;2025;miércoles;06:00;0;0;3;6
2025-11-12;11;2025;miércoles;07:00;0;0;3;7
2025-11-12;11;2025;miércoles;08:00;3;0;2;8
2025-11-12;11;2025;miércoles;09:00;0;0;2;9
2025-11-12;11;2025;miércoles;10:00;0;0;1;10
2025-11-12;11;2025;miércoles;11:00;0;0;1;11
2025-11-12;11;2025;miércoles;12:00;0;0;1;12
2025-11-12;11;2025;miércoles;13:00;1;0;1;13
2025-11-12;11;2025;miércoles;14:00;0;0;2;14
2025-11-12;11;2025;miércoles;15:00;0;0;2;15
2025-11-12;11;2025;miércoles;16:00;0;0;2;16
2025-11-12;11;2025;miércoles;17:00;1;0;2;17
2025-11-12;11;2025;miércoles;18:00;0;0;1;18
2025-11-12;11;2025;miércoles;19:00;0;0;1;19
2025-11-12;11;2025;miércoles;20:00;1;0;1;20
2025-11-12;11;2025;miércoles;21:00;0;0;1;21
2025-11-12;11;2025;miércoles;22:00;0;0;2;22
2025-11-12;11;2025;miércoles;23:00;0;0;2;23
2025-11-13;11;2025;jueves;00:00:00;0.988;0;3;0
2025-11-13;11;2025;jueves;01:00;0;0;3;1
2025-11-13;11;2025;jueves;02:00;0;0;3;2
2025-11-13;11;2025;jueves;03:00;0;0;3;3
2025-11-13;11;2025;jueves;04:00;0;0;3;4
2025-11-13;11;2025;jueves;05:00;0;0;3;5
2025-11-13;11;2025;jueves;06:00;0;0;3;6
2025-11-13;11;2025;jueves;07:00;0.988;0;3;7
2025-11-13;11;2025;jueves;08:00;0;0;2;8
2025-11-13;11;2025;jueves;09:00;1;1;2;9
2025-11-13;11;2025;jueves;10:00;1;0;1;10
2025-11-13;11;2025;jueves;11:00;1;0;1;11
2025-11-13;11;2025;jueves;12:00;1;0;1;12
2025-11-13;11;2025;jueves;13:00;0;1;1;13
2025-11-13;11;2025;jueves;14:00;0;0;2;14
2025-11-13;11;2025;jueves;15:00;0;0;2;15
2025-11-13;11;2025;jueves;16:00;1;0;2;16
2025-11-13;11;2025;jueves;17:00;0;0;2;17
2025-11-13;11;2025;jueves;18:00;1;0;1;18
2025-11-13;11;2025;jueves;19:00;1;0;1;19
2025-11-13;11;2025;jueves;20:00;0;0;1;20
2025-11-13;11;2025;jueves;21:00;0;0;1;21
2025-11-13;11;2025;jueves;22:00;0;0;2;22
2025-11-13;11;2025;jueves;23:00;1;0;2;23
2025-11-14;11;2025;viernes;00:00:00;0;0;3;0
2025-11-14;11;2025;viernes;01:00;0;0;3;1
2025-11-14;11;2025;viernes;02:00;0;0;3;2
2025-11-14;11;2025;viernes;03:00;0;0;3;3
2025-11-14;11;2025;viernes;04:00;0;0;3;4
2025-11-14;11;2025;viernes;05:00;0.988;0;3;5
2025-11-14;11;2025;viernes;06:00;0;0;3;6
2025-11-14;11;2025;viernes;07:00;0;0;3;7
2025-11-14;11;2025;viernes;08:00;0;0;2;8
2025-11-14;11;2025;viernes;09:00;1;0;2;9
2025-11-14;11;2025;viernes;10:00;1;0;1;10
2025-11-14;11;2025;viernes;11:00;0;0;1;11
2025-11-14;11;2025;viernes;12:00;1;0;1;12
2025-11-14;11;2025;viernes;13:00;2;1;1;13
2025-11-14;11;2025;viernes;14:00;1;0;2;14
2025-11-14;11;2025;viernes;15:00;0;0;2;15
2025-11-14;11;2025;viernes;16:00;0;0;2;16
2025-11-14;11;2025;viernes;17:00;0;0;2;17
2025-11-14;11;2025;viernes;18:00;1;0;1;18
2025-11-14;11;2025;viernes;19:00;0;0;1;19
2025-11-14;11;2025;viernes;20:00;0;0;1;20
2025-11-14;11;2025;viernes;21:00;0;0;1;21
2025-11-14;11;2025;viernes;22:00;1;0;2;22
2025-11-14;11;2025;viernes;23:00;0;0;2;23
2025-11-15;11;2025;sábado;00:00:00;0;0;3;0
2025-11-15;11;2025;sábado;01:00;0;0;3;1
2025-11-15;11;2025;sábado;02:00;0;0;3;2
2025-11-15;11;2025;sábado;03:00;0;0;3;3
2025-11-15;11;2025;sábado;04:00;0.988;0;3;4
2025-11-15;11;2025;sábado;05:00;0;0;3;5
2025-11-15;11;2025;sábado;06:00;0;0;3;6
2025-11-15;11;2025;sábado;07:00;0;0;3;7
2025-11-15;11;2025;sábado;08:00;0;0;3;8
2025-11-15;11;2025;sábado;09:00;0.988;0;3;9
2025-11-15;11;2025;sábado;10:00;0.966;0;3;10
2025-11-15;11;2025;sábado;11:00;1.01;0;3;11
2025-11-15;11;2025;sábado;12:00;0.988;1;3;12
2025-11-15;11;2025;sábado;13:00;0;0;3;13
2025-11-15;11;2025;sábado;14:00;0.988;0;3;14
2025-11-15;11;2025;sábado;15:00;0.988;0;3;15
2025-11-15;11;2025;sábado;16:00;0;0;3;16
2025-11-15;11;2025;sábado;17:00;0;0;3;17
2025-11-15;11;2025;sábado;18:00;0;0;3;18
2025-11-15;11;2025;sábado;19:00;0.988;0;3;19
2025-11-15;11;2025;sábado;20:00;0.988;0;3;20
2025-11-15;11;2025;sábado;21:00;0;0;3;21
2025-11-15;11;2025;sábado;22:00;0.988;0;3;22
2025-11-15;11;2025;sábado;23:00;0.988;0;3;23
2025-11-16;11;2025;domingo;00:00:00;0;0;3;0
2025-11-16;11;2025;domingo;01:00;0;0;3;1
2025-11-16;11;2025;domingo;02:00;0;0;3;2
2025-11-16;11;2025;domingo;03:00;0;0;3;3
2025-11-16;11;2025;domingo;04:00;0.988;0;3;4
2025-11-16;11;2025;domingo;05:00;0;0;3;5
2025-11-16;11;2025;domingo;06:00;0;0;3;6
2025-11-16;11;2025;domingo;07:00;0;0;3;7
2025-11-16;11;2025;domingo;08:00;0;0;3;8
2025-11-16;11;2025;domingo;09:00;1.976;1;3;9
2025-11-16;11;2025;domingo;10:00;1.976;0;3;10
2025-11-16;11;2025;domingo;11:00;0.988;0;3;11
2025-11-16;11;2025;domingo;12:00;0.743;0;3;12
2025-11-16;11;2025;domingo;13:00;0.757;0;3;13
2025-11-16;11;2025;domingo;14:00;0.746;0;3;14
2025-11-16;11;2025;domingo;15:00;0.717;0;3;15
2025-11-16;11;2025;domingo;16:00;0;0;3;16
2025-11-16;11;2025;domingo;17:00;0.988;0;3;17
2025-11-16;11;2025;domingo;18:00;0.988;0;3;18
2025-11-16;11;2025;domingo;19:00;1.976;0;3;19
2025-11-16;11;2025;domingo;20:00;0.988;0;3;20
2025-11-16;11;2025;domingo;21:00;0;0;3;21
2025-11-16;11;2025;domingo;22:00;0;0;3;22
2025-11-16;11;2025;domingo;23:00;0.988;0;3;23
2025-11-17;11;2025;lunes;00:00:00;0;0;3;0
2025-11-17;11;2025;lunes;01:00;0;0;3;1
2025-11-17;11;2025;lunes;02:00;0;0;3;2
2025-11-17;11;2025;lunes;03:00;0;0;3;3
2025-11-17;11;2025;lunes;04:00;0;0;3;4
2025-11-17;11;2025;lunes;05:00;0;0;3;5
2025-11-17;11;2025;lunes;06:00;0.988;0;3;6
2025-11-17;11;2025;lunes;07:00;0;0;3;7
2025-11-17;11;2025;lunes;08:00;0;0;2;8
2025-11-17;11;2025;lunes;09:00;0;0;2;9
2025-11-17;11;2025;lunes;10:00;1;0;1;10
2025-11-17;11;2025;lunes;11:00;1;1;1;11
2025-11-17;11;2025;lunes;12:00;3.579;0;1;12
2025-11-17;11;2025;lunes;13:00;3.421;0;1;13
2025-11-17;11;2025;lunes;14:00;0;0;2;14
2025-11-17;11;2025;lunes;15:00;0;1;2;15
2025-11-17;11;2025;lunes;16:00;0;0;2;16
2025-11-17;11;2025;lunes;17:00;0;0;2;17
2025-11-17;11;2025;lunes;18:00;1;0;1;18
2025-11-17;11;2025;lunes;19:00;0;0;1;19
2025-11-17;11;2025;lunes;20:00;0;0;1;20
2025-11-17;11;2025;lunes;21:00;0;0;1;21
2025-11-17;11;2025;lunes;22:00;0;0;2;22
2025-11-17;11;2025;lunes;23:00;1;0;2;23
2025-11-18;11;2025;martes;00:00:00;0;0;3;0
2025-11-18;11;2025;martes;01:00;0;0;3;1
2025-11-18;11;2025;martes;02:00;0;0;3;2
2025-11-18;11;2025;martes;03:00;0;0;3;3
2025-11-18;11;2025;martes;04:00;0;0;3;4
2025-11-18;11;2025;martes;05:00;0;0;3;5
2025-11-18;11;2025;martes;06:00;0.988;0;3;6
2025-11-18;11;2025;martes;07:00;0;0;3;7
2025-11-18;11;2025;martes;08:00;0;0;2;8
2025-11-18;11;2025;martes;09:00;1;0;2;9
2025-11-18;11;2025;martes;10:00;0;0;1;10
2025-11-18;11;2025;martes;11:00;1;0;1;11
2025-11-18;11;2025;martes;12:00;0;0;1;12
2025-11-18;11;2025;martes;13:00;2;0;1;13
2025-11-18;11;2025;martes;14:00;0;1;2;14
2025-11-18;11;2025;martes;15:00;0;0;2;15
2025-11-18;11;2025;martes;16:00;0;0;2;16
2025-11-18;11;2025;martes;17:00;1;0;2;17
2025-11-18;11;2025;martes;18:00;0;0;1;18
2025-11-18;11;2025;martes;19:00;0;0;1;19
2025-11-18;11;2025;martes;20:00;0;0;1;20
2025-11-18;11;2025;martes;21:00;1;0;1;21
2025-11-18;11;2025;martes;22:00;0;0;2;22
2025-11-18;11;2025;martes;23:00;0;0;2;23
2025-11-19;11;2025;miércoles;00:00:00;0;0;3;0
2025-11-19;11;2025;miércoles;01:00;0;0;3;1
2025-11-19;11;2025;miércoles;02:00;0;0;3;2
2025-11-19;11;2025;miércoles;03:00;0;0;3;3
2025-11-19;11;2025;miércoles;04:00;0.988;0;3;4
2025-11-19;11;2025;miércoles;05:00;0;0;3;5
2025-11-19;11;2025;miércoles;06:00;0;0;3;6
2025-11-19;11;2025;miércoles;07:00;0;0;3;7
2025-11-19;11;2025;miércoles;08:00;2;0;2;8
2025-11-19;11;2025;miércoles;09:00;1;0;2;9
2025-11-19;11;2025;miércoles;10:00;0;0;1;10
2025-11-19;11;2025;miércoles;11:00;0;0;1;11
2025-11-19;11;2025;miércoles;12:00;0;0;1;12
2025-11-19;11;2025;miércoles;13:00;1;0;1;13
2025-11-19;11;2025;miércoles;14:00;1;0;2;14
2025-11-19;11;2025;miércoles;15:00;0;0;2;15
2025-11-19;11;2025;miércoles;16:00;0;0;2;16
2025-11-19;11;2025;miércoles;17:00;0;0;2;17
2025-11-19;11;2025;miércoles;18:00;1;0;1;18
2025-11-19;11;2025;miércoles;19:00;1;0;1;19
2025-11-19;11;2025;miércoles;20:00;0;0;1;20
2025-11-19;11;2025;miércoles;21:00;0;0;1;21
2025-11-19;11;2025;miércoles;22:00;0;0;2;22
2025-11-19;11;2025;miércoles;23:00;0;0;2;23
2025-11-20;11;2025;jueves;00:00:00;0;0;3;0
2025-11-20;11;2025;jueves;01:00;0;0;3;1
2025-11-20;11;2025;jueves;02:00;0.988;0;3;2
2025-11-20;11;2025;jueves;03:00;0;0;3;3
2025-11-20;11;2025;jueves;04:00;0;0;3;4
2025-11-20;11;2025;jueves;05:00;0;0;3;5
2025-11-20;11;2025;jueves;06:00;0;0;3;6
2025-11-20;11;2025;jueves;07:00;0;0;3;7
2025-11-20;11;2025;jueves;08:00;0;0;2;8
2025-11-20;11;2025;jueves;09:00;0;0;2;9
2025-11-20;11;2025;jueves;10:00;1;0;1;10
2025-11-20;11;2025;jueves;11:00;2;0;1;11
2025-11-20;11;2025;jueves;12:00;2;0;1;12
2025-11-20;11;2025;jueves;13:00;1;0;1;13
2025-11-20;11;2025;jueves;14:00;0;1;2;14
2025-11-20;11;2025;jueves;15:00;0;0;2;15
2025-11-20;11;2025;jueves;16:00;0;0;2;16
2025-11-20;11;2025;jueves;17:00;1;0;2;17
2025-11-20;11;2025;jueves;18:00;0;0;1;18
2025-11-20;11;2025;jueves;19:00;0;0;1;19
2025-11-20;11;2025;jueves;20:00;0;0;1;20
2025-11-20;11;2025;jueves;21:00;0;0;1;21
2025-11-20;11;2025;jueves;22:00;1;0;2;22
2025-11-20;11;2025;jueves;23:00;0;0;2;23
2025-11-21;11;2025;viernes;00:00:00;0;0;3;0
2025-11-21;11;2025;viernes;01:00;0;0;3;1
2025-11-21;11;2025;viernes;02:00;0;0;3;2
2025-11-21;11;2025;viernes;03:00;0;0;3;3
2025-11-21;11;2025;viernes;04:00;0;0;3;4
2025-11-21;11;2025;viernes;05:00;0;0;3;5
2025-11-21;11;2025;viernes;06:00;0;0;3;6
2025-11-21;11;2025;viernes;07:00;0.988;0;3;7
2025-11-21;11;2025;viernes;08:00;0;0;2;8
2025-11-21;11;2025;viernes;09:00;0;0;2;9
2025-11-21;11;2025;viernes;10:00;0;0;1;10
2025-11-21;11;2025;viernes;11:00;0;0;1;11
2025-11-21;11;2025;viernes;12:00;3;1;1;12
2025-11-21;11;2025;viernes;13:00;2;0;1;13
2025-11-21;11;2025;viernes;14:00;0;0;2;14
2025-11-21;11;2025;viernes;15:00;1;0;2;15
2025-11-21;11;2025;viernes;16:00;0;0;2;16
2025-11-21;11;2025;viernes;17:00;0;0;2;17
2025-11-21;11;2025;viernes;18:00;0;0;1;18
2025-11-21;11;2025;viernes;19:00;1;0;1;19
2025-11-21;11;2025;viernes;20:00;0;0;1;20
2025-11-21;11;2025;viernes;21:00;0;0;1;21
2025-11-21;11;2025;viernes;22:00;0;0;2;22
2025-11-21;11;2025;viernes;23:00;0;0;2;23
2025-11-22;11;2025;sábado;00:00:00;0;0;3;0
2025-11-22;11;2025;sábado;01:00;0.988;0;3;1
2025-11-22;11;2025;sábado;02:00;0;0;3;2
2025-11-22;11;2025;sábado;03:00;0;0;3;3
2025-11-22;11;2025;sábado;04:00;0;0;3;4
2025-11-22;11;2025;sábado;05:00;0;0;3;5
2025-11-22;11;2025;sábado;06:00;0;0;3;6
2025-11-22;11;2025;sábado;07:00;0;0;3;7
2025-11-22;11;2025;sábado;08:00;0;0;3;8
2025-11-22;11;2025;sábado;09:00;0.988;0;3;9
2025-11-22;11;2025;sábado;10:00;0.988;0;3;10
2025-11-22;11;2025;sábado;11:00;0;0;3;11
2025-11-22;11;2025;sábado;12:00;2.964;0;3;12
2025-11-22;11;2025;sábado;13:00;0.988;0;3;13
2025-11-22;11;2025;sábado;14:00;0;0;3;14
2025-11-22;11;2025;sábado;15:00;0.988;0;3;15
2025-11-22;11;2025;sábado;16:00;0.988;1;3;16
2025-11-22;11;2025;sábado;17:00;0.988;0;3;17
2025-11-22;11;2025;sábado;18:00;0;0;3;18
2025-11-22;11;2025;sábado;19:00;0.988;0;3;19
2025-11-22;11;2025;sábado;20:00;0;0;3;20
2025-11-22;11;2025;sábado;21:00;0.988;0;3;21
2025-11-22;11;2025;sábado;22:00;0;0;3;22
2025-11-22;11;2025;sábado;23:00;0;0;3;23
2025-11-23;11;2025;domingo;00:00:00;0;0;3;0
2025-11-23;11;2025;domingo;01:00;0;0;3;1
2025-11-23;11;2025;domingo;02:00;0.988;0;3;2
2025-11-23;11;2025;domingo;03:00;0;0;3;3
2025-11-23;11;2025;domingo;04:00;0;0;3;4
2025-11-23;11;2025;domingo;05:00;0;0;3;5
2025-11-23;11;2025;domingo;06:00;0;0;3;6
2025-11-23;11;2025;domingo;07:00;0;0;3;7
2025-11-23;11;2025;domingo;08:00;0;0;3;8
2025-11-23;11;2025;domingo;09:00;2.964;0;3;9
2025-11-23;11;2025;domingo;10:00;0.988;0;3;10
2025-11-23;11;2025;domingo;11:00;0;0;3;11
2025-11-23;11;2025;domingo;12:00;0.988;0;3;12
2025-11-23;11;2025;domingo;13:00;1.976;0;3;13
2025-11-23;11;2025;domingo;14:00;0;0;3;14
2025-11-23;11;2025;domingo;15:00;0;0;3;15
2025-11-23;11;2025;domingo;16:00;0.988;0;3;16
2025-11-23;11;2025;domingo;17:00;0.988;0;3;17
2025-11-23;11;2025;domingo;18:00;3.952;0;3;18
2025-11-23;11;2025;domingo;19:00;1.976;0;3;19
2025-11-23;11;2025;domingo;20:00;0.988;0;3;20
2025-11-23;11;2025;domingo;21:00;0;0;3;21
2025-11-23;11;2025;domingo;22:00;0;0;3;22
2025-11-23;11;2025;domingo;23:00;0;0;3;23
2025-11-24;11;2025;lunes;00:00:00;0;0;3;0
2025-11-24;11;2025;lunes;01:00;0;0;3;1
2025-11-24;11;2025;lunes;02:00;0;0;3;2
2025-11-24;11;2025;lunes;03:00;0.988;0;3;3
2025-11-24;11;2025;lunes;04:00;0;0;3;4
2025-11-24;11;2025;lunes;05:00;0;0;3;5
2025-11-24;11;2025;lunes;06:00;0;0;3;6
2025-11-24;11;2025;lunes;07:00;0;0;3;7
2025-11-24;11;2025;lunes;08:00;0;0;2;8
2025-11-24;11;2025;lunes;09:00;0;0;2;9
2025-11-24;11;2025;lunes;10:00;2;0;1;10
2025-11-24;11;2025;lunes;11:00;0;0;1;11
2025-11-24;11;2025;lunes;12:00;2;0;1;12
2025-11-24;11;2025;lunes;13:00;1;1;1;13
2025-11-24;11;2025;lunes;14:00;1;0;2;14
2025-11-24;11;2025;lunes;15:00;0;0;2;15
2025-11-24;11;2025;lunes;16:00;0;0;2;16
2025-11-24;11;2025;lunes;17:00;0;0;2;17
2025-11-24;11;2025;lunes;18:00;1;0;1;18
2025-11-24;11;2025;lunes;19:00;0;0;1;19
2025-11-24;11;2025;lunes;20:00;0;0;1;20
2025-11-24;11;2025;lunes;21:00;0;0;1;21
2025-11-24;11;2025;lunes;22:00;1;0;2;22
2025-11-24;11;2025;lunes;23:00;0;0;2;23
2025-11-25;11;2025;martes;00:00:00;0;0;3;0
2025-11-25;11;2025;martes;01:00;0;0;3;1
2025-11-25;11;2025;martes;02:00;0;0;3;2
2025-11-25;11;2025;martes;03:00;0;0;3;3
2025-11-25;11;2025;martes;04:00;0;0;3;4
2025-11-25;11;2025;martes;05:00;0.988;0;3;5
2025-11-25;11;2025;martes;06:00;0;0;3;6
2025-11-25;11;2025;martes;07:00;0;0;3;7
2025-11-25;11;2025;martes;08:00;0;0;2;8
2025-11-25;11;2025;martes;09:00;2;0;2;9
2025-11-25;11;2025;martes;10:00;0;0;1;10
2025-11-25;11;2025;martes;11:00;0;0;1;11
2025-11-25;11;2025;martes;12:00;1;0;1;12
2025-11-25;11;2025;martes;13:00;1;0;1;13
2025-11-25;11;2025;martes;14:00;1;1;2;14
2025-11-25;11;2025;martes;15:00;0;0;2;15
2025-11-25;11;2025;martes;16:00;0;0;2;16
2025-11-25;11;2025;martes;17:00;1;0;2;17
2025-11-25;11;2025;martes;18:00;0;0;1;18
2025-11-25;11;2025;martes;19:00;0;0;1;19
2025-11-25;11;2025;martes;20:00;0;0;1;20
2025-11-25;11;2025;martes;21:00;1;0;1;21
2025-11-25;11;2025;martes;22:00;0;0;2;22
2025-11-25;11;2025;martes;23:00;0;0;2;23
2025-11-26;11;2025;miércoles;00:00:00;0;0;3;0
2025-11-26;11;2025;miércoles;01:00;0;0;3;1
2025-11-26;11;2025;miércoles;02:00;0;0;3;2
2025-11-26;11;2025;miércoles;03:00;0.988;0;3;3
2025-11-26;11;2025;miércoles;04:00;0;0;3;4
2025-11-26;11;2025;miércoles;05:00;0;0;3;5
2025-11-26;11;2025;miércoles;06:00;0;0;3;6
2025-11-26;11;2025;miércoles;07:00;0;0;3;7
2025-11-26;11;2025;miércoles;08:00;1;0;2;8
2025-11-26;11;2025;miércoles;09:00;1;0;2;9
2025-11-26;11;2025;miércoles;10:00;0;0;1;10
2025-11-26;11;2025;miércoles;11:00;1;0;1;11
2025-11-26;11;2025;miércoles;12:00;0;0;1;12
2025-11-26;11;2025;miércoles;13:00;1;0;1;13
2025-11-26;11;2025;miércoles;14:00;1;0;2;14
2025-11-26;11;2025;miércoles;15:00;0;0;2;15
2025-11-26;11;2025;miércoles;16:00;1;0;2;16
2025-11-26;11;2025;miércoles;17:00;0;0;2;17
2025-11-26;11;2025;miércoles;18:00;2;0;1;18
2025-11-26;11;2025;miércoles;19:00;1;0;1;19
2025-11-26;11;2025;miércoles;20:00;0;0;1;20
2025-11-26;11;2025;miércoles;21:00;1;0;1;21
2025-11-26;11;2025;miércoles;22:00;0;1;2;22
2025-11-26;11;2025;miércoles;23:00;1;0;2;23
2025-11-27;11;2025;jueves;00:00:00;0;0;3;0
2025-11-27;11;2025;jueves;01:00;0;0;3;1
2025-11-27;11;2025;jueves;02:00;0;0;3;2
2025-11-27;11;2025;jueves;03:00;0;0;3;3
2025-11-27;11;2025;jueves;04:00;0.988;0;3;4
2025-11-27;11;2025;jueves;05:00;0;0;3;5
2025-11-27;11;2025;jueves;06:00;0;0;3;6
2025-11-27;11;2025;jueves;07:00;0;0;3;7
2025-11-27;11;2025;jueves;08:00;1;0;2;8
2025-11-27;11;2025;jueves;09:00;1;0;2;9
2025-11-27;11;2025;jueves;10:00;0;0;1;10
2025-11-27;11;2025;jueves;11:00;1;0;1;11
2025-11-27;11;2025;jueves;12:00;0;0;1;12
2025-11-27;11;2025;jueves;13:00;1;0;1;13
2025-11-27;11;2025;jueves;14:00;1;0;2;14
2025-11-27;11;2025;jueves;15:00;0;0;2;15
2025-11-27;11;2025;jueves;16:00;1;0;2;16
2025-11-27;11;2025;jueves;17:00;0;0;2;17
2025-11-27;11;2025;jueves;18:00;1;0;1;18
2025-11-27;11;2025;jueves;19:00;1;0;1;19
2025-11-27;11;2025;jueves;20:00;0;0;1;20
2025-11-27;11;2025;jueves;21:00;1;0;1;21
2025-11-27;11;2025;jueves;22:00;0;0;2;22
2025-11-27;11;2025;jueves;23:00;0;0;2;23
2025-11-28;11;2025;viernes;00:00:00;0;0;3;0
2025-11-28;11;2025;viernes;01:00;0;0;3;1
2025-11-28;11;2025;viernes;02:00;0.988;0;3;2
2025-11-28;11;2025;viernes;03:00;0;0;3;3
2025-11-28;11;2025;viernes;04:00;0;0;3;4
2025-11-28;11;2025;viernes;05:00;0;0;3;5
2025-11-28;11;2025;viernes;06:00;0;1;3;6
2025-11-28;11;2025;viernes;07:00;0;0;3;7
2025-11-28;11;2025;viernes;08:00;1;0;2;8
2025-11-28;11;2025;viernes;09:00;2;0;2;9
2025-11-28;11;2025;viernes;10:00;1;0;1;10
2025-11-28;11;2025;viernes;11:00;1.511;0.504;1;11
2025-11-28;11;2025;viernes;12:00;1.489;0.496;1;12
2025-11-28;11;2025;viernes;13:00;1;0;1;13
2025-11-28;11;2025;viernes;14:00;1;0;2;14
2025-11-28;11;2025;viernes;15:00;0;0;2;15
2025-11-28;11;2025;viernes;16:00;1;1;2;16
2025-11-28;11;2025;viernes;17:00;0;0;2;17
2025-11-28;11;2025;viernes;18:00;1;0;1;18
2025-11-28;11;2025;viernes;19:00;1;1;1;19
2025-11-28;11;2025;viernes;20:00;0;0;1;20
2025-11-28;11;2025;viernes;21:00;1;0;1;21
2025-11-28;11;2025;viernes;22:00;0;0;2;22
2025-11-28;11;2025;viernes;23:00;0;0;2;23
2025-11-29;11;2025;sábado;00:00:00;0.988;0;3;0
2025-11-29;11;2025;sábado;01:00;0;0;3;1
2025-11-29;11;2025;sábado;02:00;0;0;3;2
2025-11-29;11;2025;sábado;03:00;0;0;3;3
2025-11-29;11;2025;sábado;04:00;0;0;3;4
2025-11-29;11;2025;sábado;05:00;0;0;3;5
2025-11-29;11;2025;sábado;06:00;0;0;3;6
2025-11-29;11;2025;sábado;07:00;0;0;3;7
2025-11-29;11;2025;sábado;08:00;0.988;0;3;8
2025-11-29;11;2025;sábado;09:00;0;0;3;9
2025-11-29;11;2025;sábado;10:00;0.988;0;3;10
2025-11-29;11;2025;sábado;11:00;0;0;3;11
2025-11-29;11;2025;sábado;12:00;0.988;0;3;12
2025-11-29;11;2025;sábado;13:00;0;0;3;13
2025-11-29;11;2025;sábado;14:00;1.976;0;3;14
2025-11-29;11;2025;sábado;15:00;0;0;3;15
2025-11-29;11;2025;sábado;16:00;0.988;0;3;16
2025-11-29;11;2025;sábado;17:00;0;0;3;17
2025-11-29;11;2025;sábado;18:00;0.988;0;3;18
2025-11-29;11;2025;sábado;19:00;0.988;0;3;19
2025-11-29;11;2025;sábado;20:00;0;0;3;20
2025-11-29;11;2025;sábado;21:00;0.988;0;3;21
2025-11-29;11;2025;sábado;22:00;0;0;3;22
2025-11-29;11;2025;sábado;23:00;0.988;0;3;23
2025-11-30;11;2025;domingo;00:00:00;0;0;3;0
2025-11-30;11;2025;domingo;01:00;0;0;3;1
2025-11-30;11;2025;domingo;02:00;0;0;3;2
2025-11-30;11;2025;domingo;03:00;0;0;3;3
2025-11-30;11;2025;domingo;04:00;0;0;3;4
2025-11-30;11;2025;domingo;05:00;0.988;1;3;5
2025-11-30;11;2025;domingo;06:00;0;0;3;6
2025-11-30;11;2025;domingo;07:00;0;0;3;7
2025-11-30;11;2025;domingo;08:00;0.988;0;3;8
2025-11-30;11;2025;domingo;09:00;1.976;0;3;9
2025-11-30;11;2025;domingo;10:00;2.964;0;3;10
2025-11-30;11;2025;domingo;11:00;4.94;1;3;11
2025-11-30;11;2025;domingo;12:00;2.964;0;3;12
2025-11-30;11;2025;domingo;13:00;2.964;0;3;13
2025-11-30;11;2025;domingo;14:00;0.988;0;3;14
2025-11-30;11;2025;domingo;15:00;0.988;0;3;15
2025-11-30;11;2025;domingo;16:00;0;1;3;16
2025-11-30;11;2025;domingo;17:00;0;0;3;17
2025-11-30;11;2025;domingo;18:00;0;0;3;18
2025-11-30;11;2025;domingo;19:00;0;0;3;19
2025-11-30;11;2025;domingo;20:00;0.988;0;3;20
2025-11-30;11;2025;domingo;21:00;0;0;3;21
2025-11-30;11;2025;domingo;22:00;0;0;3;22
2025-11-30;11;2025;domingo;23:00;0;0;3;23
2025-12-01;12;2025;lunes;00:00:00;0;0;3;0
2025-12-01;12;2025;lunes;01:00;0;0;3;1
2025-12-01;12;2025;lunes;02:00;1;0;3;2
2025-12-01;12;2025;lunes;03:00;0;0;3;3
2025-12-01;12;2025;lunes;04:00;0;0;3;4
2025-12-01;12;2025;lunes;05:00;0;0;3;5
2025-12-01;12;2025;lunes;06:00;0;0;3;6
2025-12-01;12;2025;lunes;07:00;0;0;3;7
2025-12-01;12;2025;lunes;08:00;0;0;2;8
2025-12-01;12;2025;lunes;09:00;1;0;2;9
2025-12-01;12;2025;lunes;10:00;3;1;1;10
2025-12-01;12;2025;lunes;11:00;2;0;1;11
2025-12-01;12;2025;lunes;12:00;1;0;1;12
2025-12-01;12;2025;lunes;13:00;0;0;1;13
2025-12-01;12;2025;lunes;14:00;1;0;2;14
2025-12-01;12;2025;lunes;15:00;1;0;2;15
2025-12-01;12;2025;lunes;16:00;0;0;2;16
2025-12-01;12;2025;lunes;17:00;1;1;2;17
2025-12-01;12;2025;lunes;18:00;3;0;1;18
2025-12-01;12;2025;lunes;19:00;1;0;1;19
2025-12-01;12;2025;lunes;20:00;0;0;1;20
2025-12-01;12;2025;lunes;21:00;0;0;1;21
2025-12-01;12;2025;lunes;22:00;0;0;2;22
2025-12-01;12;2025;lunes;23:00;0;0;2;23
2025-12-02;12;2025;martes;00:00:00;1;0;3;0
2025-12-02;12;2025;martes;01:00;0;0;3;1
2025-12-02;12;2025;martes;02:00;0;0;3;2
2025-12-02;12;2025;martes;03:00;0;0;3;3
2025-12-02;12;2025;martes;04:00;0;0;3;4
2025-12-02;12;2025;martes;05:00;0;0;3;5
2025-12-02;12;2025;martes;06:00;0;0;3;6
2025-12-02;12;2025;martes;07:00;0;0;3;7
2025-12-02;12;2025;martes;08:00;1;0;2;8
2025-12-02;12;2025;martes;09:00;0;0;2;9
2025-12-02;12;2025;martes;10:00;1;0;1;10
2025-12-02;12;2025;martes;11:00;1;0;1;11
2025-12-02;12;2025;martes;12:00;0;0;1;12
2025-12-02;12;2025;martes;13:00;0;0;1;13
2025-12-02;12;2025;martes;14:00;0;0;2;14
2025-12-02;12;2025;martes;15:00;1;0;2;15
2025-12-02;12;2025;martes;16:00;0;0;2;16
2025-12-02;12;2025;martes;17:00;0;0;2;17
2025-12-02;12;2025;martes;18:00;0;0;1;18
2025-12-02;12;2025;martes;19:00;1;0;1;19
2025-12-02;12;2025;martes;20:00;0;0;1;20
2025-12-02;12;2025;martes;21:00;0;0;1;21
2025-12-02;12;2025;martes;22:00;0;0;2;22
2025-12-02;12;2025;martes;23:00;1;0;2;23
2025-12-03;12;2025;miércoles;00:00:00;0;0;3;0
2025-12-03;12;2025;miércoles;01:00;0;0;3;1
2025-12-03;12;2025;miércoles;02:00;0;0;3;2
2025-12-03;12;2025;miércoles;03:00;0;0;3;3
2025-12-03;12;2025;miércoles;04:00;0;0;3;4
2025-12-03;12;2025;miércoles;05:00;1;0;3;5
2025-12-03;12;2025;miércoles;06:00;0;0;3;6
2025-12-03;12;2025;miércoles;07:00;0;0;3;7
2025-12-03;12;2025;miércoles;08:00;0;0;2;8
2025-12-03;12;2025;miércoles;09:00;0;0;2;9
2025-12-03;12;2025;miércoles;10:00;0;0;1;10
2025-12-03;12;2025;miércoles;11:00;0.503;0;1;11
2025-12-03;12;2025;miércoles;12:00;0.497;0;1;12
2025-12-03;12;2025;miércoles;13:00;1;1;1;13
2025-12-03;12;2025;miércoles;14:00;2;0;2;14
2025-12-03;12;2025;miércoles;15:00;1;0;2;15
2025-12-03;12;2025;miércoles;16:00;0;0;2;16
2025-12-03;12;2025;miércoles;17:00;2;1;2;17
2025-12-03;12;2025;miércoles;18:00;1;0;1;18
2025-12-03;12;2025;miércoles;19:00;0;0;1;19
2025-12-03;12;2025;miércoles;20:00;0;0;1;20
2025-12-03;12;2025;miércoles;21:00;1;0;1;21
2025-12-03;12;2025;miércoles;22:00;0;0;2;22
2025-12-03;12;2025;miércoles;23:00;0;1;2;23
2025-12-04;12;2025;jueves;00:00:00;0;0;3;0
2025-12-04;12;2025;jueves;01:00;0;0;3;1
2025-12-04;12;2025;jueves;02:00;0;0;3;2
2025-12-04;12;2025;jueves;03:00;1;0;3;3
2025-12-04;12;2025;jueves;04:00;0;0;3;4
2025-12-04;12;2025;jueves;05:00;0;0;3;5
2025-12-04;12;2025;jueves;06:00;0;0;3;6
2025-12-04;12;2025;jueves;07:00;0;0;3;7
2025-12-04;12;2025;jueves;08:00;0;0;2;8
2025-12-04;12;2025;jueves;09:00;0;0;2;9
2025-12-04;12;2025;jueves;10:00;2;0;1;10
2025-12-04;12;2025;jueves;11:00;1;0;1;11
2025-12-04;12;2025;jueves;12:00;1;0;1;12
2025-12-04;12;2025;jueves;13:00;1;0;1;13
2025-12-04;12;2025;jueves;14:00;1;0;2;14
2025-12-04;12;2025;jueves;15:00;1;0;2;15
2025-12-04;12;2025;jueves;16:00;1;1;2;16
2025-12-04;12;2025;jueves;17:00;0;0;2;17
2025-12-04;12;2025;jueves;18:00;0;0;1;18
2025-12-04;12;2025;jueves;19:00;0;0;1;19
2025-12-04;12;2025;jueves;20:00;0;0;1;20
2025-12-04;12;2025;jueves;21:00;1;0;1;21
2025-12-04;12;2025;jueves;22:00;0;0;2;22
2025-12-04;12;2025;jueves;23:00;0;0;2;23
2025-12-05;12;2025;viernes;00:00:00;0;0;3;0
2025-12-05;12;2025;viernes;01:00;1;0;3;1
2025-12-05;12;2025;viernes;02:00;0;0;3;2
2025-12-05;12;2025;viernes;03:00;0;0;3;3
2025-12-05;12;2025;viernes;04:00;0;0;3;4
2025-12-05;12;2025;viernes;05:00;0;0;3;5
2025-12-05;12;2025;viernes;06:00;0;0;3;6
2025-12-05;12;2025;viernes;07:00;0;0;3;7
2025-12-05;12;2025;viernes;08:00;0;0;2;8
2025-12-05;12;2025;viernes;09:00;1;0;2;9
2025-12-05;12;2025;viernes;10:00;0;0;1;10
2025-12-05;12;2025;viernes;11:00;1;0;1;11
2025-12-05;12;2025;viernes;12:00;1;0;1;12
2025-12-05;12;2025;viernes;13:00;1;1;1;13
2025-12-05;12;2025;viernes;14:00;1;0;2;14
2025-12-05;12;2025;viernes;15:00;0;0;2;15
2025-12-05;12;2025;viernes;16:00;0;0;2;16
2025-12-05;12;2025;viernes;17:00;0;0;2;17
2025-12-05;12;2025;viernes;18:00;0;0;1;18
2025-12-05;12;2025;viernes;19:00;1;0;1;19
2025-12-05;12;2025;viernes;20:00;0;0;1;20
2025-12-05;12;2025;viernes;21:00;1;0;1;21
2025-12-05;12;2025;viernes;22:00;1;0;2;22
2025-12-05;12;2025;viernes;23:00;0;0;2;23
2025-12-06;12;2025;sábado;00:00:00;0;0;3;0
2025-12-06;12;2025;sábado;01:00;0;0;3;1
2025-12-06;12;2025;sábado;02:00;1;0;3;2
2025-12-06;12;2025;sábado;03:00;0;0;3;3
2025-12-06;12;2025;sábado;04:00;0;0;3;4
2025-12-06;12;2025;sábado;05:00;0;0;3;5
2025-12-06;12;2025;sábado;06:00;0;0;3;6
2025-12-06;12;2025;sábado;07:00;0;0;3;7
2025-12-06;12;2025;sábado;08:00;1;0;3;8
2025-12-06;12;2025;sábado;09:00;1;0;3;9
2025-12-06;12;2025;sábado;10:00;1;0;3;10
2025-12-06;12;2025;sábado;11:00;1;0;3;11
2025-12-06;12;2025;sábado;12:00;1;0;3;12
2025-12-06;12;2025;sábado;13:00;3;0;3;13
2025-12-06;12;2025;sábado;14:00;0;0;3;14
2025-12-06;12;2025;sábado;15:00;1;0;3;15
2025-12-06;12;2025;sábado;16:00;0;0;3;16
2025-12-06;12;2025;sábado;17:00;1;0;3;17
2025-12-06;12;2025;sábado;18:00;1;1;3;18
2025-12-06;12;2025;sábado;19:00;1;0;3;19
2025-12-06;12;2025;sábado;20:00;1;0;3;20
2025-12-06;12;2025;sábado;21:00;2;0;3;21
2025-12-06;12;2025;sábado;22:00;0;0;3;22
2025-12-06;12;2025;sábado;23:00;1;0;3;23
2025-12-07;12;2025;domingo;00:00:00;0;0;3;0
2025-12-07;12;2025;domingo;01:00;0;0;3;1
2025-12-07;12;2025;domingo;02:00;0;0;3;2
2025-12-07;12;2025;domingo;03:00;0;0;3;3
2025-12-07;12;2025;domingo;04:00;0;0;3;4
2025-12-07;12;2025;domingo;05:00;1;0;3;5
2025-12-07;12;2025;domingo;06:00;0;0;3;6
2025-12-07;12;2025;domingo;07:00;0;0;3;7
2025-12-07;12;2025;domingo;08:00;0;0;3;8
2025-12-07;12;2025;domingo;09:00;2;0;3;9
2025-12-07;12;2025;domingo;10:00;0;0;3;10
2025-12-07;12;2025;domingo;11:00;1;0;3;11
2025-12-07;12;2025;domingo;12:00;2;0;3;12
2025-12-07;12;2025;domingo;13:00;1;1;3;13
2025-12-07;12;2025;domingo;14:00;3;0;3;14
2025-12-07;12;2025;domingo;15:00;1;0;3;15
2025-12-07;12;2025;domingo;16:00;1;0;3;16
2025-12-07;12;2025;domingo;17:00;0;0;3;17
2025-12-07;12;2025;domingo;18:00;1;0;3;18
2025-12-07;12;2025;domingo;19:00;0;0;3;19
2025-12-07;12;2025;domingo;20:00;3;0;3;20
2025-12-07;12;2025;domingo;21:00;1;0;3;21
2025-12-07;12;2025;domingo;22:00;0;0;3;22
2025-12-07;12;2025;domingo;23:00;1;0;3;23
2025-12-08;12;2025;lunes;00:00:00;0;0;3;0
2025-12-08;12;2025;lunes;01:00;0;0;3;1
2025-12-08;12;2025;lunes;02:00;0;0;3;2
2025-12-08;12;2025;lunes;03:00;0;0;3;3
2025-12-08;12;2025;lunes;04:00;0;0;3;4
2025-12-08;12;2025;lunes;05:00;1;0;3;5
2025-12-08;12;2025;lunes;06:00;0;0;3;6
2025-12-08;12;2025;lunes;07:00;0;0;3;7
2025-12-08;12;2025;lunes;08:00;0;0;3;8
2025-12-08;12;2025;lunes;09:00;2;0;3;9
2025-12-08;12;2025;lunes;10:00;2;1;3;10
2025-12-08;12;2025;lunes;11:00;0;0;3;11
2025-12-08;12;2025;lunes;12:00;0;0;3;12
2025-12-08;12;2025;lunes;13:00;2;0;3;13
2025-12-08;12;2025;lunes;14:00;0;0;3;14
2025-12-08;12;2025;lunes;15:00;1;0;3;15
2025-12-08;12;2025;lunes;16:00;0;0;3;16
2025-12-08;12;2025;lunes;17:00;0;0;3;17
2025-12-08;12;2025;lunes;18:00;0;0;3;18
2025-12-08;12;2025;lunes;19:00;1;0;3;19
2025-12-08;12;2025;lunes;20:00;1;1;3;20
2025-12-08;12;2025;lunes;21:00;0;0;3;21
2025-12-08;12;2025;lunes;22:00;0;0;3;22
2025-12-08;12;2025;lunes;23:00;0;0;3;23
2025-12-09;12;2025;martes;00:00:00;1;0;3;0
2025-12-09;12;2025;martes;01:00;0;0;3;1
2025-12-09;12;2025;martes;02:00;0;0;3;2
2025-12-09;12;2025;martes;03:00;0;0;3;3
2025-12-09;12;2025;martes;04:00;0;0;3;4
2025-12-09;12;2025;martes;05:00;0;0;3;5
2025-12-09;12;2025;martes;06:00;0;0;3;6
2025-12-09;12;2025;martes;07:00;1;0;3;7
2025-12-09;12;2025;martes;08:00;0;0;2;8
2025-12-09;12;2025;martes;09:00;1;0;2;9
2025-12-09;12;2025;martes;10:00;1;1;1;10
2025-12-09;12;2025;martes;11:00;1;0;1;11
2025-12-09;12;2025;martes;12:00;1;0;1;12
2025-12-09;12;2025;martes;13:00;0;0;1;13
2025-12-09;12;2025;martes;14:00;2;0;2;14
2025-12-09;12;2025;martes;15:00;1;1;2;15
2025-12-09;12;2025;martes;16:00;0;0;2;16
2025-12-09;12;2025;martes;17:00;0;0;2;17
2025-12-09;12;2025;martes;18:00;1;0;1;18
2025-12-09;12;2025;martes;19:00;0;0;1;19
2025-12-09;12;2025;martes;20:00;0;0;1;20
2025-12-09;12;2025;martes;21:00;0;0;1;21
2025-12-09;12;2025;martes;22:00;1;0;2;22
2025-12-09;12;2025;martes;23:00;0;0;2;23
2025-12-10;12;2025;miércoles;00:00:00;0;0;3;0
2025-12-10;12;2025;miércoles;01:00;0;0;3;1
2025-12-10;12;2025;miércoles;02:00;0;0;3;2
2025-12-10;12;2025;miércoles;03:00;0;0;3;3
2025-12-10;12;2025;miércoles;04:00;1;0;3;4
2025-12-10;12;2025;miércoles;05:00;0;0;3;5
2025-12-10;12;2025;miércoles;06:00;0;0;3;6
2025-12-10;12;2025;miércoles;07:00;0;0;3;7
2025-12-10;12;2025;miércoles;08:00;1;1;2;8
2025-12-10;12;2025;miércoles;09:00;2;0;2;9
2025-12-10;12;2025;miércoles;10:00;0;0;1;10
2025-12-10;12;2025;miércoles;11:00;1;0;1;11
2025-12-10;12;2025;miércoles;12:00;0;0;1;12
2025-12-10;12;2025;miércoles;13:00;2;0;1;13
2025-12-10;12;2025;miércoles;14:00;0.513;0;2;14
2025-12-10;12;2025;miércoles;15:00;0.487;0;2;15
2025-12-10;12;2025;miércoles;16:00;0;0;2;16
2025-12-10;12;2025;miércoles;17:00;0;0;2;17
2025-12-10;12;2025;miércoles;18:00;1;0;1;18
2025-12-10;12;2025;miércoles;19:00;0;0;1;19
2025-12-10;12;2025;miércoles;20:00;0;0;1;20
2025-12-10;12;2025;miércoles;21:00;1;0;1;21
2025-12-10;12;2025;miércoles;22:00;0;0;2;22
2025-12-10;12;2025;miércoles;23:00;0;0;2;23
2025-12-11;12;2025;jueves;00:00:00;0;0;3;0
2025-12-11;12;2025;jueves;01:00;0;0;3;1
2025-12-11;12;2025;jueves;02:00;1;0;3;2
2025-12-11;12;2025;jueves;03:00;0;0;3;3
2025-12-11;12;2025;jueves;04:00;0;0;3;4
2025-12-11;12;2025;jueves;05:00;0;0;3;5
2025-12-11;12;2025;jueves;06:00;0;0;3;6
2025-12-11;12;2025;jueves;07:00;0;0;3;7
2025-12-11;12;2025;jueves;08:00;0;0;2;8
2025-12-11;12;2025;jueves;09:00;0.975;0;2;9
2025-12-11;12;2025;jueves;10:00;1.025;0;1;10
2025-12-11;12;2025;jueves;11:00;0;0;1;11
2025-12-11;12;2025;jueves;12:00;0;0;1;12
2025-12-11;12;2025;jueves;13:00;2;1;1;13
2025-12-11;12;2025;jueves;14:00;1;0;2;14
2025-12-11;12;2025;jueves;15:00;0;1;2;15
2025-12-11;12;2025;jueves;16:00;1;0;2;16
2025-12-11;12;2025;jueves;17:00;0;0;2;17
2025-12-11;12;2025;jueves;18:00;1;0;1;18
2025-12-11;12;2025;jueves;19:00;0;0;1;19
2025-12-11;12;2025;jueves;20:00;0;0;1;20
2025-12-11;12;2025;jueves;21:00;1;0;1;21
2025-12-11;12;2025;jueves;22:00;0;0;2;22
2025-12-11;12;2025;jueves;23:00;0;0;2;23
2025-12-12;12;2025;viernes;00:00:00;0;0;3;0
2025-12-12;12;2025;viernes;01:00;1;0;3;1
2025-12-12;12;2025;viernes;02:00;0;0;3;2
2025-12-12;12;2025;viernes;03:00;0;0;3;3
2025-12-12;12;2025;viernes;04:00;0;0;3;4
2025-12-12;12;2025;viernes;05:00;0;0;3;5
2025-12-12;12;2025;viernes;06:00;0;0;3;6
2025-12-12;12;2025;viernes;07:00;0;0;3;7
2025-12-12;12;2025;viernes;08:00;1;0;2;8
2025-12-12;12;2025;viernes;09:00;1;1;2;9
2025-12-12;12;2025;viernes;10:00;0;0;1;10
2025-12-12;12;2025;viernes;11:00;2;0;1;11
2025-12-12;12;2025;viernes;12:00;2;0;1;12
2025-12-12;12;2025;viernes;13:00;2;1;1;13
2025-12-12;12;2025;viernes;14:00;2;0;2;14
2025-12-12;12;2025;viernes;15:00;1;0;2;15
2025-12-12;12;2025;viernes;16:00;1;0;2;16
2025-12-12;12;2025;viernes;17:00;1;0;2;17
2025-12-12;12;2025;viernes;18:00;0;0;1;18
2025-12-12;12;2025;viernes;19:00;0;0;1;19
2025-12-12;12;2025;viernes;20:00;1;0;1;20
2025-12-12;12;2025;viernes;21:00;0;0;1;21
2025-12-12;12;2025;viernes;22:00;0;0;2;22
2025-12-12;12;2025;viernes;23:00;0;0;2;23
2025-12-13;12;2025;sábado;00:00:00;0;0;3;0
2025-12-13;12;2025;sábado;01:00;0;0;3;1
2025-12-13;12;2025;sábado;02:00;0;0;3;2
2025-12-13;12;2025;sábado;03:00;0;0;3;3
2025-12-13;12;2025;sábado;04:00;1;0;3;4
2025-12-13;12;2025;sábado;05:00;0;0;3;5
2025-12-13;12;2025;sábado;06:00;0;1;3;6
2025-12-13;12;2025;sábado;07:00;0;0;3;7
2025-12-13;12;2025;sábado;08:00;0;0;3;8
2025-12-13;12;2025;sábado;09:00;1;0;3;9
2025-12-13;12;2025;sábado;10:00;0.981;0.49;3;10
2025-12-13;12;2025;sábado;11:00;1.019;0.51;3;11
2025-12-13;12;2025;sábado;12:00;0;0;3;12
2025-12-13;12;2025;sábado;13:00;1;0;3;13
2025-12-13;12;2025;sábado;14:00;1;0;3;14
2025-12-13;12;2025;sábado;15:00;0;0;3;15
2025-12-13;12;2025;sábado;16:00;0;0;3;16
2025-12-13;12;2025;sábado;17:00;0;0;3;17
2025-12-13;12;2025;sábado;18:00;1;0;3;18
2025-12-13;12;2025;sábado;19:00;1;0;3;19
2025-12-13;12;2025;sábado;20:00;0;0;3;20
2025-12-13;12;2025;sábado;21:00;0;0;3;21
2025-12-13;12;2025;sábado;22:00;0;0;3;22
2025-12-13;12;2025;sábado;23:00;0;0;3;23
2025-12-14;12;2025;domingo;00:00:00;1;0;3;0
2025-12-14;12;2025;domingo;01:00;0;0;3;1
2025-12-14;12;2025;domingo;02:00;0;0;3;2
2025-12-14;12;2025;domingo;03:00;0;0;3;3
2025-12-14;12;2025;domingo;04:00;0;0;3;4
2025-12-14;12;2025;domingo;05:00;0;0;3;5
2025-12-14;12;2025;domingo;06:00;0;0;3;6
2025-12-14;12;2025;domingo;07:00;0;0;3;7
2025-12-14;12;2025;domingo;08:00;1;0;3;8
2025-12-14;12;2025;domingo;09:00;2;0;3;9
2025-12-14;12;2025;domingo;10:00;2;1;3;10
2025-12-14;12;2025;domingo;11:00;1;0;3;11
2025-12-14;12;2025;domingo;12:00;0;0;3;12
2025-12-14;12;2025;domingo;13:00;1.523;0;3;13
2025-12-14;12;2025;domingo;14:00;1.477;0;3;14
2025-12-14;12;2025;domingo;15:00;0;0;3;15
2025-12-14;12;2025;domingo;16:00;0;0;3;16
2025-12-14;12;2025;domingo;17:00;1;1;3;17
2025-12-14;12;2025;domingo;18:00;1;0;3;18
2025-12-14;12;2025;domingo;19:00;0;0;3;19
2025-12-14;12;2025;domingo;20:00;0;0;3;20
2025-12-14;12;2025;domingo;21:00;1;0;3;21
2025-12-14;12;2025;domingo;22:00;0;0;3;22
2025-12-14;12;2025;domingo;23:00;0;0;3;23
2025-12-15;12;2025;lunes;00:00:00;0;0;3;0
2025-12-15;12;2025;lunes;01:00;0;0;3;1
2025-12-15;12;2025;lunes;02:00;1;0;3;2
2025-12-15;12;2025;lunes;03:00;0;0;3;3
2025-12-15;12;2025;lunes;04:00;0;0;3;4
2025-12-15;12;2025;lunes;05:00;0;0;3;5
2025-12-15;12;2025;lunes;06:00;0;0;3;6
2025-12-15;12;2025;lunes;07:00;0;0;3;7
2025-12-15;12;2025;lunes;08:00;0;0;2;8
2025-12-15;12;2025;lunes;09:00;3;0;2;9
2025-12-15;12;2025;lunes;10:00;2;1;1;10
2025-12-15;12;2025;lunes;11:00;1;0;1;11
2025-12-15;12;2025;lunes;12:00;0;0;1;12
2025-12-15;12;2025;lunes;13:00;0;0;1;13
2025-12-15;12;2025;lunes;14:00;1;0;2;14
2025-12-15;12;2025;lunes;15:00;0;0;2;15
2025-12-15;12;2025;lunes;16:00;0;0;2;16
2025-12-15;12;2025;lunes;17:00;1;0;2;17
2025-12-15;12;2025;lunes;18:00;0;0;1;18
2025-12-15;12;2025;lunes;19:00;0;0;1;19
2025-12-15;12;2025;lunes;20:00;0.532;0;1;20
2025-12-15;12;2025;lunes;21:00;0.468;0;1;21
2025-12-15;12;2025;lunes;22:00;0;0;2;22
2025-12-15;12;2025;lunes;23:00;0;0;2;23
2025-12-16;12;2025;martes;00:00:00;0;0;3;0
2025-12-16;12;2025;martes;01:00;1;0;3;1
2025-12-16;12;2025;martes;02:00;0;0;3;2
2025-12-16;12;2025;martes;03:00;0;0;3;3
2025-12-16;12;2025;martes;04:00;0;0;3;4
2025-12-16;12;2025;martes;05:00;0;0;3;5
2025-12-16;12;2025;martes;06:00;0;0;3;6
2025-12-16;12;2025;martes;07:00;0;0;3;7
2025-12-16;12;2025;martes;08:00;0;0;2;8
2025-12-16;12;2025;martes;09:00;1;0;2;9
2025-12-16;12;2025;martes;10:00;2;1;1;10
2025-12-16;12;2025;martes;11:00;2;0;1;11
2025-12-16;12;2025;martes;12:00;1;0;1;12
2025-12-16;12;2025;martes;13:00;1;0;1;13
2025-12-16;12;2025;martes;14:00;2;1;2;14
2025-12-16;12;2025;martes;15:00;0;0;2;15
2025-12-16;12;2025;martes;16:00;0;0;2;16
2025-12-16;12;2025;martes;17:00;0;0;2;17
2025-12-16;12;2025;martes;18:00;2;0;1;18
2025-12-16;12;2025;martes;19:00;1;0;1;19
2025-12-16;12;2025;martes;20:00;0;0;1;20
2025-12-16;12;2025;martes;21:00;0;0;1;21
2025-12-16;12;2025;martes;22:00;1;0;2;22
2025-12-16;12;2025;martes;23:00;0;0;2;23
2025-12-17;12;2025;miércoles;00:00:00;0;0;3;0
2025-12-17;12;2025;miércoles;01:00;0;0;3;1
2025-12-17;12;2025;miércoles;02:00;0;0;3;2
2025-12-17;12;2025;miércoles;03:00;0;0;3;3
2025-12-17;12;2025;miércoles;04:00;1;0;3;4
2025-12-17;12;2025;miércoles;05:00;0;0;3;5
2025-12-17;12;2025;miércoles;06:00;0;0;3;6
2025-12-17;12;2025;miércoles;07:00;0;0;3;7
2025-12-17;12;2025;miércoles;08:00;0;1;2;8
2025-12-17;12;2025;miércoles;09:00;0;0;2;9
2025-12-17;12;2025;miércoles;10:00;1;0;1;10
2025-12-17;12;2025;miércoles;11:00;0;0;1;11
2025-12-17;12;2025;miércoles;12:00;1;0;1;12
2025-12-17;12;2025;miércoles;13:00;1;0;1;13
2025-12-17;12;2025;miércoles;14:00;1;0;2;14
2025-12-17;12;2025;miércoles;15:00;0;0;2;15
2025-12-17;12;2025;miércoles;16:00;0;0;2;16
2025-12-17;12;2025;miércoles;17:00;1;0;2;17
2025-12-17;12;2025;miércoles;18:00;0;0;1;18
2025-12-17;12;2025;miércoles;19:00;0;0;1;19
2025-12-17;12;2025;miércoles;20:00;0;0;1;20
2025-12-17;12;2025;miércoles;21:00;0;0;1;21
2025-12-17;12;2025;miércoles;22:00;0;0;2;22
2025-12-17;12;2025;miércoles;23:00;1;0;2;23
2025-12-18;12;2025;jueves;00:00:00;0;0;3;0
2025-12-18;12;2025;jueves;01:00;0;0;3;1
2025-12-18;12;2025;jueves;02:00;0;0;3;2
2025-12-18;12;2025;jueves;03:00;0;0;3;3
2025-12-18;12;2025;jueves;04:00;0;0;3;4
2025-12-18;12;2025;jueves;05:00;0;0;3;5
2025-12-18;12;2025;jueves;06:00;1;0;3;6
2025-12-18;12;2025;jueves;07:00;0;1;3;7
2025-12-18;12;2025;jueves;08:00;0;0;2;8
2025-12-18;12;2025;jueves;09:00;3;0;2;9
2025-12-18;12;2025;jueves;10:00;0;0;1;10
2025-12-18;12;2025;jueves;11:00;0;0;1;11
2025-12-18;12;2025;jueves;12:00;1;0;1;12
2025-12-18;12;2025;jueves;13:00;2;0;1;13
2025-12-18;12;2025;jueves;14:00;2;1;2;14
2025-12-18;12;2025;jueves;15:00;0;0;2;15
2025-12-18;12;2025;jueves;16:00;0;0;2;16
2025-12-18;12;2025;jueves;17:00;1;0;2;17
2025-12-18;12;2025;jueves;18:00;0;0;1;18
2025-12-18;12;2025;jueves;19:00;1;0;1;19
2025-12-18;12;2025;jueves;20:00;0;0;1;20
2025-12-18;12;2025;jueves;21:00;0;0;1;21
2025-12-18;12;2025;jueves;22:00;1;0;2;22
2025-12-18;12;2025;jueves;23:00;0;0;2;23
2025-12-19;12;2025;viernes;00:00:00;0;0;3;0
2025-12-19;12;2025;viernes;01:00;0;0;3;1
2025-12-19;12;2025;viernes;02:00;0;0;3;2
2025-12-19;12;2025;viernes;03:00;0;0;3;3
2025-12-19;12;2025;viernes;04:00;0;0;3;4
2025-12-19;12;2025;viernes;05:00;1;0;3;5
2025-12-19;12;2025;viernes;06:00;0;0;3;6
2025-12-19;12;2025;viernes;07:00;0;0;3;7
2025-12-19;12;2025;viernes;08:00;0;0;2;8
2025-12-19;12;2025;viernes;09:00;0;0;2;9
2025-12-19;12;2025;viernes;10:00;1;1;1;10
2025-12-19;12;2025;viernes;11:00;1;0;1;11
2025-12-19;12;2025;viernes;12:00;0;0;1;12
2025-12-19;12;2025;viernes;13:00;2;0;1;13
2025-12-19;12;2025;viernes;14:00;0.52;0;2;14
2025-12-19;12;2025;viernes;15:00;0.48;0;2;15
2025-12-19;12;2025;viernes;16:00;0;0;2;16
2025-12-19;12;2025;viernes;17:00;0;0;2;17
2025-12-19;12;2025;viernes;18:00;0;0;1;18
2025-12-19;12;2025;viernes;19:00;0;0;1;19
2025-12-19;12;2025;viernes;20:00;1;0;1;20
2025-12-19;12;2025;viernes;21:00;0;1;1;21
2025-12-19;12;2025;viernes;22:00;0;0;2;22
2025-12-19;12;2025;viernes;23:00;1;0;2;23
2025-12-20;12;2025;sábado;00:00:00;0;0;3;0
2025-12-20;12;2025;sábado;01:00;0;0;3;1
2025-12-20;12;2025;sábado;02:00;0;0;3;2
2025-12-20;12;2025;sábado;03:00;0;0;3;3
2025-12-20;12;2025;sábado;04:00;0;0;3;4
2025-12-20;12;2025;sábado;05:00;0;0;3;5
2025-12-20;12;2025;sábado;06:00;0;0;3;6
2025-12-20;12;2025;sábado;07:00;1;0;3;7
2025-12-20;12;2025;sábado;08:00;0;0;3;8
2025-12-20;12;2025;sábado;09:00;0;0;3;9
2025-12-20;12;2025;sábado;10:00;1;0;3;10
2025-12-20;12;2025;sábado;11:00;0;0;3;11
2025-12-20;12;2025;sábado;12:00;0;0;3;12
2025-12-20;12;2025;sábado;13:00;1;0;3;13
2025-12-20;12;2025;sábado;14:00;1;0;3;14
2025-12-20;12;2025;sábado;15:00;0;0;3;15
2025-12-20;12;2025;sábado;16:00;0;0;3;16
2025-12-20;12;2025;sábado;17:00;0;0;3;17
2025-12-20;12;2025;sábado;18:00;0;0;3;18
2025-12-20;12;2025;sábado;19:00;1;0;3;19
2025-12-20;12;2025;sábado;20:00;0;0;3;20
2025-12-20;12;2025;sábado;21:00;1;0;3;21
2025-12-20;12;2025;sábado;22:00;0;0;3;22
2025-12-20;12;2025;sábado;23:00;0;0;3;23
2025-12-21;12;2025;domingo;00:00:00;0;0;3;0
2025-12-21;12;2025;domingo;01:00;0;0;3;1
2025-12-21;12;2025;domingo;02:00;0;0;3;2
2025-12-21;12;2025;domingo;03:00;0;0;3;3
2025-12-21;12;2025;domingo;04:00;1;1;3;4
2025-12-21;12;2025;domingo;05:00;0;0;3;5
2025-12-21;12;2025;domingo;06:00;0;0;3;6
2025-12-21;12;2025;domingo;07:00;0;0;3;7
2025-12-21;12;2025;domingo;08:00;0;0;3;8
2025-12-21;12;2025;domingo;09:00;0;0;3;9
2025-12-21;12;2025;domingo;10:00;1;0;3;10
2025-12-21;12;2025;domingo;11:00;0;0;3;11
2025-12-21;12;2025;domingo;12:00;1.005;0;3;12
2025-12-21;12;2025;domingo;13:00;1.012;0;3;13
2025-12-21;12;2025;domingo;14:00;0.982;0;3;14
2025-12-21;12;2025;domingo;15:00;0;0;3;15
2025-12-21;12;2025;domingo;16:00;0;0;3;16
2025-12-21;12;2025;domingo;17:00;0;0;3;17
2025-12-21;12;2025;domingo;18:00;0;0;3;18
2025-12-21;12;2025;domingo;19:00;0;0;3;19
2025-12-21;12;2025;domingo;20:00;1;0;3;20
2025-12-21;12;2025;domingo;21:00;0;0;3;21
2025-12-21;12;2025;domingo;22:00;0;0;3;22
2025-12-21;12;2025;domingo;23:00;0;0;3;23
2025-12-22;12;2025;lunes;00:00:00;0;0;3;0
2025-12-22;12;2025;lunes;01:00;0;0;3;1
2025-12-22;12;2025;lunes;02:00;1;0;3;2
2025-12-22;12;2025;lunes;03:00;0;0;3;3
2025-12-22;12;2025;lunes;04:00;0;0;3;4
2025-12-22;12;2025;lunes;05:00;0;0;3;5
2025-12-22;12;2025;lunes;06:00;0;0;3;6
2025-12-22;12;2025;lunes;07:00;0;0;3;7
2025-12-22;12;2025;lunes;08:00;0;0;2;8
2025-12-22;12;2025;lunes;09:00;1;0;2;9
2025-12-22;12;2025;lunes;10:00;2;1;1;10
2025-12-22;12;2025;lunes;11:00;0;0;1;11
2025-12-22;12;2025;lunes;12:00;0;0;1;12
2025-12-22;12;2025;lunes;13:00;2;0;1;13
2025-12-22;12;2025;lunes;14:00;1.028;0;2;14
2025-12-22;12;2025;lunes;15:00;0.972;0;2;15
2025-12-22;12;2025;lunes;16:00;0;1;2;16
2025-12-22;12;2025;lunes;17:00;0;0;2;17
2025-12-22;12;2025;lunes;18:00;1;0;1;18
2025-12-22;12;2025;lunes;19:00;1;0;1;19
2025-12-22;12;2025;lunes;20:00;1;0;1;20
2025-12-22;12;2025;lunes;21:00;1;0;1;21
2025-12-22;12;2025;lunes;22:00;0;0;2;22
2025-12-22;12;2025;lunes;23:00;1;0;2;23
2025-12-23;12;2025;martes;00:00:00;1;0;3;0
2025-12-23;12;2025;martes;01:00;1;0;3;1
2025-12-23;12;2025;martes;02:00;0;0;3;2
2025-12-23;12;2025;martes;03:00;1;0;3;3
2025-12-23;12;2025;martes;04:00;1;0;3;4
2025-12-23;12;2025;martes;05:00;1;0;3;5
2025-12-23;12;2025;martes;06:00;0;0;3;6
2025-12-23;12;2025;martes;07:00;1;0;3;7
2025-12-23;12;2025;martes;08:00;0;0;2;8
2025-12-23;12;2025;martes;09:00;1;0;2;9
2025-12-23;12;2025;martes;10:00;1;0;1;10
2025-12-23;12;2025;martes;11:00;2;0;1;11
2025-12-23;12;2025;martes;12:00;1;0;1;12
2025-12-23;12;2025;martes;13:00;1;0;1;13
2025-12-23;12;2025;martes;14:00;1;0;2;14
2025-12-23;12;2025;martes;15:00;1;0;2;15
2025-12-23;12;2025;martes;16:00;1;0;2;16
2025-12-23;12;2025;martes;17:00;0;0;2;17
2025-12-23;12;2025;martes;18:00;1;0;1;18
2025-12-23;12;2025;martes;19:00;0;0;1;19
2025-12-23;12;2025;martes;20:00;0;0;1;20
2025-12-23;12;2025;martes;21:00;1;0;1;21
2025-12-23;12;2025;martes;22:00;0;0;2;22
2025-12-23;12;2025;martes;23:00;0;0;2;23
2025-12-24;12;2025;miércoles;00:00:00;0;0;3;0
2025-12-24;12;2025;miércoles;01:00;0;0;3;1
2025-12-24;12;2025;miércoles;02:00;1;0;3;2
2025-12-24;12;2025;miércoles;03:00;0;0;3;3
2025-12-24;12;2025;miércoles;04:00;0;0;3;4
2025-12-24;12;2025;miércoles;05:00;0;0;3;5
2025-12-24;12;2025;miércoles;06:00;0;1;3;6
2025-12-24;12;2025;miércoles;07:00;0;0;3;7
2025-12-24;12;2025;miércoles;08:00;0;0;2;8
2025-12-24;12;2025;miércoles;09:00;1;0;2;9
2025-12-24;12;2025;miércoles;10:00;0;0;1;10
2025-12-24;12;2025;miércoles;11:00;0;0;1;11
2025-12-24;12;2025;miércoles;12:00;1;0;1;12
2025-12-24;12;2025;miércoles;13:00;2;0;1;13
2025-12-24;12;2025;miércoles;14:00;1;1;2;14
2025-12-24;12;2025;miércoles;15:00;0;0;2;15
2025-12-24;12;2025;miércoles;16:00;1;0;2;16
2025-12-24;12;2025;miércoles;17:00;2;0;2;17
2025-12-24;12;2025;miércoles;18:00;3;0;1;18
2025-12-24;12;2025;miércoles;19:00;4;0;1;19
2025-12-24;12;2025;miércoles;20:00;2;0;1;20
2025-12-24;12;2025;miércoles;21:00;0;0;1;21
2025-12-24;12;2025;miércoles;22:00;1;0;2;22
2025-12-24;12;2025;miércoles;23:00;0;0;2;23
2025-12-25;12;2025;jueves;00:00:00;0.639;0.16;3;0
2025-12-25;12;2025;jueves;01:00;0.596;0.149;3;1
2025-12-25;12;2025;jueves;02:00;0;0;3;2
2025-12-25;12;2025;jueves;03:00;0;0;3;3
2025-12-25;12;2025;jueves;04:00;1;0;3;4
2025-12-25;12;2025;jueves;05:00;0;0;3;5
2025-12-25;12;2025;jueves;06:00;0;0;3;6
2025-12-25;12;2025;jueves;07:00;0;0;3;7
2025-12-25;12;2025;jueves;08:00;0;0;3;8
2025-12-25;12;2025;jueves;09:00;2;0;3;9
2025-12-25;12;2025;jueves;10:00;1;0;3;10
2025-12-25;12;2025;jueves;11:00;0.684;0.171;3;11
2025-12-25;12;2025;jueves;12:00;0.714;0.179;3;12
2025-12-25;12;2025;jueves;13:00;2;0;3;13
2025-12-25;12;2025;jueves;14:00;0.698;0.174;3;14
2025-12-25;12;2025;jueves;15:00;0.67;0.167;3;15
2025-12-25;12;2025;jueves;16:00;0;0;3;16
2025-12-25;12;2025;jueves;17:00;0;0;3;17
2025-12-25;12;2025;jueves;18:00;0;0;3;18
2025-12-25;12;2025;jueves;19:00;0;0;3;19
2025-12-25;12;2025;jueves;20:00;0;0;3;20
2025-12-25;12;2025;jueves;21:00;1;0;3;21
2025-12-25;12;2025;jueves;22:00;0;0;3;22
2025-12-25;12;2025;jueves;23:00;0;0;3;23
2025-12-26;12;2025;viernes;00:00:00;1;0;3;0
2025-12-26;12;2025;viernes;01:00;0;0;3;1
2025-12-26;12;2025;viernes;02:00;0;0;3;2
2025-12-26;12;2025;viernes;03:00;0;0;3;3
2025-12-26;12;2025;viernes;04:00;0;0;3;4
2025-12-26;12;2025;viernes;05:00;0;0;3;5
2025-12-26;12;2025;viernes;06:00;0;0;3;6
2025-12-26;12;2025;viernes;07:00;0;0;3;7
2025-12-26;12;2025;viernes;08:00;1;0;2;8
2025-12-26;12;2025;viernes;09:00;0;0;2;9
2025-12-26;12;2025;viernes;10:00;2;0;1;10
2025-12-26;12;2025;viernes;11:00;0;0;1;11
2025-12-26;12;2025;viernes;12:00;0;0;1;12
2025-12-26;12;2025;viernes;13:00;1;0;1;13
2025-12-26;12;2025;viernes;14:00;1;0;2;14
2025-12-26;12;2025;viernes;15:00;2;1;2;15
2025-12-26;12;2025;viernes;16:00;0;0;2;16
2025-12-26;12;2025;viernes;17:00;0;0;2;17
2025-12-26;12;2025;viernes;18:00;0;0;1;18
2025-12-26;12;2025;viernes;19:00;1;0;1;19
2025-12-26;12;2025;viernes;20:00;0;0;1;20
2025-12-26;12;2025;viernes;21:00;0;0;1;21
2025-12-26;12;2025;viernes;22:00;1;0;2;22
2025-12-26;12;2025;viernes;23:00;0;0;2;23
2025-12-27;12;2025;sábado;00:00:00;0;0;3;0
2025-12-27;12;2025;sábado;01:00;0;0;3;1
2025-12-27;12;2025;sábado;02:00;0;0;3;2
2025-12-27;12;2025;sábado;03:00;0;0;3;3
2025-12-27;12;2025;sábado;04:00;0;0;3;4
2025-12-27;12;2025;sábado;05:00;0;0;3;5
2025-12-27;12;2025;sábado;06:00;1;1;3;6
2025-12-27;12;2025;sábado;07:00;0;0;3;7
2025-12-27;12;2025;sábado;08:00;0;0;3;8
2025-12-27;12;2025;sábado;09:00;0;0;3;9
2025-12-27;12;2025;sábado;10:00;1;0;3;10
2025-12-27;12;2025;sábado;11:00;3;0;3;11
2025-12-27;12;2025;sábado;12:00;1;0;3;12
2025-12-27;12;2025;sábado;13:00;2;1;3;13
2025-12-27;12;2025;sábado;14:00;1;0;3;14
2025-12-27;12;2025;sábado;15:00;0;0;3;15
2025-12-27;12;2025;sábado;16:00;0;0;3;16
2025-12-27;12;2025;sábado;17:00;0;0;3;17
2025-12-27;12;2025;sábado;18:00;2;0;3;18
2025-12-27;12;2025;sábado;19:00;2;0;3;19
2025-12-27;12;2025;sábado;20:00;1;0;3;20
2025-12-27;12;2025;sábado;21:00;1;0;3;21
2025-12-27;12;2025;sábado;22:00;0;0;3;22
2025-12-27;12;2025;sábado;23:00;1;0;3;23
2025-12-28;12;2025;domingo;00:00:00;0;0;3;0
2025-12-28;12;2025;domingo;01:00;0;0;3;1
2025-12-28;12;2025;domingo;02:00;0;0;3;2
2025-12-28;12;2025;domingo;03:00;0;0;3;3
2025-12-28;12;2025;domingo;04:00;0;0;3;4
2025-12-28;12;2025;domingo;05:00;0;0;3;5
2025-12-28;12;2025;domingo;06:00;1;0;3;6
2025-12-28;12;2025;domingo;07:00;0;0;3;7
2025-12-28;12;2025;domingo;08:00;0.7;0;3;8
2025-12-28;12;2025;domingo;09:00;0.711;0;3;9
2025-12-28;12;2025;domingo;10:00;0.771;0;3;10
2025-12-28;12;2025;domingo;11:00;0.817;0;3;11
2025-12-28;12;2025;domingo;12:00;3;0;3;12
2025-12-28;12;2025;domingo;13:00;2;0;3;13
2025-12-28;12;2025;domingo;14:00;3;0;3;14
2025-12-28;12;2025;domingo;15:00;0;0;3;15
2025-12-28;12;2025;domingo;16:00;0;0;3;16
2025-12-28;12;2025;domingo;17:00;2;0;3;17
2025-12-28;12;2025;domingo;18:00;0;0;3;18
2025-12-28;12;2025;domingo;19:00;1;0;3;19
2025-12-28;12;2025;domingo;20:00;0;0;3;20
2025-12-28;12;2025;domingo;21:00;0;1;3;21
2025-12-28;12;2025;domingo;22:00;1;0;3;22
2025-12-28;12;2025;domingo;23:00;1;0;3;23
2025-12-29;12;2025;lunes;00:00:00;0;0;3;0
2025-12-29;12;2025;lunes;01:00;0;0;3;1
2025-12-29;12;2025;lunes;02:00;0;0;3;2
2025-12-29;12;2025;lunes;03:00;0;0;3;3
2025-12-29;12;2025;lunes;04:00;0;0;3;4
2025-12-29;12;2025;lunes;05:00;0;0;3;5
2025-12-29;12;2025;lunes;06:00;1;0;3;6
2025-12-29;12;2025;lunes;07:00;0;0;3;7
2025-12-29;12;2025;lunes;08:00;0;0;2;8
2025-12-29;12;2025;lunes;09:00;3;0;2;9
2025-12-29;12;2025;lunes;10:00;1;0;1;10
2025-12-29;12;2025;lunes;11:00;1.51;0;1;11
2025-12-29;12;2025;lunes;12:00;1.49;0;1;12
2025-12-29;12;2025;lunes;13:00;1;1;1;13
2025-12-29;12;2025;lunes;14:00;2;0;2;14
2025-12-29;12;2025;lunes;15:00;0;0;2;15
2025-12-29;12;2025;lunes;16:00;0;0;2;16
2025-12-29;12;2025;lunes;17:00;0;0;2;17
2025-12-29;12;2025;lunes;18:00;1;0;1;18
2025-12-29;12;2025;lunes;19:00;0;0;1;19
2025-12-29;12;2025;lunes;20:00;0;0;1;20
2025-12-29;12;2025;lunes;21:00;1;0;1;21
2025-12-29;12;2025;lunes;22:00;1;0;2;22
2025-12-29;12;2025;lunes;23:00;0;0;2;23
2025-12-30;12;2025;martes;00:00:00;0;0;3;0
2025-12-30;12;2025;martes;01:00;0;0;3;1
2025-12-30;12;2025;martes;02:00;0;0;3;2
2025-12-30;12;2025;martes;03:00;1;0;3;3
2025-12-30;12;2025;martes;04:00;0;0;3;4
2025-12-30;12;2025;martes;05:00;0;0;3;5
2025-12-30;12;2025;martes;06:00;0;0;3;6
2025-12-30;12;2025;martes;07:00;0;0;3;7
2025-12-30;12;2025;martes;08:00;0;0;2;8
2025-12-30;12;2025;martes;09:00;3;0;2;9
2025-12-30;12;2025;martes;10:00;2.5;0;1;10
2025-12-30;12;2025;martes;11:00;2.5;0;1;11
2025-12-30;12;2025;martes;12:00;0;0;1;12
2025-12-30;12;2025;martes;13:00;0;0;1;13
2025-12-30;12;2025;martes;14:00;1;0;2;14
2025-12-30;12;2025;martes;15:00;0;0;2;15
2025-12-30;12;2025;martes;16:00;0;0;2;16
2025-12-30;12;2025;martes;17:00;1;0;2;17
2025-12-30;12;2025;martes;18:00;0;0;1;18
2025-12-30;12;2025;martes;19:00;0;0;1;19
2025-12-30;12;2025;martes;20:00;1;0;1;20
2025-12-30;12;2025;martes;21:00;0;1;1;21
2025-12-30;12;2025;martes;22:00;1;0;2;22
2025-12-30;12;2025;martes;23:00;0;0;2;23
2025-12-31;12;2025;miércoles;00:00:00;0;0;3;0
2025-12-31;12;2025;miércoles;01:00;0;0;3;1
2025-12-31;12;2025;miércoles;02:00;0;0;3;2
2025-12-31;12;2025;miércoles;03:00;0;0;3;3
2025-12-31;12;2025;miércoles;04:00;0;0;3;4
2025-12-31;12;2025;miércoles;05:00;1;0;3;5
2025-12-31;12;2025;miércoles;06:00;0;0;3;6
2025-12-31;12;2025;miércoles;07:00;0;0;3;7
2025-12-31;12;2025;miércoles;08:00;0;0;2;8
2025-12-31;12;2025;miércoles;09:00;1;0;2;9
2025-12-31;12;2025;miércoles;10:00;1;0;1;10
2025-12-31;12;2025;miércoles;11:00;1;0;1;11
2025-12-31;12;2025;miércoles;12:00;1;0;1;12
2025-12-31;12;2025;miércoles;13:00;2;0;1;13
2025-12-31;12;2025;miércoles;14:00;1;0;2;14
2025-12-31;12;2025;miércoles;15:00;0;0;2;15
2025-12-31;12;2025;miércoles;16:00;0;0;2;16
2025-12-31;12;2025;miércoles;17:00;1;0;2;17
2025-12-31;12;2025;miércoles;18:00;0;0;1;18
2025-12-31;12;2025;miércoles;19:00;2;0;1;19
2025-12-31;12;2025;miércoles;20:00;2;0;1;20
2025-12-31;12;2025;miércoles;21:00;0;0;1;21
2025-12-31;12;2025;miércoles;22:00;1;0;2;22
2025-12-31;12;2025;miércoles;23:00;0;0;2;23
